zone,local_year,season,local_hour,mean_price,median_price,share_at_or_below_zero,covered_hours,is_partial_year,partial_reason
BE,2019,autumn,0,32.44,32.86,0.0000,91.00,false,
BE,2019,autumn,1,30.67,29.96,0.0000,91.00,false,
BE,2019,autumn,2,28.29,27.41,0.0109,92.00,false,
BE,2019,autumn,3,26.13,26.32,0.0220,91.00,false,
BE,2019,autumn,4,25.57,26.04,0.0220,91.00,false,
BE,2019,autumn,5,28.26,28.23,0.0000,91.00,false,
BE,2019,autumn,6,35.90,38.40,0.0000,91.00,false,
BE,2019,autumn,7,42.84,46.04,0.0000,91.00,false,
BE,2019,autumn,8,45.15,47.97,0.0000,91.00,false,
BE,2019,autumn,9,46.13,47.96,0.0000,91.00,false,
BE,2019,autumn,10,43.96,45.62,0.0000,91.00,false,
BE,2019,autumn,11,42.08,42.70,0.0000,91.00,false,
BE,2019,autumn,12,38.95,39.10,0.0000,91.00,false,
BE,2019,autumn,13,37.73,37.80,0.0000,91.00,false,
BE,2019,autumn,14,36.90,36.65,0.0110,91.00,false,
BE,2019,autumn,15,38.18,36.34,0.0000,91.00,false,
BE,2019,autumn,16,39.75,38.88,0.0000,91.00,false,
BE,2019,autumn,17,45.71,45.14,0.0000,91.00,false,
BE,2019,autumn,18,49.88,50.09,0.0000,91.00,false,
BE,2019,autumn,19,50.15,49.78,0.0000,91.00,false,
BE,2019,autumn,20,46.63,47.51,0.0000,91.00,false,
BE,2019,autumn,21,40.64,41.00,0.0000,91.00,false,
BE,2019,autumn,22,38.61,39.02,0.0000,91.00,false,
BE,2019,autumn,23,33.96,34.35,0.0000,91.00,false,
BE,2019,spring,0,36.06,36.71,0.0000,92.00,false,
BE,2019,spring,1,33.51,34.91,0.0000,92.00,false,
BE,2019,spring,2,32.13,34.25,0.0000,91.00,false,
BE,2019,spring,3,30.02,32.72,0.0109,92.00,false,
BE,2019,spring,4,29.57,32.99,0.0217,92.00,false,
BE,2019,spring,5,31.75,34.56,0.0109,92.00,false,
BE,2019,spring,6,37.80,39.70,0.0000,92.00,false,
BE,2019,spring,7,42.76,45.63,0.0109,92.00,false,
BE,2019,spring,8,45.67,47.23,0.0000,92.00,false,
BE,2019,spring,9,44.18,46.36,0.0000,92.00,false,
BE,2019,spring,10,41.66,43.95,0.0000,92.00,false,
BE,2019,spring,11,39.33,40.83,0.0109,92.00,false,
BE,2019,spring,12,37.20,38.49,0.0109,92.00,false,
BE,2019,spring,13,34.78,36.82,0.0109,92.00,false,
BE,2019,spring,14,32.44,35.17,0.0435,92.00,false,
BE,2019,spring,15,31.48,34.97,0.0543,92.00,false,
BE,2019,spring,16,32.48,35.47,0.0217,92.00,false,
BE,2019,spring,17,37.02,39.26,0.0109,92.00,false,
BE,2019,spring,18,42.69,43.54,0.0000,92.00,false,
BE,2019,spring,19,46.92,47.10,0.0000,92.00,false,
BE,2019,spring,20,45.21,45.97,0.0000,92.00,false,
BE,2019,spring,21,42.40,43.52,0.0000,92.00,false,
BE,2019,spring,22,42.25,42.47,0.0000,92.00,false,
BE,2019,spring,23,38.99,39.49,0.0000,92.00,false,
BE,2019,summer,0,31.23,33.65,0.0109,92.00,false,
BE,2019,summer,1,28.27,30.43,0.0109,92.00,false,
BE,2019,summer,2,23.19,28.70,0.0109,92.00,false,
BE,2019,summer,3,24.10,26.76,0.0217,92.00,false,
BE,2019,summer,4,23.24,26.49,0.0109,92.00,false,
BE,2019,summer,5,21.70,28.00,0.0217,92.00,false,
BE,2019,summer,6,26.82,31.96,0.0217,92.00,false,
BE,2019,summer,7,34.05,39.58,0.0217,92.00,false,
BE,2019,summer,8,38.73,42.66,0.0109,92.00,false,
BE,2019,summer,9,38.58,39.94,0.0109,92.00,false,
BE,2019,summer,10,35.69,37.43,0.0109,92.00,false,
BE,2019,summer,11,34.76,36.06,0.0217,92.00,false,
BE,2019,summer,12,32.50,34.89,0.0326,92.00,false,
BE,2019,summer,13,30.18,33.29,0.0326,92.00,false,
BE,2019,summer,14,28.49,32.21,0.0435,92.00,false,
BE,2019,summer,15,29.15,32.29,0.0435,92.00,false,
BE,2019,summer,16,30.29,32.25,0.0217,92.00,false,
BE,2019,summer,17,33.14,35.00,0.0109,92.00,false,
BE,2019,summer,18,38.52,39.64,0.0109,92.00,false,
BE,2019,summer,19,44.37,43.98,0.0109,92.00,false,
BE,2019,summer,20,44.30,43.29,0.0109,92.00,false,
BE,2019,summer,21,42.35,41.51,0.0000,92.00,false,
BE,2019,summer,22,42.27,41.89,0.0000,92.00,false,
BE,2019,summer,23,37.18,37.40,0.0000,92.00,false,
BE,2019,winter,0,42.40,42.80,0.0112,89.00,false,
BE,2019,winter,1,39.47,41.10,0.0111,90.00,false,
BE,2019,winter,2,37.65,39.80,0.0000,90.00,false,
BE,2019,winter,3,34.89,36.32,0.0111,90.00,false,
BE,2019,winter,4,34.12,36.65,0.0222,90.00,false,
BE,2019,winter,5,36.07,39.45,0.0111,90.00,false,
BE,2019,winter,6,43.55,48.13,0.0111,90.00,false,
BE,2019,winter,7,51.21,54.43,0.0111,90.00,false,
BE,2019,winter,8,54.89,54.91,0.0000,90.00,false,
BE,2019,winter,9,56.48,55.85,0.0000,90.00,false,
BE,2019,winter,10,55.69,55.03,0.0000,90.00,false,
BE,2019,winter,11,53.74,53.01,0.0000,90.00,false,
BE,2019,winter,12,51.11,49.84,0.0000,90.00,false,
BE,2019,winter,13,49.97,48.47,0.0000,90.00,false,
BE,2019,winter,14,48.95,46.64,0.0000,90.00,false,
BE,2019,winter,15,48.82,47.24,0.0000,90.00,false,
BE,2019,winter,16,51.22,49.91,0.0000,90.00,false,
BE,2019,winter,17,58.36,55.72,0.0000,90.00,false,
BE,2019,winter,18,59.63,56.90,0.0000,90.00,false,
BE,2019,winter,19,57.26,55.63,0.0000,90.00,false,
BE,2019,winter,20,51.99,51.35,0.0000,90.00,false,
BE,2019,winter,21,46.93,46.76,0.0000,90.00,false,
BE,2019,winter,22,47.03,47.59,0.0000,90.00,false,
BE,2019,winter,23,44.27,44.66,0.0000,90.00,false,
BE,2020,autumn,0,35.41,35.10,0.0000,91.00,false,
BE,2020,autumn,1,32.14,32.86,0.0000,91.00,false,
BE,2020,autumn,2,30.03,32.17,0.0217,92.00,false,
BE,2020,autumn,3,27.77,30.19,0.0330,91.00,false,
BE,2020,autumn,4,27.45,29.91,0.0330,91.00,false,
BE,2020,autumn,5,30.31,32.10,0.0110,91.00,false,
BE,2020,autumn,6,38.12,39.82,0.0000,91.00,false,
BE,2020,autumn,7,46.32,47.72,0.0000,91.00,false,
BE,2020,autumn,8,50.19,49.01,0.0000,91.00,false,
BE,2020,autumn,9,48.90,48.43,0.0000,91.00,false,
BE,2020,autumn,10,45.46,45.92,0.0000,91.00,false,
BE,2020,autumn,11,42.90,44.46,0.0000,91.00,false,
BE,2020,autumn,12,40.41,42.04,0.0000,91.00,false,
BE,2020,autumn,13,38.28,39.00,0.0110,91.00,false,
BE,2020,autumn,14,37.65,38.38,0.0000,91.00,false,
BE,2020,autumn,15,39.13,39.58,0.0000,91.00,false,
BE,2020,autumn,16,41.41,41.83,0.0000,91.00,false,
BE,2020,autumn,17,48.96,48.64,0.0000,91.00,false,
BE,2020,autumn,18,53.83,51.97,0.0000,91.00,false,
BE,2020,autumn,19,59.84,52.00,0.0000,91.00,false,
BE,2020,autumn,20,51.65,49.44,0.0000,91.00,false,
BE,2020,autumn,21,43.52,43.54,0.0000,91.00,false,
BE,2020,autumn,22,41.22,41.97,0.0000,91.00,false,
BE,2020,autumn,23,37.07,36.95,0.0000,91.00,false,
BE,2020,spring,0,19.16,20.00,0.0000,92.00,false,
BE,2020,spring,1,17.21,18.43,0.0109,92.00,false,
BE,2020,spring,2,15.98,16.78,0.0110,91.00,false,
BE,2020,spring,3,14.58,15.97,0.0217,92.00,false,
BE,2020,spring,4,14.26,15.72,0.0217,92.00,false,
BE,2020,spring,5,15.39,16.77,0.0326,92.00,false,
BE,2020,spring,6,18.48,19.79,0.0217,92.00,false,
BE,2020,spring,7,21.67,22.55,0.0217,92.00,false,
BE,2020,spring,8,22.82,23.60,0.0217,92.00,false,
BE,2020,spring,9,20.71,20.92,0.0217,92.00,false,
BE,2020,spring,10,17.57,19.01,0.0543,92.00,false,
BE,2020,spring,11,15.24,17.43,0.0652,92.00,false,
BE,2020,spring,12,13.21,17.63,0.0870,92.00,false,
BE,2020,spring,13,11.22,16.00,0.1196,92.00,false,
BE,2020,spring,14,8.90,15.00,0.1522,92.00,false,
BE,2020,spring,15,9.34,14.04,0.1413,92.00,false,
BE,2020,spring,16,12.08,14.86,0.1087,92.00,false,
BE,2020,spring,17,17.37,17.10,0.0326,92.00,false,
BE,2020,spring,18,23.79,21.59,0.0000,92.00,false,
BE,2020,spring,19,28.05,25.84,0.0000,92.00,false,
BE,2020,spring,20,26.40,26.18,0.0000,92.00,false,
BE,2020,spring,21,24.54,24.68,0.0000,92.00,false,
BE,2020,spring,22,24.02,24.23,0.0000,92.00,false,
BE,2020,spring,23,21.89,22.43,0.0000,92.00,false,
BE,2020,summer,0,30.57,32.03,0.0000,92.00,false,
BE,2020,summer,1,26.47,27.99,0.0000,92.00,false,
BE,2020,summer,2,24.57,26.17,0.0109,92.00,false,
BE,2020,summer,3,23.27,25.30,0.0217,92.00,false,
BE,2020,summer,4,22.87,25.11,0.0217,92.00,false,
BE,2020,summer,5,24.04,26.48,0.0217,92.00,false,
BE,2020,summer,6,28.03,29.79,0.0109,92.00,false,
BE,2020,summer,7,32.63,35.37,0.0109,92.00,false,
BE,2020,summer,8,34.36,37.18,0.0109,92.00,false,
BE,2020,summer,9,33.51,35.99,0.0109,92.00,false,
BE,2020,summer,10,30.86,32.74,0.0109,92.00,false,
BE,2020,summer,11,29.63,31.61,0.0217,92.00,false,
BE,2020,summer,12,27.64,27.70,0.0109,92.00,false,
BE,2020,summer,13,25.83,26.82,0.0326,92.00,false,
BE,2020,summer,14,23.95,22.78,0.0543,92.00,false,
BE,2020,summer,15,24.22,24.99,0.0543,92.00,false,
BE,2020,summer,16,25.92,26.82,0.0217,92.00,false,
BE,2020,summer,17,31.44,32.81,0.0109,92.00,false,
BE,2020,summer,18,36.96,37.03,0.0000,92.00,false,
BE,2020,summer,19,41.15,40.75,0.0000,92.00,false,
BE,2020,summer,20,40.71,40.01,0.0000,92.00,false,
BE,2020,summer,21,38.79,39.45,0.0000,92.00,false,
BE,2020,summer,22,37.96,38.78,0.0000,92.00,false,
BE,2020,summer,23,33.40,34.47,0.0000,92.00,false,
BE,2020,winter,0,31.00,31.35,0.0000,91.00,false,
BE,2020,winter,1,29.15,30.25,0.0000,91.00,false,
BE,2020,winter,2,27.44,28.33,0.0110,91.00,false,
BE,2020,winter,3,24.78,25.71,0.0330,91.00,false,
BE,2020,winter,4,24.11,25.72,0.0330,91.00,false,
BE,2020,winter,5,26.40,27.44,0.0220,91.00,false,
BE,2020,winter,6,31.87,31.69,0.0220,91.00,false,
BE,2020,winter,7,40.08,40.25,0.0110,91.00,false,
BE,2020,winter,8,44.51,43.43,0.0000,91.00,false,
BE,2020,winter,9,46.40,44.33,0.0000,91.00,false,
BE,2020,winter,10,45.39,42.52,0.0000,91.00,false,
BE,2020,winter,11,43.87,40.81,0.0000,91.00,false,
BE,2020,winter,12,42.69,39.47,0.0000,91.00,false,
BE,2020,winter,13,40.90,38.01,0.0000,91.00,false,
BE,2020,winter,14,39.60,36.80,0.0000,91.00,false,
BE,2020,winter,15,40.09,37.13,0.0000,91.00,false,
BE,2020,winter,16,41.88,39.00,0.0000,91.00,false,
BE,2020,winter,17,48.37,44.68,0.0000,91.00,false,
BE,2020,winter,18,50.65,46.72,0.0000,91.00,false,
BE,2020,winter,19,47.73,45.22,0.0000,91.00,false,
BE,2020,winter,20,41.18,40.25,0.0000,91.00,false,
BE,2020,winter,21,35.82,34.37,0.0000,91.00,false,
BE,2020,winter,22,36.13,34.83,0.0000,91.00,false,
BE,2020,winter,23,33.92,33.00,0.0000,91.00,false,
BE,2021,autumn,0,149.91,148.14,0.0110,91.00,false,
BE,2021,autumn,1,138.04,134.87,0.0110,91.00,false,
BE,2021,autumn,2,129.45,125.39,0.0217,92.00,false,
BE,2021,autumn,3,120.71,115.53,0.0330,91.00,false,
BE,2021,autumn,4,118.93,115.38,0.0330,91.00,false,
BE,2021,autumn,5,128.84,128.85,0.0220,91.00,false,
BE,2021,autumn,6,161.00,166.50,0.0110,91.00,false,
BE,2021,autumn,7,189.74,191.90,0.0000,91.00,false,
BE,2021,autumn,8,200.98,200.00,0.0000,91.00,false,
BE,2021,autumn,9,196.90,199.99,0.0000,91.00,false,
BE,2021,autumn,10,179.96,178.01,0.0000,91.00,false,
BE,2021,autumn,11,168.15,167.13,0.0000,91.00,false,
BE,2021,autumn,12,159.20,158.37,0.0000,91.00,false,
BE,2021,autumn,13,151.82,146.86,0.0000,91.00,false,
BE,2021,autumn,14,150.98,142.28,0.0000,91.00,false,
BE,2021,autumn,15,156.52,150.79,0.0000,91.00,false,
BE,2021,autumn,16,167.65,158.72,0.0000,91.00,false,
BE,2021,autumn,17,200.29,189.92,0.0000,91.00,false,
BE,2021,autumn,18,219.34,211.88,0.0000,91.00,false,
BE,2021,autumn,19,227.70,230.00,0.0000,91.00,false,
BE,2021,autumn,20,207.26,202.42,0.0000,91.00,false,
BE,2021,autumn,21,178.93,180.00,0.0000,91.00,false,
BE,2021,autumn,22,170.62,171.27,0.0000,91.00,false,
BE,2021,autumn,23,155.58,153.92,0.0110,91.00,false,
BE,2021,spring,0,55.70,55.34,0.0109,92.00,false,
BE,2021,spring,1,49.46,51.01,0.0109,92.00,false,
BE,2021,spring,2,47.19,50.33,0.0220,91.00,false,
BE,2021,spring,3,44.50,48.97,0.0217,92.00,false,
BE,2021,spring,4,43.83,49.04,0.0326,92.00,false,
BE,2021,spring,5,47.70,52.59,0.0326,92.00,false,
BE,2021,spring,6,57.50,61.73,0.0217,92.00,false,
BE,2021,spring,7,64.84,69.01,0.0217,92.00,false,
BE,2021,spring,8,68.80,71.29,0.0217,92.00,false,
BE,2021,spring,9,61.15,63.29,0.0326,92.00,false,
BE,2021,spring,10,52.10,56.50,0.0326,92.00,false,
BE,2021,spring,11,47.36,52.23,0.0435,92.00,false,
BE,2021,spring,12,42.36,47.24,0.0652,92.00,false,
BE,2021,spring,13,36.71,45.28,0.0978,92.00,false,
BE,2021,spring,14,33.41,43.20,0.1304,92.00,false,
BE,2021,spring,15,34.38,43.78,0.1304,92.00,false,
BE,2021,spring,16,37.21,46.89,0.0978,92.00,false,
BE,2021,spring,17,49.08,55.08,0.0326,92.00,false,
BE,2021,spring,18,63.31,65.24,0.0109,92.00,false,
BE,2021,spring,19,73.21,75.60,0.0000,92.00,false,
BE,2021,spring,20,72.46,73.51,0.0000,92.00,false,
BE,2021,spring,21,66.97,66.97,0.0109,92.00,false,
BE,2021,spring,22,64.12,63.90,0.0109,92.00,false,
BE,2021,spring,23,59.49,59.52,0.0109,92.00,false,
BE,2021,summer,0,76.42,79.42,0.0000,92.00,false,
BE,2021,summer,1,70.07,73.90,0.0109,92.00,false,
BE,2021,summer,2,66.86,70.52,0.0000,92.00,false,
BE,2021,summer,3,61.73,67.44,0.0217,92.00,false,
BE,2021,summer,4,59.55,65.78,0.0217,92.00,false,
BE,2021,summer,5,64.65,68.96,0.0109,92.00,false,
BE,2021,summer,6,75.12,80.82,0.0109,92.00,false,
BE,2021,summer,7,85.62,93.33,0.0109,92.00,false,
BE,2021,summer,8,90.98,96.36,0.0109,92.00,false,
BE,2021,summer,9,86.14,91.75,0.0109,92.00,false,
BE,2021,summer,10,79.73,84.09,0.0217,92.00,false,
BE,2021,summer,11,75.80,81.00,0.0217,92.00,false,
BE,2021,summer,12,72.99,79.37,0.0435,92.00,false,
BE,2021,summer,13,65.08,73.40,0.0652,92.00,false,
BE,2021,summer,14,60.73,70.59,0.0761,92.00,false,
BE,2021,summer,15,59.38,71.78,0.0870,92.00,false,
BE,2021,summer,16,62.46,72.50,0.0761,92.00,false,
BE,2021,summer,17,73.66,81.89,0.0326,92.00,false,
BE,2021,summer,18,86.24,92.00,0.0217,92.00,false,
BE,2021,summer,19,98.08,98.00,0.0000,92.00,false,
BE,2021,summer,20,99.94,99.70,0.0000,92.00,false,
BE,2021,summer,21,98.32,98.34,0.0000,92.00,false,
BE,2021,summer,22,94.87,94.65,0.0000,92.00,false,
BE,2021,summer,23,86.91,86.22,0.0000,92.00,false,
BE,2021,winter,0,100.34,48.95,0.0000,90.00,false,
BE,2021,winter,1,93.05,47.37,0.0111,90.00,false,
BE,2021,winter,2,87.52,44.41,0.0333,90.00,false,
BE,2021,winter,3,83.34,42.80,0.0222,90.00,false,
BE,2021,winter,4,83.24,44.27,0.0333,90.00,false,
BE,2021,winter,5,90.14,45.68,0.0222,90.00,false,
BE,2021,winter,6,106.73,53.57,0.0111,90.00,false,
BE,2021,winter,7,125.12,65.82,0.0111,90.00,false,
BE,2021,winter,8,135.99,67.09,0.0000,90.00,false,
BE,2021,winter,9,140.25,73.27,0.0111,90.00,false,
BE,2021,winter,10,137.85,68.39,0.0111,90.00,false,
BE,2021,winter,11,133.21,65.29,0.0000,90.00,false,
BE,2021,winter,12,128.70,65.68,0.0111,90.00,false,
BE,2021,winter,13,125.97,62.00,0.0000,90.00,false,
BE,2021,winter,14,127.89,60.66,0.0111,90.00,false,
BE,2021,winter,15,130.47,61.10,0.0111,90.00,false,
BE,2021,winter,16,136.97,65.40,0.0000,90.00,false,
BE,2021,winter,17,153.20,72.50,0.0000,90.00,false,
BE,2021,winter,18,152.36,74.31,0.0000,90.00,false,
BE,2021,winter,19,139.50,67.06,0.0000,90.00,false,
BE,2021,winter,20,127.23,64.97,0.0111,90.00,false,
BE,2021,winter,21,114.55,55.87,0.0000,90.00,false,
BE,2021,winter,22,111.57,55.46,0.0000,90.00,false,
BE,2021,winter,23,101.40,50.65,0.0000,90.00,false,
BE,2022,autumn,0,197.30,164.32,0.0000,91.00,false,
BE,2022,autumn,1,181.26,152.21,0.0000,91.00,false,
BE,2022,autumn,2,173.59,146.11,0.0109,92.00,false,
BE,2022,autumn,3,164.35,130.65,0.0000,91.00,false,
BE,2022,autumn,4,166.71,134.07,0.0000,91.00,false,
BE,2022,autumn,5,183.18,140.76,0.0000,91.00,false,
BE,2022,autumn,6,228.04,178.82,0.0000,91.00,false,
BE,2022,autumn,7,276.73,227.26,0.0000,91.00,false,
BE,2022,autumn,8,289.21,249.38,0.0000,91.00,false,
BE,2022,autumn,9,257.09,215.07,0.0000,91.00,false,
BE,2022,autumn,10,232.43,201.10,0.0000,91.00,false,
BE,2022,autumn,11,215.31,189.80,0.0000,91.00,false,
BE,2022,autumn,12,195.16,183.14,0.0110,91.00,false,
BE,2022,autumn,13,187.54,176.08,0.0220,91.00,false,
BE,2022,autumn,14,191.86,180.08,0.0220,91.00,false,
BE,2022,autumn,15,204.27,176.31,0.0000,91.00,false,
BE,2022,autumn,16,224.71,205.00,0.0000,91.00,false,
BE,2022,autumn,17,274.09,254.37,0.0000,91.00,false,
BE,2022,autumn,18,309.24,270.95,0.0000,91.00,false,
BE,2022,autumn,19,326.09,270.88,0.0000,91.00,false,
BE,2022,autumn,20,288.76,241.21,0.0000,91.00,false,
BE,2022,autumn,21,250.68,210.00,0.0000,91.00,false,
BE,2022,autumn,22,230.62,194.77,0.0000,91.00,false,
BE,2022,autumn,23,207.40,170.92,0.0000,91.00,false,
BE,2022,spring,0,210.96,206.47,0.0000,92.00,false,
BE,2022,spring,1,198.24,197.18,0.0000,92.00,false,
BE,2022,spring,2,192.28,191.13,0.0110,91.00,false,
BE,2022,spring,3,187.68,186.75,0.0000,92.00,false,
BE,2022,spring,4,190.46,188.66,0.0000,92.00,false,
BE,2022,spring,5,202.57,200.08,0.0000,92.00,false,
BE,2022,spring,6,235.01,229.86,0.0000,92.00,false,
BE,2022,spring,7,252.28,255.99,0.0000,92.00,false,
BE,2022,spring,8,251.81,253.53,0.0000,92.00,false,
BE,2022,spring,9,219.69,230.91,0.0000,92.00,false,
BE,2022,spring,10,187.44,194.22,0.0217,92.00,false,
BE,2022,spring,11,171.53,187.64,0.0761,92.00,false,
BE,2022,spring,12,152.64,177.48,0.1196,92.00,false,
BE,2022,spring,13,147.86,178.31,0.1413,92.00,false,
BE,2022,spring,14,146.98,168.24,0.1196,92.00,false,
BE,2022,spring,15,159.74,179.94,0.0761,92.00,false,
BE,2022,spring,16,178.73,189.75,0.0326,92.00,false,
BE,2022,spring,17,216.31,214.55,0.0217,92.00,false,
BE,2022,spring,18,257.23,243.28,0.0109,92.00,false,
BE,2022,spring,19,285.17,268.58,0.0000,92.00,false,
BE,2022,spring,20,275.00,270.13,0.0000,92.00,false,
BE,2022,spring,21,255.16,252.97,0.0000,92.00,false,
BE,2022,spring,22,243.65,239.87,0.0000,92.00,false,
BE,2022,spring,23,218.36,215.47,0.0000,92.00,false,
BE,2022,summer,0,343.39,324.51,0.0000,92.00,false,
BE,2022,summer,1,315.63,295.47,0.0000,92.00,false,
BE,2022,summer,2,305.75,298.83,0.0000,92.00,false,
BE,2022,summer,3,295.34,284.49,0.0000,92.00,false,
BE,2022,summer,4,292.28,276.01,0.0000,92.00,false,
BE,2022,summer,5,306.60,295.10,0.0000,92.00,false,
BE,2022,summer,6,353.03,347.47,0.0000,92.00,false,
BE,2022,summer,7,375.01,378.80,0.0000,92.00,false,
BE,2022,summer,8,373.80,380.42,0.0000,92.00,false,
BE,2022,summer,9,347.26,348.32,0.0109,92.00,false,
BE,2022,summer,10,310.20,306.19,0.0109,92.00,false,
BE,2022,summer,11,287.53,281.36,0.0217,92.00,false,
BE,2022,summer,12,263.32,265.90,0.0217,92.00,false,
BE,2022,summer,13,246.16,250.60,0.0435,92.00,false,
BE,2022,summer,14,245.06,254.82,0.0652,92.00,false,
BE,2022,summer,15,255.38,263.60,0.0543,92.00,false,
BE,2022,summer,16,274.10,259.79,0.0217,92.00,false,
BE,2022,summer,17,329.77,316.68,0.0109,92.00,false,
BE,2022,summer,18,384.96,367.09,0.0000,92.00,false,
BE,2022,summer,19,423.78,398.33,0.0000,92.00,false,
BE,2022,summer,20,432.80,417.99,0.0000,92.00,false,
BE,2022,summer,21,415.59,402.45,0.0000,92.00,false,
BE,2022,summer,22,400.95,396.85,0.0000,92.00,false,
BE,2022,summer,23,359.61,357.27,0.0000,92.00,false,
BE,2022,winter,0,177.49,174.65,0.0333,90.00,false,
BE,2022,winter,1,168.08,165.15,0.0333,90.00,false,
BE,2022,winter,2,161.61,163.45,0.0333,90.00,false,
BE,2022,winter,3,152.05,161.48,0.0444,90.00,false,
BE,2022,winter,4,152.18,160.33,0.0333,90.00,false,
BE,2022,winter,5,159.69,159.23,0.0444,90.00,false,
BE,2022,winter,6,183.27,184.28,0.0222,90.00,false,
BE,2022,winter,7,225.29,213.46,0.0222,90.00,false,
BE,2022,winter,8,245.45,224.36,0.0000,90.00,false,
BE,2022,winter,9,248.51,231.82,0.0000,90.00,false,
BE,2022,winter,10,235.34,217.72,0.0000,90.00,false,
BE,2022,winter,11,226.34,209.42,0.0000,90.00,false,
BE,2022,winter,12,211.49,197.70,0.0111,90.00,false,
BE,2022,winter,13,204.37,182.03,0.0111,90.00,false,
BE,2022,winter,14,210.53,179.60,0.0000,90.00,false,
BE,2022,winter,15,218.47,194.80,0.0000,90.00,false,
BE,2022,winter,16,230.49,202.17,0.0000,90.00,false,
BE,2022,winter,17,259.89,233.96,0.0000,90.00,false,
BE,2022,winter,18,275.53,254.47,0.0000,90.00,false,
BE,2022,winter,19,255.89,232.87,0.0000,90.00,false,
BE,2022,winter,20,232.32,218.67,0.0000,90.00,false,
BE,2022,winter,21,204.21,200.00,0.0111,90.00,false,
BE,2022,winter,22,199.61,195.80,0.0111,90.00,false,
BE,2022,winter,23,184.56,183.11,0.0111,90.00,false,
BE,2023,autumn,0,78.66,91.11,0.0000,91.00,false,
BE,2023,autumn,1,70.99,85.52,0.0440,91.00,false,
BE,2023,autumn,2,66.05,79.98,0.0652,92.00,false,
BE,2023,autumn,3,61.61,76.50,0.0549,91.00,false,
BE,2023,autumn,4,59.60,72.00,0.0549,91.00,false,
BE,2023,autumn,5,66.75,80.43,0.0330,91.00,false,
BE,2023,autumn,6,86.57,95.63,0.0110,91.00,false,
BE,2023,autumn,7,108.95,113.57,0.0110,91.00,false,
BE,2023,autumn,8,114.99,121.55,0.0110,91.00,false,
BE,2023,autumn,9,105.25,106.82,0.0110,91.00,false,
BE,2023,autumn,10,90.69,92.07,0.0110,91.00,false,
BE,2023,autumn,11,81.82,87.06,0.0110,91.00,false,
BE,2023,autumn,12,75.04,82.10,0.0440,91.00,false,
BE,2023,autumn,13,69.31,77.11,0.0440,91.00,false,
BE,2023,autumn,14,71.10,80.03,0.0659,91.00,false,
BE,2023,autumn,15,78.84,85.67,0.0440,91.00,false,
BE,2023,autumn,16,90.26,92.70,0.0110,91.00,false,
BE,2023,autumn,17,111.88,109.19,0.0000,91.00,false,
BE,2023,autumn,18,133.05,129.89,0.0000,91.00,false,
BE,2023,autumn,19,143.96,140.71,0.0000,91.00,false,
BE,2023,autumn,20,126.32,128.47,0.0000,91.00,false,
BE,2023,autumn,21,104.07,110.52,0.0000,91.00,false,
BE,2023,autumn,22,96.32,103.97,0.0000,91.00,false,
BE,2023,autumn,23,84.72,94.98,0.0000,91.00,false,
BE,2023,spring,0,100.83,102.20,0.0000,92.00,false,
BE,2023,spring,1,91.97,95.13,0.0109,92.00,false,
BE,2023,spring,2,90.04,94.30,0.0110,91.00,false,
BE,2023,spring,3,85.59,88.67,0.0109,92.00,false,
BE,2023,spring,4,84.47,87.13,0.0109,92.00,false,
BE,2023,spring,5,90.74,92.53,0.0109,92.00,false,
BE,2023,spring,6,104.28,103.80,0.0109,92.00,false,
BE,2023,spring,7,119.31,118.64,0.0109,92.00,false,
BE,2023,spring,8,123.22,124.04,0.0109,92.00,false,
BE,2023,spring,9,110.90,114.02,0.0109,92.00,false,
BE,2023,spring,10,95.15,100.20,0.0435,92.00,false,
BE,2023,spring,11,87.25,93.54,0.0435,92.00,false,
BE,2023,spring,12,80.16,88.60,0.0435,92.00,false,
BE,2023,spring,13,71.31,81.98,0.0543,92.00,false,
BE,2023,spring,14,66.03,79.60,0.0870,92.00,false,
BE,2023,spring,15,66.28,77.78,0.0761,92.00,false,
BE,2023,spring,16,75.55,83.01,0.0435,92.00,false,
BE,2023,spring,17,94.88,98.41,0.0217,92.00,false,
BE,2023,spring,18,115.76,115.35,0.0000,92.00,false,
BE,2023,spring,19,132.56,130.40,0.0000,92.00,false,
BE,2023,spring,20,131.15,131.05,0.0000,92.00,false,
BE,2023,spring,21,121.84,122.10,0.0000,92.00,false,
BE,2023,spring,22,115.40,115.44,0.0000,92.00,false,
BE,2023,spring,23,105.72,106.51,0.0000,92.00,false,
BE,2023,summer,0,97.34,99.07,0.0000,92.00,false,
BE,2023,summer,1,87.59,90.79,0.0000,92.00,false,
BE,2023,summer,2,82.33,86.99,0.0000,92.00,false,
BE,2023,summer,3,76.84,80.63,0.0217,92.00,false,
BE,2023,summer,4,74.95,79.83,0.0217,92.00,false,
BE,2023,summer,5,80.67,86.93,0.0217,92.00,false,
BE,2023,summer,6,90.08,93.80,0.0217,92.00,false,
BE,2023,summer,7,100.61,103.98,0.0217,92.00,false,
BE,2023,summer,8,102.71,108.98,0.0217,92.00,false,
BE,2023,summer,9,90.69,99.02,0.0217,92.00,false,
BE,2023,summer,10,77.57,86.90,0.0652,92.00,false,
BE,2023,summer,11,67.81,77.25,0.0870,92.00,false,
BE,2023,summer,12,62.48,72.75,0.1087,92.00,false,
BE,2023,summer,13,54.13,66.36,0.1087,92.00,false,
BE,2023,summer,14,48.86,62.85,0.1413,92.00,false,
BE,2023,summer,15,53.69,65.87,0.1087,92.00,false,
BE,2023,summer,16,62.86,74.83,0.0870,92.00,false,
BE,2023,summer,17,79.65,84.72,0.0543,92.00,false,
BE,2023,summer,18,98.40,97.47,0.0109,92.00,false,
BE,2023,summer,19,118.59,115.28,0.0000,92.00,false,
BE,2023,summer,20,128.01,124.78,0.0000,92.00,false,
BE,2023,summer,21,124.70,126.49,0.0000,92.00,false,
BE,2023,summer,22,117.05,118.78,0.0000,92.00,false,
BE,2023,summer,23,104.43,103.09,0.0000,92.00,false,
BE,2023,winter,0,96.22,106.46,0.0444,90.00,false,
BE,2023,winter,1,90.87,100.05,0.0667,90.00,false,
BE,2023,winter,2,88.54,96.80,0.0778,90.00,false,
BE,2023,winter,3,81.60,89.50,0.1000,90.00,false,
BE,2023,winter,4,79.69,87.88,0.1222,90.00,false,
BE,2023,winter,5,86.31,93.24,0.0889,90.00,false,
BE,2023,winter,6,102.60,107.16,0.0556,90.00,false,
BE,2023,winter,7,122.16,128.82,0.0556,90.00,false,
BE,2023,winter,8,135.61,143.71,0.0333,90.00,false,
BE,2023,winter,9,135.55,146.04,0.0222,90.00,false,
BE,2023,winter,10,127.95,135.74,0.0222,90.00,false,
BE,2023,winter,11,121.31,126.11,0.0222,90.00,false,
BE,2023,winter,12,113.30,121.99,0.0222,90.00,false,
BE,2023,winter,13,106.61,118.47,0.0333,90.00,false,
BE,2023,winter,14,110.81,120.37,0.0111,90.00,false,
BE,2023,winter,15,115.40,124.07,0.0000,90.00,false,
BE,2023,winter,16,122.13,129.33,0.0000,90.00,false,
BE,2023,winter,17,137.67,147.01,0.0000,90.00,false,
BE,2023,winter,18,146.99,156.32,0.0000,90.00,false,
BE,2023,winter,19,142.77,159.54,0.0000,90.00,false,
BE,2023,winter,20,130.05,145.07,0.0000,90.00,false,
BE,2023,winter,21,116.09,131.46,0.0111,90.00,false,
BE,2023,winter,22,113.37,124.14,0.0111,90.00,false,
BE,2023,winter,23,102.12,112.65,0.0111,90.00,false,
BE,2024,autumn,0,76.59,85.31,0.0110,91.00,false,
BE,2024,autumn,1,70.72,80.00,0.0330,91.00,false,
BE,2024,autumn,2,68.05,76.51,0.0326,92.00,false,
BE,2024,autumn,3,63.56,71.70,0.0330,91.00,false,
BE,2024,autumn,4,62.17,68.80,0.0330,91.00,false,
BE,2024,autumn,5,67.24,73.02,0.0220,91.00,false,
BE,2024,autumn,6,82.13,86.44,0.0220,91.00,false,
BE,2024,autumn,7,101.24,106.72,0.0000,91.00,false,
BE,2024,autumn,8,109.04,114.10,0.0000,91.00,false,
BE,2024,autumn,9,95.54,103.45,0.0000,91.00,false,
BE,2024,autumn,10,80.57,89.63,0.0110,91.00,false,
BE,2024,autumn,11,69.57,75.62,0.0440,91.00,false,
BE,2024,autumn,12,63.18,69.88,0.0769,91.00,false,
BE,2024,autumn,13,60.25,65.54,0.1319,91.00,false,
BE,2024,autumn,14,60.94,64.79,0.1429,91.00,false,
BE,2024,autumn,15,69.73,73.62,0.0549,91.00,false,
BE,2024,autumn,16,83.28,76.35,0.0000,91.00,false,
BE,2024,autumn,17,104.77,94.87,0.0000,91.00,false,
BE,2024,autumn,18,123.93,123.03,0.0000,91.00,false,
BE,2024,autumn,19,131.78,127.58,0.0000,91.00,false,
BE,2024,autumn,20,111.70,115.26,0.0000,91.00,false,
BE,2024,autumn,21,95.34,97.44,0.0000,91.00,false,
BE,2024,autumn,22,91.63,95.74,0.0000,91.00,false,
BE,2024,autumn,23,83.36,89.50,0.0000,91.00,false,
BE,2024,spring,0,60.62,63.46,0.0000,92.00,false,
BE,2024,spring,1,55.21,58.31,0.0109,92.00,false,
BE,2024,spring,2,51.60,55.14,0.0220,91.00,false,
BE,2024,spring,3,49.89,53.00,0.0217,92.00,false,
BE,2024,spring,4,48.36,49.84,0.0109,92.00,false,
BE,2024,spring,5,50.40,51.99,0.0109,92.00,false,
BE,2024,spring,6,60.82,62.24,0.0109,92.00,false,
BE,2024,spring,7,72.78,76.35,0.0109,92.00,false,
BE,2024,spring,8,70.26,71.44,0.0326,92.00,false,
BE,2024,spring,9,55.97,64.16,0.0543,92.00,false,
BE,2024,spring,10,43.58,49.27,0.1196,92.00,false,
BE,2024,spring,11,34.90,41.94,0.1630,92.00,false,
BE,2024,spring,12,28.86,33.13,0.1957,92.00,false,
BE,2024,spring,13,23.64,28.69,0.2283,92.00,false,
BE,2024,spring,14,22.29,29.58,0.2717,92.00,false,
BE,2024,spring,15,27.43,33.52,0.2609,92.00,false,
BE,2024,spring,16,35.47,39.79,0.1848,92.00,false,
BE,2024,spring,17,52.67,58.79,0.0435,92.00,false,
BE,2024,spring,18,72.53,78.40,0.0000,92.00,false,
BE,2024,spring,19,88.44,89.88,0.0000,92.00,false,
BE,2024,spring,20,88.85,86.09,0.0000,92.00,false,
BE,2024,spring,21,78.92,75.05,0.0000,92.00,false,
BE,2024,spring,22,71.86,73.13,0.0000,92.00,false,
BE,2024,spring,23,65.29,67.01,0.0000,92.00,false,
BE,2024,summer,0,77.05,81.00,0.0000,92.00,false,
BE,2024,summer,1,67.28,70.72,0.0109,92.00,false,
BE,2024,summer,2,62.60,67.74,0.0109,92.00,false,
BE,2024,summer,3,57.56,61.63,0.0217,92.00,false,
BE,2024,summer,4,55.36,59.73,0.0109,92.00,false,
BE,2024,summer,5,59.60,64.82,0.0109,92.00,false,
BE,2024,summer,6,69.90,76.09,0.0000,92.00,false,
BE,2024,summer,7,77.13,84.05,0.0000,92.00,false,
BE,2024,summer,8,75.01,86.68,0.0326,92.00,false,
BE,2024,summer,9,58.21,68.37,0.1196,92.00,false,
BE,2024,summer,10,41.93,49.47,0.1848,92.00,false,
BE,2024,summer,11,29.98,31.08,0.2391,92.00,false,
BE,2024,summer,12,21.98,24.16,0.3152,92.00,false,
BE,2024,summer,13,13.80,12.49,0.3696,92.00,false,
BE,2024,summer,14,11.03,10.72,0.3804,92.00,false,
BE,2024,summer,15,15.51,13.73,0.3370,92.00,false,
BE,2024,summer,16,27.40,27.24,0.2826,92.00,false,
BE,2024,summer,17,47.07,55.53,0.1304,92.00,false,
BE,2024,summer,18,72.55,77.35,0.0326,92.00,false,
BE,2024,summer,19,98.64,99.01,0.0109,92.00,false,
BE,2024,summer,20,113.85,110.70,0.0000,92.00,false,
BE,2024,summer,21,107.85,110.13,0.0000,92.00,false,
BE,2024,summer,22,99.88,104.16,0.0000,92.00,false,
BE,2024,summer,23,86.22,89.12,0.0000,92.00,false,
BE,2024,winter,0,65.96,66.77,0.0110,91.00,false,
BE,2024,winter,1,61.67,62.00,0.0110,91.00,false,
BE,2024,winter,2,58.59,60.50,0.0220,91.00,false,
BE,2024,winter,3,54.06,55.20,0.0330,91.00,false,
BE,2024,winter,4,53.01,55.39,0.0330,91.00,false,
BE,2024,winter,5,58.26,59.30,0.0220,91.00,false,
BE,2024,winter,6,68.95,70.91,0.0110,91.00,false,
BE,2024,winter,7,85.25,81.60,0.0110,91.00,false,
BE,2024,winter,8,98.77,90.14,0.0110,91.00,false,
BE,2024,winter,9,98.58,89.84,0.0000,91.00,false,
BE,2024,winter,10,91.93,84.27,0.0000,91.00,false,
BE,2024,winter,11,86.27,79.05,0.0000,91.00,false,
BE,2024,winter,12,82.10,74.91,0.0000,91.00,false,
BE,2024,winter,13,79.49,69.26,0.0000,91.00,false,
BE,2024,winter,14,82.84,72.08,0.0000,91.00,false,
BE,2024,winter,15,90.03,77.10,0.0000,91.00,false,
BE,2024,winter,16,97.79,83.74,0.0000,91.00,false,
BE,2024,winter,17,108.76,94.69,0.0000,91.00,false,
BE,2024,winter,18,113.04,102.08,0.0000,91.00,false,
BE,2024,winter,19,107.05,98.72,0.0000,91.00,false,
BE,2024,winter,20,93.56,88.31,0.0000,91.00,false,
BE,2024,winter,21,83.37,76.15,0.0000,91.00,false,
BE,2024,winter,22,81.19,76.37,0.0000,91.00,false,
BE,2024,winter,23,72.54,70.48,0.0110,91.00,false,
BE,2025,autumn,0,65.45,76.08,0.0165,91.00,false,
BE,2025,autumn,1,60.41,69.58,0.0385,91.00,false,
BE,2025,autumn,2,57.84,68.44,0.0516,92.00,false,
BE,2025,autumn,3,56.22,64.80,0.0632,91.00,false,
BE,2025,autumn,4,56.47,66.89,0.0549,91.00,false,
BE,2025,autumn,5,60.45,71.14,0.0495,91.00,false,
BE,2025,autumn,6,71.22,75.42,0.0220,91.00,false,
BE,2025,autumn,7,90.83,90.45,0.0137,91.00,false,
BE,2025,autumn,8,99.11,99.77,0.0165,91.00,false,
BE,2025,autumn,9,86.19,89.69,0.0165,91.00,false,
BE,2025,autumn,10,70.46,76.71,0.0467,91.00,false,
BE,2025,autumn,11,60.27,68.15,0.0852,91.00,false,
BE,2025,autumn,12,55.14,62.19,0.1209,91.00,false,
BE,2025,autumn,13,52.22,61.48,0.1429,91.00,false,
BE,2025,autumn,14,56.05,66.72,0.1429,91.00,false,
BE,2025,autumn,15,63.87,72.67,0.1209,91.00,false,
BE,2025,autumn,16,73.98,78.74,0.0769,91.00,false,
BE,2025,autumn,17,89.62,87.75,0.0247,91.00,false,
BE,2025,autumn,18,109.12,107.36,0.0055,91.00,false,
BE,2025,autumn,19,122.06,113.34,0.0000,91.00,false,
BE,2025,autumn,20,103.08,102.55,0.0000,91.00,false,
BE,2025,autumn,21,85.23,90.14,0.0000,91.00,false,
BE,2025,autumn,22,81.91,86.80,0.0000,91.00,false,
BE,2025,autumn,23,71.96,80.91,0.0000,91.00,false,
BE,2025,spring,0,91.03,93.12,0.0000,92.00,false,
BE,2025,spring,1,84.24,87.59,0.0000,92.00,false,
BE,2025,spring,2,82.72,85.32,0.0000,91.00,false,
BE,2025,spring,3,79.76,85.01,0.0000,92.00,false,
BE,2025,spring,4,80.12,85.26,0.0000,92.00,false,
BE,2025,spring,5,86.23,91.54,0.0000,92.00,false,
BE,2025,spring,6,102.10,104.27,0.0000,92.00,false,
BE,2025,spring,7,112.22,118.91,0.0000,92.00,false,
BE,2025,spring,8,103.76,108.06,0.0000,92.00,false,
BE,2025,spring,9,75.48,78.94,0.0543,92.00,false,
BE,2025,spring,10,47.92,43.65,0.1413,92.00,false,
BE,2025,spring,11,29.20,8.00,0.3804,92.00,false,
BE,2025,spring,12,11.11,2.28,0.4565,92.00,false,
BE,2025,spring,13,1.16,0.00,0.5109,92.00,false,
BE,2025,spring,14,5.03,0.10,0.4783,92.00,false,
BE,2025,spring,15,25.33,17.90,0.3913,92.00,false,
BE,2025,spring,16,44.75,50.10,0.2717,92.00,false,
BE,2025,spring,17,72.77,75.92,0.0217,92.00,false,
BE,2025,spring,18,104.65,97.84,0.0000,92.00,false,
BE,2025,spring,19,124.79,123.14,0.0000,92.00,false,
BE,2025,spring,20,127.07,129.05,0.0000,92.00,false,
BE,2025,spring,21,116.34,119.13,0.0000,92.00,false,
BE,2025,spring,22,104.93,107.70,0.0000,92.00,false,
BE,2025,spring,23,92.95,96.21,0.0000,92.00,false,
BE,2025,summer,0,93.42,95.18,0.0000,92.00,false,
BE,2025,summer,1,85.20,86.74,0.0000,92.00,false,
BE,2025,summer,2,81.25,84.74,0.0000,92.00,false,
BE,2025,summer,3,77.65,80.09,0.0000,92.00,false,
BE,2025,summer,4,77.45,79.65,0.0000,92.00,false,
BE,2025,summer,5,80.65,84.44,0.0000,92.00,false,
BE,2025,summer,6,89.88,93.02,0.0000,92.00,false,
BE,2025,summer,7,92.36,97.21,0.0000,92.00,false,
BE,2025,summer,8,87.30,98.10,0.0217,92.00,false,
BE,2025,summer,9,67.30,83.35,0.0652,92.00,false,
BE,2025,summer,10,45.30,53.95,0.2065,92.00,false,
BE,2025,summer,11,31.35,21.21,0.2609,92.00,false,
BE,2025,summer,12,22.91,9.68,0.3804,92.00,false,
BE,2025,summer,13,13.75,3.53,0.4457,92.00,false,
BE,2025,summer,14,11.87,2.09,0.4348,92.00,false,
BE,2025,summer,15,20.18,8.05,0.3696,92.00,false,
BE,2025,summer,16,32.48,31.85,0.2174,92.00,false,
BE,2025,summer,17,56.82,64.83,0.0652,92.00,false,
BE,2025,summer,18,81.97,84.31,0.0000,92.00,false,
BE,2025,summer,19,109.99,105.81,0.0000,92.00,false,
BE,2025,summer,20,133.22,120.48,0.0000,92.00,false,
BE,2025,summer,21,130.99,122.14,0.0000,92.00,false,
BE,2025,summer,22,116.83,112.77,0.0000,92.00,false,
BE,2025,summer,23,100.73,101.14,0.0000,92.00,false,
BE,2025,winter,0,93.44,94.50,0.0000,90.00,false,
BE,2025,winter,1,89.08,89.32,0.0000,90.00,false,
BE,2025,winter,2,85.12,85.24,0.0000,90.00,false,
BE,2025,winter,3,81.78,82.21,0.0000,90.00,false,
BE,2025,winter,4,80.86,81.21,0.0000,90.00,false,
BE,2025,winter,5,85.66,86.05,0.0000,90.00,false,
BE,2025,winter,6,97.23,93.61,0.0000,90.00,false,
BE,2025,winter,7,117.43,111.80,0.0000,90.00,false,
BE,2025,winter,8,133.70,124.99,0.0000,90.00,false,
BE,2025,winter,9,125.03,122.91,0.0000,90.00,false,
BE,2025,winter,10,114.63,117.59,0.0000,90.00,false,
BE,2025,winter,11,106.01,106.25,0.0000,90.00,false,
BE,2025,winter,12,102.07,98.73,0.0000,90.00,false,
BE,2025,winter,13,99.09,96.80,0.0000,90.00,false,
BE,2025,winter,14,102.12,100.38,0.0000,90.00,false,
BE,2025,winter,15,110.51,109.18,0.0000,90.00,false,
BE,2025,winter,16,119.04,116.26,0.0000,90.00,false,
BE,2025,winter,17,132.54,131.98,0.0000,90.00,false,
BE,2025,winter,18,141.91,141.52,0.0000,90.00,false,
BE,2025,winter,19,136.62,139.42,0.0000,90.00,false,
BE,2025,winter,20,121.99,124.61,0.0000,90.00,false,
BE,2025,winter,21,110.43,115.51,0.0000,90.00,false,
BE,2025,winter,22,107.77,111.94,0.0000,90.00,false,
BE,2025,winter,23,98.68,102.22,0.0000,90.00,false,
BE,2026,autumn,0,171.22,179.71,0.0000,33.00,true,current_year
BE,2026,autumn,1,162.54,171.32,0.0000,33.00,true,current_year
BE,2026,autumn,2,152.87,163.03,0.0000,33.00,true,current_year
BE,2026,autumn,3,147.67,160.39,0.0000,33.00,true,current_year
BE,2026,autumn,4,147.06,161.57,0.0000,33.00,true,current_year
BE,2026,autumn,5,156.06,169.40,0.0000,33.00,true,current_year
BE,2026,autumn,6,183.29,196.07,0.0000,33.00,true,current_year
BE,2026,autumn,7,203.10,220.83,0.0000,33.00,true,current_year
BE,2026,autumn,8,194.76,201.63,0.0000,33.00,true,current_year
BE,2026,autumn,9,163.18,180.48,0.0000,33.00,true,current_year
BE,2026,autumn,10,131.65,147.71,0.0303,33.00,true,current_year
BE,2026,autumn,11,101.59,110.13,0.0758,33.00,true,current_year
BE,2026,autumn,12,81.27,69.20,0.0455,33.00,true,current_year
BE,2026,autumn,13,70.55,67.62,0.1061,33.00,true,current_year
BE,2026,autumn,14,75.66,62.72,0.1061,33.00,true,current_year
BE,2026,autumn,15,90.05,96.59,0.1061,33.00,true,current_year
BE,2026,autumn,16,116.49,140.76,0.0379,33.00,true,current_year
BE,2026,autumn,17,162.98,182.40,0.0000,33.00,true,current_year
BE,2026,autumn,18,215.83,212.23,0.0000,33.00,true,current_year
BE,2026,autumn,19,258.99,242.42,0.0000,33.00,true,current_year
BE,2026,autumn,20,245.57,238.57,0.0000,33.00,true,current_year
BE,2026,autumn,21,214.65,217.27,0.0000,33.00,true,current_year
BE,2026,autumn,22,198.90,202.31,0.0000,33.00,true,current_year
BE,2026,autumn,23,182.32,185.69,0.0000,33.00,true,current_year
BE,2026,spring,0,104.00,112.64,0.0000,92.00,true,current_year
BE,2026,spring,1,98.75,104.66,0.0027,92.00,true,current_year
BE,2026,spring,2,96.06,104.79,0.0082,91.00,true,current_year
BE,2026,spring,3,94.36,100.86,0.0217,92.00,true,current_year
BE,2026,spring,4,95.09,102.81,0.0217,92.00,true,current_year
BE,2026,spring,5,100.12,108.74,0.0109,92.00,true,current_year
BE,2026,spring,6,114.83,119.31,0.0109,92.00,true,current_year
BE,2026,spring,7,124.89,126.85,0.0082,92.00,true,current_year
BE,2026,spring,8,112.54,119.00,0.0136,92.00,true,current_year
BE,2026,spring,9,83.99,90.02,0.0516,92.00,true,current_year
BE,2026,spring,10,53.08,51.84,0.1685,92.00,true,current_year
BE,2026,spring,11,32.79,22.48,0.2717,92.00,true,current_year
BE,2026,spring,12,19.58,10.28,0.2935,92.00,true,current_year
BE,2026,spring,13,7.13,4.36,0.3750,92.00,true,current_year
BE,2026,spring,14,11.96,6.46,0.3478,92.00,true,current_year
BE,2026,spring,15,30.25,28.87,0.3125,92.00,true,current_year
BE,2026,spring,16,55.07,62.08,0.1929,92.00,true,current_year
BE,2026,spring,17,89.96,96.43,0.0543,92.00,true,current_year
BE,2026,spring,18,125.79,122.96,0.0027,92.00,true,current_year
BE,2026,spring,19,146.10,143.14,0.0000,92.00,true,current_year
BE,2026,spring,20,146.07,144.51,0.0000,92.00,true,current_year
BE,2026,spring,21,133.79,136.44,0.0000,92.00,true,current_year
BE,2026,spring,22,122.89,124.44,0.0000,92.00,true,current_year
BE,2026,spring,23,109.73,116.89,0.0000,92.00,true,current_year
BE,2026,summer,0,144.31,146.63,0.0000,92.00,true,current_year
BE,2026,summer,1,135.02,138.95,0.0000,92.00,true,current_year
BE,2026,summer,2,128.35,134.33,0.0000,92.00,true,current_year
BE,2026,summer,3,124.58,129.66,0.0000,92.00,true,current_year
BE,2026,summer,4,123.76,128.70,0.0000,92.00,true,current_year
BE,2026,summer,5,128.77,135.04,0.0000,92.00,true,current_year
BE,2026,summer,6,139.22,146.65,0.0000,92.00,true,current_year
BE,2026,summer,7,138.87,145.24,0.0136,92.00,true,current_year
BE,2026,summer,8,127.53,138.16,0.0299,92.00,true,current_year
BE,2026,summer,9,103.14,118.43,0.0516,92.00,true,current_year
BE,2026,summer,10,76.79,91.17,0.1033,92.00,true,current_year
BE,2026,summer,11,59.16,60.83,0.1685,92.00,true,current_year
BE,2026,summer,12,49.59,45.76,0.1984,92.00,true,current_year
BE,2026,summer,13,41.60,28.44,0.2174,92.00,true,current_year
BE,2026,summer,14,42.82,28.28,0.2228,92.00,true,current_year
BE,2026,summer,15,49.38,40.64,0.2228,92.00,true,current_year
BE,2026,summer,16,63.74,66.11,0.1332,92.00,true,current_year
BE,2026,summer,17,94.03,104.85,0.0380,92.00,true,current_year
BE,2026,summer,18,131.10,134.90,0.0082,92.00,true,current_year
BE,2026,summer,19,171.81,162.29,0.0000,92.00,true,current_year
BE,2026,summer,20,200.11,176.03,0.0000,92.00,true,current_year
BE,2026,summer,21,199.27,180.10,0.0000,92.00,true,current_year
BE,2026,summer,22,178.23,169.59,0.0000,92.00,true,current_year
BE,2026,summer,23,155.64,155.08,0.0000,92.00,true,current_year
BE,2026,winter,0,85.22,88.27,0.0000,59.00,true,current_year
BE,2026,winter,1,82.72,85.33,0.0000,59.00,true,current_year
BE,2026,winter,2,79.78,84.52,0.0000,59.00,true,current_year
BE,2026,winter,3,76.35,82.15,0.0000,59.00,true,current_year
BE,2026,winter,4,75.81,79.41,0.0000,59.00,true,current_year
BE,2026,winter,5,79.48,83.41,0.0000,59.00,true,current_year
BE,2026,winter,6,88.88,94.10,0.0000,59.00,true,current_year
BE,2026,winter,7,104.88,103.65,0.0000,59.00,true,current_year
BE,2026,winter,8,113.32,111.73,0.0000,59.00,true,current_year
BE,2026,winter,9,111.86,110.49,0.0000,59.00,true,current_year
BE,2026,winter,10,104.34,103.95,0.0127,59.00,true,current_year
BE,2026,winter,11,96.83,97.10,0.0169,59.00,true,current_year
BE,2026,winter,12,91.86,93.09,0.0042,59.00,true,current_year
BE,2026,winter,13,89.15,93.38,0.0000,59.00,true,current_year
BE,2026,winter,14,92.64,97.71,0.0127,59.00,true,current_year
BE,2026,winter,15,99.93,104.72,0.0042,59.00,true,current_year
BE,2026,winter,16,108.99,110.50,0.0000,59.00,true,current_year
BE,2026,winter,17,121.28,119.26,0.0000,59.00,true,current_year
BE,2026,winter,18,126.19,125.95,0.0000,59.00,true,current_year
BE,2026,winter,19,121.23,121.01,0.0000,59.00,true,current_year
BE,2026,winter,20,106.90,107.74,0.0000,59.00,true,current_year
BE,2026,winter,21,97.73,99.68,0.0000,59.00,true,current_year
BE,2026,winter,22,95.36,96.32,0.0000,59.00,true,current_year
BE,2026,winter,23,87.39,89.61,0.0000,59.00,true,current_year
DE_LU,2019,autumn,0,29.75,31.44,0.0220,91.00,false,
DE_LU,2019,autumn,1,28.05,29.40,0.0220,91.00,false,
DE_LU,2019,autumn,2,26.34,28.34,0.0435,92.00,false,
DE_LU,2019,autumn,3,26.30,28.27,0.0110,91.00,false,
DE_LU,2019,autumn,4,27.05,28.87,0.0110,91.00,false,
DE_LU,2019,autumn,5,29.71,31.29,0.0110,91.00,false,
DE_LU,2019,autumn,6,37.10,38.82,0.0000,91.00,false,
DE_LU,2019,autumn,7,43.64,45.97,0.0000,91.00,false,
DE_LU,2019,autumn,8,45.84,47.74,0.0000,91.00,false,
DE_LU,2019,autumn,9,44.34,45.21,0.0000,91.00,false,
DE_LU,2019,autumn,10,41.90,43.06,0.0000,91.00,false,
DE_LU,2019,autumn,11,40.52,41.97,0.0000,91.00,false,
DE_LU,2019,autumn,12,38.08,39.81,0.0110,91.00,false,
DE_LU,2019,autumn,13,36.89,37.82,0.0330,91.00,false,
DE_LU,2019,autumn,14,36.59,37.06,0.0330,91.00,false,
DE_LU,2019,autumn,15,38.24,36.86,0.0110,91.00,false,
DE_LU,2019,autumn,16,40.77,39.76,0.0110,91.00,false,
DE_LU,2019,autumn,17,46.05,45.14,0.0000,91.00,false,
DE_LU,2019,autumn,18,48.49,48.01,0.0000,91.00,false,
DE_LU,2019,autumn,19,49.52,50.01,0.0000,91.00,false,
DE_LU,2019,autumn,20,45.16,46.94,0.0000,91.00,false,
DE_LU,2019,autumn,21,39.70,40.36,0.0000,91.00,false,
DE_LU,2019,autumn,22,36.96,37.98,0.0000,91.00,false,
DE_LU,2019,autumn,23,32.37,34.35,0.0000,91.00,false,
DE_LU,2019,spring,0,31.66,35.59,0.0652,92.00,false,
DE_LU,2019,spring,1,29.37,34.25,0.0761,92.00,false,
DE_LU,2019,spring,2,28.00,33.38,0.0769,91.00,false,
DE_LU,2019,spring,3,27.30,32.53,0.0761,92.00,false,
DE_LU,2019,spring,4,27.85,33.10,0.0543,92.00,false,
DE_LU,2019,spring,5,30.81,35.05,0.0217,92.00,false,
DE_LU,2019,spring,6,37.20,40.97,0.0326,92.00,false,
DE_LU,2019,spring,7,42.29,46.31,0.0217,92.00,false,
DE_LU,2019,spring,8,43.99,47.05,0.0109,92.00,false,
DE_LU,2019,spring,9,40.47,43.19,0.0109,92.00,false,
DE_LU,2019,spring,10,36.87,40.16,0.0217,92.00,false,
DE_LU,2019,spring,11,34.75,37.49,0.0217,92.00,false,
DE_LU,2019,spring,12,32.47,35.08,0.0326,92.00,false,
DE_LU,2019,spring,13,29.54,33.60,0.0543,92.00,false,
DE_LU,2019,spring,14,28.06,32.91,0.0761,92.00,false,
DE_LU,2019,spring,15,28.69,33.48,0.0652,92.00,false,
DE_LU,2019,spring,16,30.84,35.00,0.0326,92.00,false,
DE_LU,2019,spring,17,36.47,38.81,0.0109,92.00,false,
DE_LU,2019,spring,18,42.33,43.95,0.0109,92.00,false,
DE_LU,2019,spring,19,45.92,46.55,0.0000,92.00,false,
DE_LU,2019,spring,20,44.09,45.69,0.0000,92.00,false,
DE_LU,2019,spring,21,40.54,43.39,0.0000,92.00,false,
DE_LU,2019,spring,22,39.04,41.94,0.0000,92.00,false,
DE_LU,2019,spring,23,34.37,37.80,0.0217,92.00,false,
DE_LU,2019,summer,0,33.63,33.87,0.0109,92.00,false,
DE_LU,2019,summer,1,31.36,31.97,0.0109,92.00,false,
DE_LU,2019,summer,2,30.03,30.62,0.0109,92.00,false,
DE_LU,2019,summer,3,29.52,30.37,0.0109,92.00,false,
DE_LU,2019,summer,4,29.35,30.06,0.0109,92.00,false,
DE_LU,2019,summer,5,30.08,31.05,0.0109,92.00,false,
DE_LU,2019,summer,6,35.99,38.41,0.0109,92.00,false,
DE_LU,2019,summer,7,42.10,44.94,0.0109,92.00,false,
DE_LU,2019,summer,8,42.88,45.00,0.0109,92.00,false,
DE_LU,2019,summer,9,39.40,40.40,0.0109,92.00,false,
DE_LU,2019,summer,10,36.23,37.43,0.0217,92.00,false,
DE_LU,2019,summer,11,34.89,36.80,0.0217,92.00,false,
DE_LU,2019,summer,12,32.25,34.98,0.0326,92.00,false,
DE_LU,2019,summer,13,29.78,33.62,0.0435,92.00,false,
DE_LU,2019,summer,14,28.57,32.67,0.0652,92.00,false,
DE_LU,2019,summer,15,29.53,32.64,0.0543,92.00,false,
DE_LU,2019,summer,16,31.63,33.57,0.0217,92.00,false,
DE_LU,2019,summer,17,37.29,36.71,0.0217,92.00,false,
DE_LU,2019,summer,18,43.19,43.23,0.0109,92.00,false,
DE_LU,2019,summer,19,49.88,49.72,0.0000,92.00,false,
DE_LU,2019,summer,20,50.04,50.55,0.0000,92.00,false,
DE_LU,2019,summer,21,46.17,47.16,0.0000,92.00,false,
DE_LU,2019,summer,22,42.56,42.12,0.0000,92.00,false,
DE_LU,2019,summer,23,37.05,37.40,0.0000,92.00,false,
DE_LU,2019,winter,0,32.37,35.42,0.0449,89.00,false,
DE_LU,2019,winter,1,30.29,35.45,0.0778,90.00,false,
DE_LU,2019,winter,2,28.92,35.32,0.1000,90.00,false,
DE_LU,2019,winter,3,27.80,34.86,0.1111,90.00,false,
DE_LU,2019,winter,4,28.32,35.78,0.1000,90.00,false,
DE_LU,2019,winter,5,30.76,36.22,0.0556,90.00,false,
DE_LU,2019,winter,6,37.55,42.57,0.0667,90.00,false,
DE_LU,2019,winter,7,45.46,48.96,0.0333,90.00,false,
DE_LU,2019,winter,8,48.82,50.47,0.0333,90.00,false,
DE_LU,2019,winter,9,48.25,49.94,0.0222,90.00,false,
DE_LU,2019,winter,10,46.70,46.00,0.0333,90.00,false,
DE_LU,2019,winter,11,45.97,44.65,0.0111,90.00,false,
DE_LU,2019,winter,12,44.50,43.44,0.0111,90.00,false,
DE_LU,2019,winter,13,43.75,43.09,0.0333,90.00,false,
DE_LU,2019,winter,14,44.21,44.66,0.0444,90.00,false,
DE_LU,2019,winter,15,45.34,45.06,0.0222,90.00,false,
DE_LU,2019,winter,16,47.47,46.71,0.0111,90.00,false,
DE_LU,2019,winter,17,52.17,51.31,0.0000,90.00,false,
DE_LU,2019,winter,18,52.70,51.96,0.0000,90.00,false,
DE_LU,2019,winter,19,49.76,50.78,0.0111,90.00,false,
DE_LU,2019,winter,20,45.21,46.53,0.0222,90.00,false,
DE_LU,2019,winter,21,40.87,41.62,0.0222,90.00,false,
DE_LU,2019,winter,22,40.18,41.49,0.0111,90.00,false,
DE_LU,2019,winter,23,34.99,37.37,0.0333,90.00,false,
DE_LU,2020,autumn,0,30.56,33.08,0.0110,91.00,false,
DE_LU,2020,autumn,1,29.28,31.92,0.0110,91.00,false,
DE_LU,2020,autumn,2,27.61,30.94,0.0326,92.00,false,
DE_LU,2020,autumn,3,26.44,29.74,0.0440,91.00,false,
DE_LU,2020,autumn,4,27.01,29.70,0.0440,91.00,false,
DE_LU,2020,autumn,5,29.86,32.04,0.0110,91.00,false,
DE_LU,2020,autumn,6,37.47,39.03,0.0220,91.00,false,
DE_LU,2020,autumn,7,44.95,46.64,0.0110,91.00,false,
DE_LU,2020,autumn,8,48.98,49.01,0.0000,91.00,false,
DE_LU,2020,autumn,9,46.13,45.98,0.0220,91.00,false,
DE_LU,2020,autumn,10,41.99,44.05,0.0220,91.00,false,
DE_LU,2020,autumn,11,39.88,41.12,0.0110,91.00,false,
DE_LU,2020,autumn,12,36.79,38.22,0.0220,91.00,false,
DE_LU,2020,autumn,13,34.59,36.47,0.0330,91.00,false,
DE_LU,2020,autumn,14,34.96,35.97,0.0330,91.00,false,
DE_LU,2020,autumn,15,38.33,39.58,0.0220,91.00,false,
DE_LU,2020,autumn,16,41.20,42.18,0.0000,91.00,false,
DE_LU,2020,autumn,17,48.33,46.93,0.0000,91.00,false,
DE_LU,2020,autumn,18,52.00,50.10,0.0000,91.00,false,
DE_LU,2020,autumn,19,56.19,49.58,0.0000,91.00,false,
DE_LU,2020,autumn,20,47.96,44.91,0.0110,91.00,false,
DE_LU,2020,autumn,21,40.52,39.95,0.0000,91.00,false,
DE_LU,2020,autumn,22,37.26,38.00,0.0000,91.00,false,
DE_LU,2020,autumn,23,32.07,34.36,0.0000,91.00,false,
DE_LU,2020,spring,0,18.38,20.06,0.0217,92.00,false,
DE_LU,2020,spring,1,16.65,18.97,0.0217,92.00,false,
DE_LU,2020,spring,2,15.88,18.38,0.0220,91.00,false,
DE_LU,2020,spring,3,15.13,18.08,0.0435,92.00,false,
DE_LU,2020,spring,4,15.27,18.06,0.0326,92.00,false,
DE_LU,2020,spring,5,16.97,19.66,0.0326,92.00,false,
DE_LU,2020,spring,6,21.30,23.92,0.0326,92.00,false,
DE_LU,2020,spring,7,25.14,26.53,0.0326,92.00,false,
DE_LU,2020,spring,8,24.69,25.99,0.0435,92.00,false,
DE_LU,2020,spring,9,20.55,22.96,0.0652,92.00,false,
DE_LU,2020,spring,10,16.86,19.99,0.0978,92.00,false,
DE_LU,2020,spring,11,15.20,18.98,0.0978,92.00,false,
DE_LU,2020,spring,12,12.92,17.10,0.1087,92.00,false,
DE_LU,2020,spring,13,9.62,15.40,0.1413,92.00,false,
DE_LU,2020,spring,14,7.71,14.67,0.1739,92.00,false,
DE_LU,2020,spring,15,9.56,15.64,0.1522,92.00,false,
DE_LU,2020,spring,16,13.14,17.81,0.1087,92.00,false,
DE_LU,2020,spring,17,20.26,21.93,0.0435,92.00,false,
DE_LU,2020,spring,18,27.12,26.87,0.0109,92.00,false,
DE_LU,2020,spring,19,32.24,30.46,0.0000,92.00,false,
DE_LU,2020,spring,20,31.38,31.14,0.0000,92.00,false,
DE_LU,2020,spring,21,26.50,27.17,0.0000,92.00,false,
DE_LU,2020,spring,22,24.41,24.96,0.0000,92.00,false,
DE_LU,2020,spring,23,20.95,22.23,0.0000,92.00,false,
DE_LU,2020,summer,0,29.50,31.03,0.0000,92.00,false,
DE_LU,2020,summer,1,26.05,27.70,0.0000,92.00,false,
DE_LU,2020,summer,2,24.45,26.08,0.0109,92.00,false,
DE_LU,2020,summer,3,23.28,25.07,0.0109,92.00,false,
DE_LU,2020,summer,4,23.15,25.08,0.0109,92.00,false,
DE_LU,2020,summer,5,24.68,26.31,0.0109,92.00,false,
DE_LU,2020,summer,6,29.89,31.11,0.0109,92.00,false,
DE_LU,2020,summer,7,34.75,37.27,0.0109,92.00,false,
DE_LU,2020,summer,8,36.13,38.59,0.0109,92.00,false,
DE_LU,2020,summer,9,33.70,36.36,0.0109,92.00,false,
DE_LU,2020,summer,10,30.94,33.94,0.0109,92.00,false,
DE_LU,2020,summer,11,29.51,32.04,0.0109,92.00,false,
DE_LU,2020,summer,12,27.32,29.55,0.0109,92.00,false,
DE_LU,2020,summer,13,24.61,28.10,0.0761,92.00,false,
DE_LU,2020,summer,14,22.88,26.40,0.0652,92.00,false,
DE_LU,2020,summer,15,23.76,26.90,0.0761,92.00,false,
DE_LU,2020,summer,16,25.75,28.60,0.0326,92.00,false,
DE_LU,2020,summer,17,31.31,32.96,0.0109,92.00,false,
DE_LU,2020,summer,18,37.02,38.21,0.0109,92.00,false,
DE_LU,2020,summer,19,41.47,40.78,0.0000,92.00,false,
DE_LU,2020,summer,20,41.00,40.73,0.0000,92.00,false,
DE_LU,2020,summer,21,38.95,39.55,0.0000,92.00,false,
DE_LU,2020,summer,22,37.46,38.03,0.0000,92.00,false,
DE_LU,2020,summer,23,32.44,33.26,0.0000,92.00,false,
DE_LU,2020,winter,0,25.43,28.97,0.0879,91.00,false,
DE_LU,2020,winter,1,23.28,27.43,0.0769,91.00,false,
DE_LU,2020,winter,2,21.97,26.58,0.0989,91.00,false,
DE_LU,2020,winter,3,20.74,25.17,0.1319,91.00,false,
DE_LU,2020,winter,4,21.29,25.25,0.1099,91.00,false,
DE_LU,2020,winter,5,24.25,27.26,0.0989,91.00,false,
DE_LU,2020,winter,6,29.18,32.14,0.0549,91.00,false,
DE_LU,2020,winter,7,37.00,38.08,0.0440,91.00,false,
DE_LU,2020,winter,8,41.06,41.46,0.0330,91.00,false,
DE_LU,2020,winter,9,40.96,40.69,0.0440,91.00,false,
DE_LU,2020,winter,10,39.07,40.15,0.0440,91.00,false,
DE_LU,2020,winter,11,38.95,39.63,0.0440,91.00,false,
DE_LU,2020,winter,12,37.61,37.94,0.0440,91.00,false,
DE_LU,2020,winter,13,36.28,37.90,0.0440,91.00,false,
DE_LU,2020,winter,14,36.23,36.98,0.0440,91.00,false,
DE_LU,2020,winter,15,38.00,37.91,0.0440,91.00,false,
DE_LU,2020,winter,16,40.27,39.09,0.0330,91.00,false,
DE_LU,2020,winter,17,44.95,44.61,0.0220,91.00,false,
DE_LU,2020,winter,18,45.07,44.65,0.0110,91.00,false,
DE_LU,2020,winter,19,41.77,43.15,0.0110,91.00,false,
DE_LU,2020,winter,20,35.82,38.59,0.0220,91.00,false,
DE_LU,2020,winter,21,32.16,33.89,0.0440,91.00,false,
DE_LU,2020,winter,22,31.47,33.32,0.0220,91.00,false,
DE_LU,2020,winter,23,27.09,29.18,0.0549,91.00,false,
DE_LU,2021,autumn,0,116.51,113.90,0.0000,91.00,false,
DE_LU,2021,autumn,1,111.15,108.20,0.0110,91.00,false,
DE_LU,2021,autumn,2,106.21,103.83,0.0109,92.00,false,
DE_LU,2021,autumn,3,103.05,102.27,0.0110,91.00,false,
DE_LU,2021,autumn,4,106.21,105.97,0.0110,91.00,false,
DE_LU,2021,autumn,5,116.06,112.02,0.0110,91.00,false,
DE_LU,2021,autumn,6,147.08,148.90,0.0110,91.00,false,
DE_LU,2021,autumn,7,176.47,179.52,0.0110,91.00,false,
DE_LU,2021,autumn,8,186.65,188.17,0.0000,91.00,false,
DE_LU,2021,autumn,9,175.88,176.92,0.0000,91.00,false,
DE_LU,2021,autumn,10,163.05,169.94,0.0000,91.00,false,
DE_LU,2021,autumn,11,152.91,150.20,0.0000,91.00,false,
DE_LU,2021,autumn,12,143.40,133.19,0.0000,91.00,false,
DE_LU,2021,autumn,13,135.66,119.32,0.0000,91.00,false,
DE_LU,2021,autumn,14,135.63,125.10,0.0000,91.00,false,
DE_LU,2021,autumn,15,144.79,132.33,0.0000,91.00,false,
DE_LU,2021,autumn,16,157.91,145.07,0.0000,91.00,false,
DE_LU,2021,autumn,17,187.04,183.27,0.0000,91.00,false,
DE_LU,2021,autumn,18,200.04,190.00,0.0000,91.00,false,
DE_LU,2021,autumn,19,200.17,194.09,0.0000,91.00,false,
DE_LU,2021,autumn,20,176.11,179.18,0.0000,91.00,false,
DE_LU,2021,autumn,21,150.97,150.00,0.0000,91.00,false,
DE_LU,2021,autumn,22,138.92,138.68,0.0000,91.00,false,
DE_LU,2021,autumn,23,118.39,117.55,0.0000,91.00,false,
DE_LU,2021,spring,0,50.59,52.58,0.0109,92.00,false,
DE_LU,2021,spring,1,46.40,49.32,0.0217,92.00,false,
DE_LU,2021,spring,2,44.39,48.71,0.0220,91.00,false,
DE_LU,2021,spring,3,42.98,48.12,0.0326,92.00,false,
DE_LU,2021,spring,4,43.44,47.76,0.0326,92.00,false,
DE_LU,2021,spring,5,46.79,50.31,0.0326,92.00,false,
DE_LU,2021,spring,6,56.35,60.75,0.0326,92.00,false,
DE_LU,2021,spring,7,64.39,66.67,0.0326,92.00,false,
DE_LU,2021,spring,8,66.42,68.03,0.0217,92.00,false,
DE_LU,2021,spring,9,57.27,62.02,0.0326,92.00,false,
DE_LU,2021,spring,10,49.25,54.39,0.0326,92.00,false,
DE_LU,2021,spring,11,45.95,50.57,0.0652,92.00,false,
DE_LU,2021,spring,12,41.37,47.61,0.0978,92.00,false,
DE_LU,2021,spring,13,35.49,46.13,0.1196,92.00,false,
DE_LU,2021,spring,14,32.09,43.80,0.1413,92.00,false,
DE_LU,2021,spring,15,33.75,45.19,0.1304,92.00,false,
DE_LU,2021,spring,16,38.34,48.29,0.0978,92.00,false,
DE_LU,2021,spring,17,49.62,54.38,0.0326,92.00,false,
DE_LU,2021,spring,18,62.90,64.10,0.0000,92.00,false,
DE_LU,2021,spring,19,72.90,76.00,0.0000,92.00,false,
DE_LU,2021,spring,20,70.80,72.41,0.0000,92.00,false,
DE_LU,2021,spring,21,65.14,66.08,0.0000,92.00,false,
DE_LU,2021,spring,22,61.75,61.86,0.0000,92.00,false,
DE_LU,2021,spring,23,54.01,53.56,0.0109,92.00,false,
DE_LU,2021,summer,0,75.90,78.39,0.0000,92.00,false,
DE_LU,2021,summer,1,70.65,74.55,0.0000,92.00,false,
DE_LU,2021,summer,2,68.02,71.04,0.0000,92.00,false,
DE_LU,2021,summer,3,66.09,70.01,0.0000,92.00,false,
DE_LU,2021,summer,4,66.16,69.11,0.0000,92.00,false,
DE_LU,2021,summer,5,69.21,71.34,0.0000,92.00,false,
DE_LU,2021,summer,6,81.31,84.44,0.0000,92.00,false,
DE_LU,2021,summer,7,90.59,96.10,0.0109,92.00,false,
DE_LU,2021,summer,8,92.91,97.27,0.0109,92.00,false,
DE_LU,2021,summer,9,86.61,90.78,0.0109,92.00,false,
DE_LU,2021,summer,10,79.92,84.04,0.0109,92.00,false,
DE_LU,2021,summer,11,76.43,81.00,0.0217,92.00,false,
DE_LU,2021,summer,12,73.14,78.64,0.0435,92.00,false,
DE_LU,2021,summer,13,66.83,73.27,0.0543,92.00,false,
DE_LU,2021,summer,14,63.25,69.77,0.0761,92.00,false,
DE_LU,2021,summer,15,64.31,71.81,0.0652,92.00,false,
DE_LU,2021,summer,16,68.79,74.52,0.0435,92.00,false,
DE_LU,2021,summer,17,79.59,83.46,0.0109,92.00,false,
DE_LU,2021,summer,18,91.39,93.35,0.0000,92.00,false,
DE_LU,2021,summer,19,101.13,99.96,0.0000,92.00,false,
DE_LU,2021,summer,20,102.27,100.00,0.0000,92.00,false,
DE_LU,2021,summer,21,97.21,97.07,0.0000,92.00,false,
DE_LU,2021,summer,22,92.00,92.93,0.0000,92.00,false,
DE_LU,2021,summer,23,82.84,84.06,0.0000,92.00,false,
DE_LU,2021,winter,0,83.95,46.85,0.0111,90.00,false,
DE_LU,2021,winter,1,78.13,45.01,0.0111,90.00,false,
DE_LU,2021,winter,2,75.37,44.11,0.0222,90.00,false,
DE_LU,2021,winter,3,73.46,42.75,0.0222,90.00,false,
DE_LU,2021,winter,4,74.29,43.22,0.0222,90.00,false,
DE_LU,2021,winter,5,80.82,45.20,0.0111,90.00,false,
DE_LU,2021,winter,6,97.13,52.39,0.0222,90.00,false,
DE_LU,2021,winter,7,118.92,62.46,0.0222,90.00,false,
DE_LU,2021,winter,8,129.61,67.22,0.0111,90.00,false,
DE_LU,2021,winter,9,130.73,66.41,0.0000,90.00,false,
DE_LU,2021,winter,10,127.19,65.22,0.0000,90.00,false,
DE_LU,2021,winter,11,127.49,65.37,0.0000,90.00,false,
DE_LU,2021,winter,12,123.58,61.45,0.0000,90.00,false,
DE_LU,2021,winter,13,119.28,60.66,0.0000,90.00,false,
DE_LU,2021,winter,14,120.64,59.54,0.0000,90.00,false,
DE_LU,2021,winter,15,124.03,58.18,0.0000,90.00,false,
DE_LU,2021,winter,16,130.96,62.51,0.0000,90.00,false,
DE_LU,2021,winter,17,143.04,67.10,0.0000,90.00,false,
DE_LU,2021,winter,18,139.66,71.34,0.0000,90.00,false,
DE_LU,2021,winter,19,127.68,65.71,0.0000,90.00,false,
DE_LU,2021,winter,20,115.22,59.81,0.0000,90.00,false,
DE_LU,2021,winter,21,102.34,54.98,0.0000,90.00,false,
DE_LU,2021,winter,22,99.58,53.48,0.0000,90.00,false,
DE_LU,2021,winter,23,84.53,48.50,0.0000,90.00,false,
DE_LU,2022,autumn,0,184.17,143.22,0.0000,91.00,false,
DE_LU,2022,autumn,1,171.40,135.71,0.0000,91.00,false,
DE_LU,2022,autumn,2,163.40,129.52,0.0000,92.00,false,
DE_LU,2022,autumn,3,158.40,126.80,0.0000,91.00,false,
DE_LU,2022,autumn,4,162.68,130.65,0.0000,91.00,false,
DE_LU,2022,autumn,5,181.77,147.12,0.0000,91.00,false,
DE_LU,2022,autumn,6,228.34,178.00,0.0000,91.00,false,
DE_LU,2022,autumn,7,271.89,227.79,0.0000,91.00,false,
DE_LU,2022,autumn,8,285.98,247.74,0.0000,91.00,false,
DE_LU,2022,autumn,9,257.71,216.69,0.0000,91.00,false,
DE_LU,2022,autumn,10,231.84,193.73,0.0000,91.00,false,
DE_LU,2022,autumn,11,211.56,174.76,0.0000,91.00,false,
DE_LU,2022,autumn,12,193.67,162.98,0.0000,91.00,false,
DE_LU,2022,autumn,13,184.38,153.35,0.0000,91.00,false,
DE_LU,2022,autumn,14,189.08,157.13,0.0000,91.00,false,
DE_LU,2022,autumn,15,205.22,174.10,0.0000,91.00,false,
DE_LU,2022,autumn,16,228.05,204.07,0.0000,91.00,false,
DE_LU,2022,autumn,17,275.60,240.70,0.0000,91.00,false,
DE_LU,2022,autumn,18,305.87,273.00,0.0000,91.00,false,
DE_LU,2022,autumn,19,321.93,272.49,0.0000,91.00,false,
DE_LU,2022,autumn,20,283.65,232.22,0.0000,91.00,false,
DE_LU,2022,autumn,21,243.38,197.78,0.0000,91.00,false,
DE_LU,2022,autumn,22,224.05,169.49,0.0000,91.00,false,
DE_LU,2022,autumn,23,195.81,155.03,0.0000,91.00,false,
DE_LU,2022,spring,0,192.34,200.79,0.0000,92.00,false,
DE_LU,2022,spring,1,182.85,192.42,0.0000,92.00,false,
DE_LU,2022,spring,2,177.76,185.58,0.0000,91.00,false,
DE_LU,2022,spring,3,175.39,183.89,0.0000,92.00,false,
DE_LU,2022,spring,4,179.34,184.22,0.0000,92.00,false,
DE_LU,2022,spring,5,192.05,195.87,0.0000,92.00,false,
DE_LU,2022,spring,6,223.82,227.09,0.0000,92.00,false,
DE_LU,2022,spring,7,243.04,249.00,0.0000,92.00,false,
DE_LU,2022,spring,8,238.10,249.61,0.0000,92.00,false,
DE_LU,2022,spring,9,208.35,218.97,0.0000,92.00,false,
DE_LU,2022,spring,10,181.71,195.44,0.0217,92.00,false,
DE_LU,2022,spring,11,169.45,190.32,0.0217,92.00,false,
DE_LU,2022,spring,12,156.98,179.99,0.0435,92.00,false,
DE_LU,2022,spring,13,145.17,172.33,0.0652,92.00,false,
DE_LU,2022,spring,14,142.46,169.30,0.0761,92.00,false,
DE_LU,2022,spring,15,153.31,174.03,0.0543,92.00,false,
DE_LU,2022,spring,16,171.65,183.91,0.0326,92.00,false,
DE_LU,2022,spring,17,208.73,204.40,0.0000,92.00,false,
DE_LU,2022,spring,18,245.52,233.60,0.0000,92.00,false,
DE_LU,2022,spring,19,267.73,257.97,0.0000,92.00,false,
DE_LU,2022,spring,20,254.45,252.41,0.0000,92.00,false,
DE_LU,2022,spring,21,234.45,239.36,0.0000,92.00,false,
DE_LU,2022,spring,22,223.83,227.21,0.0000,92.00,false,
DE_LU,2022,spring,23,200.96,203.41,0.0000,92.00,false,
DE_LU,2022,summer,0,343.64,333.38,0.0000,92.00,false,
DE_LU,2022,summer,1,314.75,299.48,0.0000,92.00,false,
DE_LU,2022,summer,2,302.60,291.82,0.0000,92.00,false,
DE_LU,2022,summer,3,293.83,279.28,0.0000,92.00,false,
DE_LU,2022,summer,4,292.56,272.52,0.0000,92.00,false,
DE_LU,2022,summer,5,308.03,300.22,0.0000,92.00,false,
DE_LU,2022,summer,6,356.62,363.94,0.0000,92.00,false,
DE_LU,2022,summer,7,381.62,390.86,0.0000,92.00,false,
DE_LU,2022,summer,8,382.95,394.99,0.0000,92.00,false,
DE_LU,2022,summer,9,348.78,350.80,0.0000,92.00,false,
DE_LU,2022,summer,10,313.42,303.46,0.0000,92.00,false,
DE_LU,2022,summer,11,289.70,271.18,0.0000,92.00,false,
DE_LU,2022,summer,12,264.52,243.98,0.0000,92.00,false,
DE_LU,2022,summer,13,245.68,227.93,0.0217,92.00,false,
DE_LU,2022,summer,14,236.49,210.88,0.0217,92.00,false,
DE_LU,2022,summer,15,251.47,228.41,0.0217,92.00,false,
DE_LU,2022,summer,16,276.54,255.94,0.0000,92.00,false,
DE_LU,2022,summer,17,334.08,327.79,0.0000,92.00,false,
DE_LU,2022,summer,18,391.40,376.26,0.0000,92.00,false,
DE_LU,2022,summer,19,440.08,432.13,0.0000,92.00,false,
DE_LU,2022,summer,20,445.67,437.62,0.0000,92.00,false,
DE_LU,2022,summer,21,427.30,425.63,0.0000,92.00,false,
DE_LU,2022,summer,22,408.64,406.65,0.0000,92.00,false,
DE_LU,2022,summer,23,365.27,371.96,0.0000,92.00,false,
DE_LU,2022,winter,0,146.06,129.58,0.0222,90.00,false,
DE_LU,2022,winter,1,138.36,118.14,0.0333,90.00,false,
DE_LU,2022,winter,2,134.39,115.55,0.0333,90.00,false,
DE_LU,2022,winter,3,129.66,115.71,0.0333,90.00,false,
DE_LU,2022,winter,4,131.67,123.47,0.0333,90.00,false,
DE_LU,2022,winter,5,143.37,137.96,0.0222,90.00,false,
DE_LU,2022,winter,6,166.78,167.12,0.0222,90.00,false,
DE_LU,2022,winter,7,202.83,187.49,0.0111,90.00,false,
DE_LU,2022,winter,8,219.03,212.22,0.0000,90.00,false,
DE_LU,2022,winter,9,215.68,197.48,0.0111,90.00,false,
DE_LU,2022,winter,10,205.61,184.98,0.0222,90.00,false,
DE_LU,2022,winter,11,202.47,171.49,0.0222,90.00,false,
DE_LU,2022,winter,12,192.87,165.83,0.0222,90.00,false,
DE_LU,2022,winter,13,187.38,156.38,0.0222,90.00,false,
DE_LU,2022,winter,14,192.60,169.36,0.0222,90.00,false,
DE_LU,2022,winter,15,202.55,186.80,0.0111,90.00,false,
DE_LU,2022,winter,16,213.31,192.73,0.0111,90.00,false,
DE_LU,2022,winter,17,238.56,217.39,0.0111,90.00,false,
DE_LU,2022,winter,18,239.64,229.79,0.0111,90.00,false,
DE_LU,2022,winter,19,224.36,218.07,0.0111,90.00,false,
DE_LU,2022,winter,20,201.60,190.20,0.0111,90.00,false,
DE_LU,2022,winter,21,179.17,167.97,0.0111,90.00,false,
DE_LU,2022,winter,22,170.61,161.62,0.0111,90.00,false,
DE_LU,2022,winter,23,149.70,124.05,0.0222,90.00,false,
DE_LU,2023,autumn,0,76.74,89.48,0.0220,91.00,false,
DE_LU,2023,autumn,1,71.17,86.82,0.0330,91.00,false,
DE_LU,2023,autumn,2,67.39,83.09,0.0435,92.00,false,
DE_LU,2023,autumn,3,65.44,83.35,0.0440,91.00,false,
DE_LU,2023,autumn,4,66.46,84.13,0.0440,91.00,false,
DE_LU,2023,autumn,5,73.69,90.73,0.0220,91.00,false,
DE_LU,2023,autumn,6,95.90,100.06,0.0220,91.00,false,
DE_LU,2023,autumn,7,116.50,117.02,0.0220,91.00,false,
DE_LU,2023,autumn,8,115.60,121.22,0.0000,91.00,false,
DE_LU,2023,autumn,9,103.05,104.97,0.0110,91.00,false,
DE_LU,2023,autumn,10,88.30,91.28,0.0220,91.00,false,
DE_LU,2023,autumn,11,80.10,86.67,0.0549,91.00,false,
DE_LU,2023,autumn,12,73.32,79.00,0.0989,91.00,false,
DE_LU,2023,autumn,13,68.98,76.08,0.0879,91.00,false,
DE_LU,2023,autumn,14,72.31,81.01,0.0989,91.00,false,
DE_LU,2023,autumn,15,83.75,90.07,0.0659,91.00,false,
DE_LU,2023,autumn,16,96.84,96.47,0.0220,91.00,false,
DE_LU,2023,autumn,17,118.53,116.84,0.0000,91.00,false,
DE_LU,2023,autumn,18,138.30,135.10,0.0000,91.00,false,
DE_LU,2023,autumn,19,154.13,140.47,0.0000,91.00,false,
DE_LU,2023,autumn,20,126.16,126.80,0.0000,91.00,false,
DE_LU,2023,autumn,21,102.99,110.52,0.0000,91.00,false,
DE_LU,2023,autumn,22,94.88,103.97,0.0000,91.00,false,
DE_LU,2023,autumn,23,81.93,94.75,0.0110,91.00,false,
DE_LU,2023,spring,0,95.05,98.79,0.0000,92.00,false,
DE_LU,2023,spring,1,88.63,94.05,0.0000,92.00,false,
DE_LU,2023,spring,2,87.20,91.01,0.0000,91.00,false,
DE_LU,2023,spring,3,85.11,90.01,0.0000,92.00,false,
DE_LU,2023,spring,4,85.81,91.05,0.0000,92.00,false,
DE_LU,2023,spring,5,92.14,96.09,0.0000,92.00,false,
DE_LU,2023,spring,6,107.04,106.76,0.0000,92.00,false,
DE_LU,2023,spring,7,118.76,118.66,0.0000,92.00,false,
DE_LU,2023,spring,8,118.33,113.72,0.0000,92.00,false,
DE_LU,2023,spring,9,102.12,104.13,0.0217,92.00,false,
DE_LU,2023,spring,10,87.25,91.92,0.0435,92.00,false,
DE_LU,2023,spring,11,76.87,84.62,0.0435,92.00,false,
DE_LU,2023,spring,12,67.79,80.41,0.0978,92.00,false,
DE_LU,2023,spring,13,59.77,74.61,0.1304,92.00,false,
DE_LU,2023,spring,14,57.95,72.31,0.1413,92.00,false,
DE_LU,2023,spring,15,62.70,77.82,0.0870,92.00,false,
DE_LU,2023,spring,16,75.66,84.35,0.0543,92.00,false,
DE_LU,2023,spring,17,96.95,100.12,0.0217,92.00,false,
DE_LU,2023,spring,18,117.94,116.88,0.0000,92.00,false,
DE_LU,2023,spring,19,132.94,132.89,0.0000,92.00,false,
DE_LU,2023,spring,20,131.48,131.69,0.0000,92.00,false,
DE_LU,2023,spring,21,119.56,122.79,0.0000,92.00,false,
DE_LU,2023,spring,22,110.69,112.62,0.0000,92.00,false,
DE_LU,2023,spring,23,100.46,101.66,0.0000,92.00,false,
DE_LU,2023,summer,0,96.77,99.40,0.0109,92.00,false,
DE_LU,2023,summer,1,88.90,94.04,0.0109,92.00,false,
DE_LU,2023,summer,2,84.08,90.72,0.0109,92.00,false,
DE_LU,2023,summer,3,81.05,88.24,0.0217,92.00,false,
DE_LU,2023,summer,4,81.38,88.83,0.0326,92.00,false,
DE_LU,2023,summer,5,86.87,93.49,0.0326,92.00,false,
DE_LU,2023,summer,6,102.79,107.41,0.0217,92.00,false,
DE_LU,2023,summer,7,111.31,116.47,0.0217,92.00,false,
DE_LU,2023,summer,8,104.54,111.96,0.0326,92.00,false,
DE_LU,2023,summer,9,89.41,96.25,0.0326,92.00,false,
DE_LU,2023,summer,10,75.43,85.10,0.0543,92.00,false,
DE_LU,2023,summer,11,65.81,77.86,0.0978,92.00,false,
DE_LU,2023,summer,12,56.88,69.92,0.1304,92.00,false,
DE_LU,2023,summer,13,47.69,62.49,0.1522,92.00,false,
DE_LU,2023,summer,14,43.33,61.30,0.1630,92.00,false,
DE_LU,2023,summer,15,50.81,66.42,0.1522,92.00,false,
DE_LU,2023,summer,16,64.37,79.72,0.1087,92.00,false,
DE_LU,2023,summer,17,82.74,93.04,0.0652,92.00,false,
DE_LU,2023,summer,18,103.90,104.43,0.0109,92.00,false,
DE_LU,2023,summer,19,128.33,126.08,0.0000,92.00,false,
DE_LU,2023,summer,20,137.87,135.95,0.0000,92.00,false,
DE_LU,2023,summer,21,128.96,128.64,0.0000,92.00,false,
DE_LU,2023,summer,22,116.12,118.44,0.0000,92.00,false,
DE_LU,2023,summer,23,102.59,102.42,0.0109,92.00,false,
DE_LU,2023,winter,0,83.92,93.94,0.0667,90.00,false,
DE_LU,2023,winter,1,79.36,88.91,0.0889,90.00,false,
DE_LU,2023,winter,2,77.68,86.88,0.0889,90.00,false,
DE_LU,2023,winter,3,74.48,84.02,0.0889,90.00,false,
DE_LU,2023,winter,4,74.89,83.51,0.0889,90.00,false,
DE_LU,2023,winter,5,81.12,89.97,0.0889,90.00,false,
DE_LU,2023,winter,6,98.18,104.59,0.0556,90.00,false,
DE_LU,2023,winter,7,114.86,114.96,0.0667,90.00,false,
DE_LU,2023,winter,8,126.27,122.72,0.0444,90.00,false,
DE_LU,2023,winter,9,122.65,123.92,0.0444,90.00,false,
DE_LU,2023,winter,10,114.99,122.66,0.0444,90.00,false,
DE_LU,2023,winter,11,110.18,119.54,0.0556,90.00,false,
DE_LU,2023,winter,12,105.59,115.69,0.0444,90.00,false,
DE_LU,2023,winter,13,101.84,111.16,0.0444,90.00,false,
DE_LU,2023,winter,14,104.25,114.43,0.0111,90.00,false,
DE_LU,2023,winter,15,110.53,119.24,0.0111,90.00,false,
DE_LU,2023,winter,16,118.09,122.24,0.0111,90.00,false,
DE_LU,2023,winter,17,130.80,131.14,0.0111,90.00,false,
DE_LU,2023,winter,18,134.43,138.46,0.0111,90.00,false,
DE_LU,2023,winter,19,125.37,128.23,0.0111,90.00,false,
DE_LU,2023,winter,20,113.81,114.52,0.0111,90.00,false,
DE_LU,2023,winter,21,104.84,103.78,0.0111,90.00,false,
DE_LU,2023,winter,22,101.26,104.53,0.0111,90.00,false,
DE_LU,2023,winter,23,89.17,92.71,0.0111,90.00,false,
DE_LU,2024,autumn,0,78.18,89.53,0.0440,91.00,false,
DE_LU,2024,autumn,1,73.68,83.23,0.0440,91.00,false,
DE_LU,2024,autumn,2,71.47,82.01,0.0543,92.00,false,
DE_LU,2024,autumn,3,69.75,81.52,0.0549,91.00,false,
DE_LU,2024,autumn,4,71.03,81.19,0.0549,91.00,false,
DE_LU,2024,autumn,5,77.31,86.92,0.0440,91.00,false,
DE_LU,2024,autumn,6,93.71,100.32,0.0330,91.00,false,
DE_LU,2024,autumn,7,116.71,119.48,0.0220,91.00,false,
DE_LU,2024,autumn,8,118.69,120.39,0.0110,91.00,false,
DE_LU,2024,autumn,9,100.48,107.41,0.0110,91.00,false,
DE_LU,2024,autumn,10,83.75,91.19,0.0220,91.00,false,
DE_LU,2024,autumn,11,72.09,81.48,0.0440,91.00,false,
DE_LU,2024,autumn,12,64.39,75.75,0.0879,91.00,false,
DE_LU,2024,autumn,13,62.45,73.49,0.1758,91.00,false,
DE_LU,2024,autumn,14,66.63,75.82,0.1538,91.00,false,
DE_LU,2024,autumn,15,79.68,83.98,0.0989,91.00,false,
DE_LU,2024,autumn,16,101.78,95.00,0.0330,91.00,false,
DE_LU,2024,autumn,17,132.48,116.08,0.0000,91.00,false,
DE_LU,2024,autumn,18,150.21,134.65,0.0000,91.00,false,
DE_LU,2024,autumn,19,150.70,133.16,0.0000,91.00,false,
DE_LU,2024,autumn,20,118.85,115.74,0.0000,91.00,false,
DE_LU,2024,autumn,21,97.98,99.90,0.0000,91.00,false,
DE_LU,2024,autumn,22,91.36,95.10,0.0000,91.00,false,
DE_LU,2024,autumn,23,81.55,87.83,0.0000,91.00,false,
DE_LU,2024,spring,0,66.95,70.40,0.0000,92.00,false,
DE_LU,2024,spring,1,62.43,66.56,0.0000,92.00,false,
DE_LU,2024,spring,2,60.24,64.73,0.0110,91.00,false,
DE_LU,2024,spring,3,59.78,64.19,0.0109,92.00,false,
DE_LU,2024,spring,4,60.99,64.38,0.0109,92.00,false,
DE_LU,2024,spring,5,65.97,70.50,0.0109,92.00,false,
DE_LU,2024,spring,6,78.50,81.71,0.0109,92.00,false,
DE_LU,2024,spring,7,86.90,86.34,0.0109,92.00,false,
DE_LU,2024,spring,8,77.96,81.50,0.0326,92.00,false,
DE_LU,2024,spring,9,61.00,68.21,0.0543,92.00,false,
DE_LU,2024,spring,10,48.50,54.34,0.1196,92.00,false,
DE_LU,2024,spring,11,39.56,48.28,0.2065,92.00,false,
DE_LU,2024,spring,12,31.58,38.23,0.2609,92.00,false,
DE_LU,2024,spring,13,26.24,31.54,0.2935,92.00,false,
DE_LU,2024,spring,14,26.98,35.37,0.3152,92.00,false,
DE_LU,2024,spring,15,35.04,46.55,0.2500,92.00,false,
DE_LU,2024,spring,16,46.95,61.56,0.1522,92.00,false,
DE_LU,2024,spring,17,69.00,78.56,0.0652,92.00,false,
DE_LU,2024,spring,18,91.56,93.67,0.0000,92.00,false,
DE_LU,2024,spring,19,109.15,108.20,0.0000,92.00,false,
DE_LU,2024,spring,20,108.26,103.23,0.0000,92.00,false,
DE_LU,2024,spring,21,91.06,84.55,0.0000,92.00,false,
DE_LU,2024,spring,22,79.86,78.29,0.0000,92.00,false,
DE_LU,2024,spring,23,70.30,71.94,0.0000,92.00,false,
DE_LU,2024,summer,0,87.09,92.65,0.0109,92.00,false,
DE_LU,2024,summer,1,79.49,85.50,0.0217,92.00,false,
DE_LU,2024,summer,2,75.07,82.19,0.0217,92.00,false,
DE_LU,2024,summer,3,73.20,82.87,0.0217,92.00,false,
DE_LU,2024,summer,4,73.07,82.32,0.0217,92.00,false,
DE_LU,2024,summer,5,78.73,86.48,0.0217,92.00,false,
DE_LU,2024,summer,6,96.70,107.59,0.0217,92.00,false,
DE_LU,2024,summer,7,101.92,113.16,0.0217,92.00,false,
DE_LU,2024,summer,8,87.26,100.96,0.0543,92.00,false,
DE_LU,2024,summer,9,66.06,78.61,0.0978,92.00,false,
DE_LU,2024,summer,10,47.72,58.65,0.1630,92.00,false,
DE_LU,2024,summer,11,35.41,38.12,0.2174,92.00,false,
DE_LU,2024,summer,12,26.29,24.32,0.3043,92.00,false,
DE_LU,2024,summer,13,18.65,17.45,0.3696,92.00,false,
DE_LU,2024,summer,14,16.72,15.61,0.4022,92.00,false,
DE_LU,2024,summer,15,24.66,24.88,0.3152,92.00,false,
DE_LU,2024,summer,16,40.25,50.58,0.2391,92.00,false,
DE_LU,2024,summer,17,61.14,77.52,0.1304,92.00,false,
DE_LU,2024,summer,18,87.73,94.06,0.0109,92.00,false,
DE_LU,2024,summer,19,123.82,116.81,0.0000,92.00,false,
DE_LU,2024,summer,20,152.55,141.36,0.0000,92.00,false,
DE_LU,2024,summer,21,128.98,125.57,0.0000,92.00,false,
DE_LU,2024,summer,22,107.51,108.72,0.0000,92.00,false,
DE_LU,2024,summer,23,91.40,93.77,0.0000,92.00,false,
DE_LU,2024,winter,0,63.95,64.27,0.0330,91.00,false,
DE_LU,2024,winter,1,59.06,60.92,0.0440,91.00,false,
DE_LU,2024,winter,2,56.81,59.50,0.0549,91.00,false,
DE_LU,2024,winter,3,54.50,57.06,0.0549,91.00,false,
DE_LU,2024,winter,4,54.88,57.07,0.0769,91.00,false,
DE_LU,2024,winter,5,59.86,61.75,0.0549,91.00,false,
DE_LU,2024,winter,6,70.69,70.53,0.0330,91.00,false,
DE_LU,2024,winter,7,90.85,81.57,0.0220,91.00,false,
DE_LU,2024,winter,8,101.39,88.40,0.0110,91.00,false,
DE_LU,2024,winter,9,98.58,84.86,0.0000,91.00,false,
DE_LU,2024,winter,10,91.61,78.90,0.0000,91.00,false,
DE_LU,2024,winter,11,87.30,75.15,0.0000,91.00,false,
DE_LU,2024,winter,12,83.40,70.24,0.0000,91.00,false,
DE_LU,2024,winter,13,82.62,70.40,0.0000,91.00,false,
DE_LU,2024,winter,14,86.59,73.39,0.0000,91.00,false,
DE_LU,2024,winter,15,95.96,79.49,0.0000,91.00,false,
DE_LU,2024,winter,16,104.66,83.67,0.0000,91.00,false,
DE_LU,2024,winter,17,114.83,93.90,0.0000,91.00,false,
DE_LU,2024,winter,18,110.52,96.00,0.0000,91.00,false,
DE_LU,2024,winter,19,101.96,89.08,0.0000,91.00,false,
DE_LU,2024,winter,20,88.14,80.93,0.0000,91.00,false,
DE_LU,2024,winter,21,79.34,74.57,0.0000,91.00,false,
DE_LU,2024,winter,22,76.24,72.44,0.0000,91.00,false,
DE_LU,2024,winter,23,66.98,65.10,0.0000,91.00,false,
DE_LU,2025,autumn,0,75.37,87.33,0.0330,91.00,false,
DE_LU,2025,autumn,1,71.07,83.26,0.0330,91.00,false,
DE_LU,2025,autumn,2,67.83,80.35,0.0353,92.00,false,
DE_LU,2025,autumn,3,67.35,79.21,0.0577,91.00,false,
DE_LU,2025,autumn,4,69.21,80.35,0.0604,91.00,false,
DE_LU,2025,autumn,5,75.43,85.00,0.0385,91.00,false,
DE_LU,2025,autumn,6,92.18,95.43,0.0302,91.00,false,
DE_LU,2025,autumn,7,116.59,109.47,0.0302,91.00,false,
DE_LU,2025,autumn,8,115.25,110.00,0.0412,91.00,false,
DE_LU,2025,autumn,9,96.64,98.19,0.0549,91.00,false,
DE_LU,2025,autumn,10,80.31,85.54,0.0769,91.00,false,
DE_LU,2025,autumn,11,69.75,76.14,0.1126,91.00,false,
DE_LU,2025,autumn,12,62.72,73.94,0.1621,91.00,false,
DE_LU,2025,autumn,13,61.03,73.16,0.1951,91.00,false,
DE_LU,2025,autumn,14,66.74,77.26,0.1868,91.00,false,
DE_LU,2025,autumn,15,79.66,84.11,0.1566,91.00,false,
DE_LU,2025,autumn,16,94.46,95.00,0.0714,91.00,false,
DE_LU,2025,autumn,17,117.10,114.01,0.0357,91.00,false,
DE_LU,2025,autumn,18,139.87,123.65,0.0055,91.00,false,
DE_LU,2025,autumn,19,153.90,123.29,0.0000,91.00,false,
DE_LU,2025,autumn,20,119.08,113.95,0.0082,91.00,false,
DE_LU,2025,autumn,21,97.26,98.92,0.0082,91.00,false,
DE_LU,2025,autumn,22,89.63,96.35,0.0110,91.00,false,
DE_LU,2025,autumn,23,78.67,87.18,0.0110,91.00,false,
DE_LU,2025,spring,0,92.58,95.53,0.0000,92.00,false,
DE_LU,2025,spring,1,86.38,90.14,0.0000,92.00,false,
DE_LU,2025,spring,2,84.85,89.06,0.0000,91.00,false,
DE_LU,2025,spring,3,83.18,89.05,0.0000,92.00,false,
DE_LU,2025,spring,4,84.91,91.32,0.0000,92.00,false,
DE_LU,2025,spring,5,92.45,97.85,0.0000,92.00,false,
DE_LU,2025,spring,6,109.79,114.92,0.0000,92.00,false,
DE_LU,2025,spring,7,117.19,122.36,0.0109,92.00,false,
DE_LU,2025,spring,8,99.97,102.07,0.0109,92.00,false,
DE_LU,2025,spring,9,72.12,79.41,0.0652,92.00,false,
DE_LU,2025,spring,10,45.30,42.74,0.1630,92.00,false,
DE_LU,2025,spring,11,28.89,3.31,0.3696,92.00,false,
DE_LU,2025,spring,12,16.23,0.06,0.4783,92.00,false,
DE_LU,2025,spring,13,7.58,0.00,0.5109,92.00,false,
DE_LU,2025,spring,14,11.87,0.10,0.4348,92.00,false,
DE_LU,2025,spring,15,30.46,21.33,0.4239,92.00,false,
DE_LU,2025,spring,16,51.80,65.75,0.2935,92.00,false,
DE_LU,2025,spring,17,82.78,85.56,0.0543,92.00,false,
DE_LU,2025,spring,18,119.80,107.81,0.0000,92.00,false,
DE_LU,2025,spring,19,137.53,133.84,0.0000,92.00,false,
DE_LU,2025,spring,20,141.03,139.86,0.0000,92.00,false,
DE_LU,2025,spring,21,120.64,123.73,0.0000,92.00,false,
DE_LU,2025,spring,22,107.34,109.10,0.0000,92.00,false,
DE_LU,2025,spring,23,95.79,98.64,0.0000,92.00,false,
DE_LU,2025,summer,0,94.80,96.35,0.0000,92.00,false,
DE_LU,2025,summer,1,88.27,89.99,0.0000,92.00,false,
DE_LU,2025,summer,2,84.89,86.91,0.0000,92.00,false,
DE_LU,2025,summer,3,83.22,85.16,0.0000,92.00,false,
DE_LU,2025,summer,4,84.58,86.76,0.0000,92.00,false,
DE_LU,2025,summer,5,90.10,91.54,0.0000,92.00,false,
DE_LU,2025,summer,6,99.53,104.49,0.0000,92.00,false,
DE_LU,2025,summer,7,98.20,106.76,0.0000,92.00,false,
DE_LU,2025,summer,8,87.50,98.65,0.0217,92.00,false,
DE_LU,2025,summer,9,65.90,81.70,0.0870,92.00,false,
DE_LU,2025,summer,10,46.48,61.79,0.2174,92.00,false,
DE_LU,2025,summer,11,32.66,13.61,0.2826,92.00,false,
DE_LU,2025,summer,12,21.58,5.67,0.4239,92.00,false,
DE_LU,2025,summer,13,13.62,1.54,0.4783,92.00,false,
DE_LU,2025,summer,14,13.11,0.05,0.4891,92.00,false,
DE_LU,2025,summer,15,22.51,4.09,0.4130,92.00,false,
DE_LU,2025,summer,16,36.97,33.41,0.2609,92.00,false,
DE_LU,2025,summer,17,65.26,78.01,0.0761,92.00,false,
DE_LU,2025,summer,18,92.28,96.57,0.0217,92.00,false,
DE_LU,2025,summer,19,119.57,110.31,0.0000,92.00,false,
DE_LU,2025,summer,20,141.73,123.90,0.0000,92.00,false,
DE_LU,2025,summer,21,133.92,123.60,0.0000,92.00,false,
DE_LU,2025,summer,22,115.56,112.52,0.0000,92.00,false,
DE_LU,2025,summer,23,101.14,102.31,0.0000,92.00,false,
DE_LU,2025,winter,0,92.61,91.15,0.0000,90.00,false,
DE_LU,2025,winter,1,88.57,89.98,0.0000,90.00,false,
DE_LU,2025,winter,2,85.73,86.62,0.0111,90.00,false,
DE_LU,2025,winter,3,84.14,87.06,0.0111,90.00,false,
DE_LU,2025,winter,4,85.52,88.21,0.0111,90.00,false,
DE_LU,2025,winter,5,90.17,89.33,0.0111,90.00,false,
DE_LU,2025,winter,6,103.22,98.53,0.0111,90.00,false,
DE_LU,2025,winter,7,124.35,120.64,0.0111,90.00,false,
DE_LU,2025,winter,8,140.97,129.68,0.0111,90.00,false,
DE_LU,2025,winter,9,128.48,124.57,0.0111,90.00,false,
DE_LU,2025,winter,10,115.25,110.29,0.0111,90.00,false,
DE_LU,2025,winter,11,107.23,104.48,0.0111,90.00,false,
DE_LU,2025,winter,12,102.58,97.76,0.0111,90.00,false,
DE_LU,2025,winter,13,103.12,99.59,0.0111,90.00,false,
DE_LU,2025,winter,14,109.12,106.11,0.0111,90.00,false,
DE_LU,2025,winter,15,121.72,120.36,0.0111,90.00,false,
DE_LU,2025,winter,16,134.09,132.79,0.0111,90.00,false,
DE_LU,2025,winter,17,148.05,143.77,0.0000,90.00,false,
DE_LU,2025,winter,18,145.50,142.66,0.0000,90.00,false,
DE_LU,2025,winter,19,133.84,136.04,0.0000,90.00,false,
DE_LU,2025,winter,20,120.22,120.07,0.0000,90.00,false,
DE_LU,2025,winter,21,109.61,111.90,0.0000,90.00,false,
DE_LU,2025,winter,22,105.86,107.69,0.0000,90.00,false,
DE_LU,2025,winter,23,95.92,99.23,0.0000,90.00,false,
DE_LU,2026,autumn,0,156.08,175.03,0.0000,33.00,true,current_year
DE_LU,2026,autumn,1,148.22,163.90,0.0000,33.00,true,current_year
DE_LU,2026,autumn,2,143.55,158.43,0.0000,33.00,true,current_year
DE_LU,2026,autumn,3,140.64,159.51,0.0000,33.00,true,current_year
DE_LU,2026,autumn,4,141.12,160.40,0.0000,33.00,true,current_year
DE_LU,2026,autumn,5,151.16,165.71,0.0000,33.00,true,current_year
DE_LU,2026,autumn,6,182.25,193.19,0.0000,33.00,true,current_year
DE_LU,2026,autumn,7,202.66,206.14,0.0000,33.00,true,current_year
DE_LU,2026,autumn,8,188.14,198.01,0.0000,33.00,true,current_year
DE_LU,2026,autumn,9,149.86,163.39,0.0227,33.00,true,current_year
DE_LU,2026,autumn,10,115.01,122.31,0.0985,33.00,true,current_year
DE_LU,2026,autumn,11,83.66,90.00,0.1591,33.00,true,current_year
DE_LU,2026,autumn,12,60.15,50.90,0.2045,33.00,true,current_year
DE_LU,2026,autumn,13,48.59,29.50,0.2500,33.00,true,current_year
DE_LU,2026,autumn,14,53.75,37.51,0.2500,33.00,true,current_year
DE_LU,2026,autumn,15,72.96,75.88,0.2045,33.00,true,current_year
DE_LU,2026,autumn,16,106.05,127.39,0.1288,33.00,true,current_year
DE_LU,2026,autumn,17,156.60,180.03,0.0606,33.00,true,current_year
DE_LU,2026,autumn,18,210.73,212.43,0.0000,33.00,true,current_year
DE_LU,2026,autumn,19,261.87,238.85,0.0000,33.00,true,current_year
DE_LU,2026,autumn,20,240.83,233.04,0.0000,33.00,true,current_year
DE_LU,2026,autumn,21,203.44,213.87,0.0000,33.00,true,current_year
DE_LU,2026,autumn,22,185.56,196.01,0.0000,33.00,true,current_year
DE_LU,2026,autumn,23,167.50,179.37,0.0000,33.00,true,current_year
DE_LU,2026,spring,0,109.10,116.55,0.0054,92.00,true,current_year
DE_LU,2026,spring,1,103.74,110.41,0.0109,92.00,true,current_year
DE_LU,2026,spring,2,101.63,109.75,0.0220,91.00,true,current_year
DE_LU,2026,spring,3,100.94,108.50,0.0217,92.00,true,current_year
DE_LU,2026,spring,4,102.63,110.03,0.0217,92.00,true,current_year
DE_LU,2026,spring,5,109.01,117.96,0.0163,92.00,true,current_year
DE_LU,2026,spring,6,123.14,131.51,0.0109,92.00,true,current_year
DE_LU,2026,spring,7,126.38,134.20,0.0136,92.00,true,current_year
DE_LU,2026,spring,8,108.57,118.32,0.0326,92.00,true,current_year
DE_LU,2026,spring,9,79.75,91.39,0.0897,92.00,true,current_year
DE_LU,2026,spring,10,51.95,56.97,0.2310,92.00,true,current_year
DE_LU,2026,spring,11,31.44,17.70,0.3859,92.00,true,current_year
DE_LU,2026,spring,12,15.75,6.22,0.4620,92.00,true,current_year
DE_LU,2026,spring,13,4.21,1.02,0.5000,92.00,true,current_year
DE_LU,2026,spring,14,10.37,4.61,0.4484,92.00,true,current_year
DE_LU,2026,spring,15,32.89,30.58,0.3505,92.00,true,current_year
DE_LU,2026,spring,16,62.62,74.62,0.2310,92.00,true,current_year
DE_LU,2026,spring,17,100.70,105.02,0.0788,92.00,true,current_year
DE_LU,2026,spring,18,136.78,134.32,0.0163,92.00,true,current_year
DE_LU,2026,spring,19,155.37,154.13,0.0000,92.00,true,current_year
DE_LU,2026,spring,20,157.28,153.04,0.0000,92.00,true,current_year
DE_LU,2026,spring,21,140.60,139.51,0.0000,92.00,true,current_year
DE_LU,2026,spring,22,127.25,129.39,0.0000,92.00,true,current_year
DE_LU,2026,spring,23,114.08,119.64,0.0000,92.00,true,current_year
DE_LU,2026,summer,0,143.55,146.27,0.0000,92.00,true,current_year
DE_LU,2026,summer,1,134.97,138.89,0.0000,92.00,true,current_year
DE_LU,2026,summer,2,129.03,134.23,0.0000,92.00,true,current_year
DE_LU,2026,summer,3,126.09,129.43,0.0000,92.00,true,current_year
DE_LU,2026,summer,4,126.26,131.42,0.0000,92.00,true,current_year
DE_LU,2026,summer,5,131.04,137.80,0.0000,92.00,true,current_year
DE_LU,2026,summer,6,141.68,149.36,0.0000,92.00,true,current_year
DE_LU,2026,summer,7,139.03,146.23,0.0136,92.00,true,current_year
DE_LU,2026,summer,8,123.53,131.53,0.0299,92.00,true,current_year
DE_LU,2026,summer,9,95.76,109.26,0.0707,92.00,true,current_year
DE_LU,2026,summer,10,69.82,85.14,0.1522,92.00,true,current_year
DE_LU,2026,summer,11,50.00,57.23,0.2745,92.00,true,current_year
DE_LU,2026,summer,12,36.08,25.11,0.3696,92.00,true,current_year
DE_LU,2026,summer,13,28.38,7.29,0.4076,92.00,true,current_year
DE_LU,2026,summer,14,29.21,8.86,0.3995,92.00,true,current_year
DE_LU,2026,summer,15,39.70,26.55,0.3207,92.00,true,current_year
DE_LU,2026,summer,16,60.19,70.76,0.2364,92.00,true,current_year
DE_LU,2026,summer,17,94.29,106.51,0.0842,92.00,true,current_year
DE_LU,2026,summer,18,133.17,138.00,0.0136,92.00,true,current_year
DE_LU,2026,summer,19,176.28,168.78,0.0000,92.00,true,current_year
DE_LU,2026,summer,20,203.40,185.35,0.0000,92.00,true,current_year
DE_LU,2026,summer,21,197.09,181.05,0.0000,92.00,true,current_year
DE_LU,2026,summer,22,174.83,169.32,0.0000,92.00,true,current_year
DE_LU,2026,summer,23,152.62,154.59,0.0000,92.00,true,current_year
DE_LU,2026,winter,0,89.25,93.99,0.0000,59.00,true,current_year
DE_LU,2026,winter,1,86.75,91.83,0.0000,59.00,true,current_year
DE_LU,2026,winter,2,84.59,88.04,0.0000,59.00,true,current_year
DE_LU,2026,winter,3,83.27,87.80,0.0042,59.00,true,current_year
DE_LU,2026,winter,4,83.25,88.21,0.0000,59.00,true,current_year
DE_LU,2026,winter,5,86.38,91.51,0.0000,59.00,true,current_year
DE_LU,2026,winter,6,96.33,98.73,0.0042,59.00,true,current_year
DE_LU,2026,winter,7,111.67,105.55,0.0085,59.00,true,current_year
DE_LU,2026,winter,8,121.30,114.86,0.0042,59.00,true,current_year
DE_LU,2026,winter,9,117.52,114.42,0.0169,59.00,true,current_year
DE_LU,2026,winter,10,109.30,110.00,0.0339,59.00,true,current_year
DE_LU,2026,winter,11,102.10,101.03,0.0466,59.00,true,current_year
DE_LU,2026,winter,12,96.62,99.20,0.0508,59.00,true,current_year
DE_LU,2026,winter,13,95.56,99.31,0.0508,59.00,true,current_year
DE_LU,2026,winter,14,100.76,102.24,0.0339,59.00,true,current_year
DE_LU,2026,winter,15,110.31,108.77,0.0042,59.00,true,current_year
DE_LU,2026,winter,16,122.40,119.36,0.0000,59.00,true,current_year
DE_LU,2026,winter,17,135.45,129.99,0.0000,59.00,true,current_year
DE_LU,2026,winter,18,132.65,129.67,0.0000,59.00,true,current_year
DE_LU,2026,winter,19,122.73,123.23,0.0000,59.00,true,current_year
DE_LU,2026,winter,20,109.42,110.98,0.0000,59.00,true,current_year
DE_LU,2026,winter,21,101.58,103.90,0.0000,59.00,true,current_year
DE_LU,2026,winter,22,98.60,101.92,0.0000,59.00,true,current_year
DE_LU,2026,winter,23,90.46,93.90,0.0127,59.00,true,current_year
ES,2019,autumn,0,42.74,43.28,0.0000,91.00,false,
ES,2019,autumn,1,40.11,40.00,0.0000,91.00,false,
ES,2019,autumn,2,37.83,38.69,0.0000,92.00,false,
ES,2019,autumn,3,36.46,36.35,0.0000,91.00,false,
ES,2019,autumn,4,36.04,35.99,0.0000,91.00,false,
ES,2019,autumn,5,37.17,38.07,0.0000,91.00,false,
ES,2019,autumn,6,40.22,40.61,0.0000,91.00,false,
ES,2019,autumn,7,45.14,47.00,0.0000,91.00,false,
ES,2019,autumn,8,46.44,50.00,0.0000,91.00,false,
ES,2019,autumn,9,47.68,50.14,0.0000,91.00,false,
ES,2019,autumn,10,46.71,48.62,0.0000,91.00,false,
ES,2019,autumn,11,45.58,46.90,0.0000,91.00,false,
ES,2019,autumn,12,44.96,46.14,0.0000,91.00,false,
ES,2019,autumn,13,44.53,45.56,0.0000,91.00,false,
ES,2019,autumn,14,42.89,43.21,0.0000,91.00,false,
ES,2019,autumn,15,42.02,41.68,0.0000,91.00,false,
ES,2019,autumn,16,42.49,42.01,0.0000,91.00,false,
ES,2019,autumn,17,44.93,45.16,0.0000,91.00,false,
ES,2019,autumn,18,48.10,48.01,0.0000,91.00,false,
ES,2019,autumn,19,50.83,51.61,0.0000,91.00,false,
ES,2019,autumn,20,51.31,51.83,0.0000,91.00,false,
ES,2019,autumn,21,49.71,50.17,0.0000,91.00,false,
ES,2019,autumn,22,46.06,46.96,0.0000,91.00,false,
ES,2019,autumn,23,42.82,43.80,0.0000,91.00,false,
ES,2019,spring,0,49.92,52.88,0.0000,92.00,false,
ES,2019,spring,1,46.73,47.11,0.0000,92.00,false,
ES,2019,spring,2,44.29,43.47,0.0000,91.00,false,
ES,2019,spring,3,43.56,43.72,0.0000,92.00,false,
ES,2019,spring,4,43.38,43.53,0.0000,92.00,false,
ES,2019,spring,5,44.76,45.29,0.0000,92.00,false,
ES,2019,spring,6,48.06,49.36,0.0000,92.00,false,
ES,2019,spring,7,50.57,52.77,0.0000,92.00,false,
ES,2019,spring,8,52.45,54.48,0.0000,92.00,false,
ES,2019,spring,9,53.24,54.71,0.0000,92.00,false,
ES,2019,spring,10,52.52,53.74,0.0000,92.00,false,
ES,2019,spring,11,51.82,53.19,0.0000,92.00,false,
ES,2019,spring,12,51.45,53.02,0.0000,92.00,false,
ES,2019,spring,13,50.57,52.44,0.0000,92.00,false,
ES,2019,spring,14,48.64,51.01,0.0000,92.00,false,
ES,2019,spring,15,46.41,49.47,0.0000,92.00,false,
ES,2019,spring,16,45.21,47.84,0.0000,92.00,false,
ES,2019,spring,17,45.78,48.68,0.0000,92.00,false,
ES,2019,spring,18,47.42,50.11,0.0000,92.00,false,
ES,2019,spring,19,50.08,51.71,0.0000,92.00,false,
ES,2019,spring,20,53.28,54.92,0.0000,92.00,false,
ES,2019,spring,21,55.80,56.43,0.0000,92.00,false,
ES,2019,spring,22,53.36,54.90,0.0000,92.00,false,
ES,2019,spring,23,51.25,53.30,0.0000,92.00,false,
ES,2019,summer,0,49.84,50.67,0.0000,92.00,false,
ES,2019,summer,1,47.03,47.93,0.0000,92.00,false,
ES,2019,summer,2,44.72,45.40,0.0000,92.00,false,
ES,2019,summer,3,43.90,44.03,0.0000,92.00,false,
ES,2019,summer,4,43.72,44.04,0.0000,92.00,false,
ES,2019,summer,5,44.58,45.09,0.0000,92.00,false,
ES,2019,summer,6,45.06,45.44,0.0000,92.00,false,
ES,2019,summer,7,46.39,46.55,0.0000,92.00,false,
ES,2019,summer,8,48.77,49.00,0.0000,92.00,false,
ES,2019,summer,9,49.80,50.91,0.0000,92.00,false,
ES,2019,summer,10,49.51,50.14,0.0000,92.00,false,
ES,2019,summer,11,49.66,50.00,0.0000,92.00,false,
ES,2019,summer,12,50.35,50.51,0.0000,92.00,false,
ES,2019,summer,13,50.70,50.49,0.0000,92.00,false,
ES,2019,summer,14,49.35,48.78,0.0000,92.00,false,
ES,2019,summer,15,47.64,46.98,0.0000,92.00,false,
ES,2019,summer,16,46.77,46.34,0.0000,92.00,false,
ES,2019,summer,17,46.78,46.39,0.0000,92.00,false,
ES,2019,summer,18,46.77,46.14,0.0000,92.00,false,
ES,2019,summer,19,47.46,46.97,0.0000,92.00,false,
ES,2019,summer,20,48.96,49.45,0.0000,92.00,false,
ES,2019,summer,21,51.53,51.33,0.0000,92.00,false,
ES,2019,summer,22,51.28,51.15,0.0000,92.00,false,
ES,2019,summer,23,48.56,48.98,0.0000,92.00,false,
ES,2019,winter,0,47.56,51.57,0.0000,89.00,false,
ES,2019,winter,1,44.15,48.61,0.0000,90.00,false,
ES,2019,winter,2,41.45,45.99,0.0000,90.00,false,
ES,2019,winter,3,39.60,45.54,0.0000,90.00,false,
ES,2019,winter,4,38.76,45.13,0.0000,90.00,false,
ES,2019,winter,5,39.92,45.94,0.0000,90.00,false,
ES,2019,winter,6,43.59,50.15,0.0000,90.00,false,
ES,2019,winter,7,49.81,56.41,0.0000,90.00,false,
ES,2019,winter,8,52.28,58.64,0.0000,90.00,false,
ES,2019,winter,9,54.10,59.07,0.0000,90.00,false,
ES,2019,winter,10,54.51,59.30,0.0000,90.00,false,
ES,2019,winter,11,53.44,57.47,0.0000,90.00,false,
ES,2019,winter,12,52.48,56.85,0.0000,90.00,false,
ES,2019,winter,13,51.66,55.13,0.0000,90.00,false,
ES,2019,winter,14,49.87,52.72,0.0000,90.00,false,
ES,2019,winter,15,48.60,51.56,0.0000,90.00,false,
ES,2019,winter,16,49.25,52.31,0.0000,90.00,false,
ES,2019,winter,17,52.69,54.85,0.0000,90.00,false,
ES,2019,winter,18,56.25,58.05,0.0000,90.00,false,
ES,2019,winter,19,58.01,61.16,0.0000,90.00,false,
ES,2019,winter,20,57.52,62.00,0.0000,90.00,false,
ES,2019,winter,21,55.79,60.53,0.0000,90.00,false,
ES,2019,winter,22,53.61,58.52,0.0000,90.00,false,
ES,2019,winter,23,50.04,54.22,0.0000,90.00,false,
ES,2020,autumn,0,38.21,39.55,0.0000,91.00,false,
ES,2020,autumn,1,35.24,35.54,0.0000,91.00,false,
ES,2020,autumn,2,33.09,34.07,0.0000,92.00,false,
ES,2020,autumn,3,32.13,33.02,0.0000,91.00,false,
ES,2020,autumn,4,31.83,32.80,0.0000,91.00,false,
ES,2020,autumn,5,33.23,33.57,0.0000,91.00,false,
ES,2020,autumn,6,38.11,40.11,0.0000,91.00,false,
ES,2020,autumn,7,42.06,44.83,0.0000,91.00,false,
ES,2020,autumn,8,43.87,46.30,0.0000,91.00,false,
ES,2020,autumn,9,43.97,46.03,0.0000,91.00,false,
ES,2020,autumn,10,42.20,44.47,0.0000,91.00,false,
ES,2020,autumn,11,40.97,42.67,0.0000,91.00,false,
ES,2020,autumn,12,40.76,42.04,0.0000,91.00,false,
ES,2020,autumn,13,40.10,42.31,0.0000,91.00,false,
ES,2020,autumn,14,38.71,41.64,0.0000,91.00,false,
ES,2020,autumn,15,37.85,40.05,0.0000,91.00,false,
ES,2020,autumn,16,38.65,40.85,0.0000,91.00,false,
ES,2020,autumn,17,41.04,44.00,0.0000,91.00,false,
ES,2020,autumn,18,44.10,46.01,0.0000,91.00,false,
ES,2020,autumn,19,47.27,49.02,0.0000,91.00,false,
ES,2020,autumn,20,49.24,50.00,0.0000,91.00,false,
ES,2020,autumn,21,46.88,47.96,0.0000,91.00,false,
ES,2020,autumn,22,43.41,44.30,0.0000,91.00,false,
ES,2020,autumn,23,39.80,40.37,0.0000,91.00,false,
ES,2020,spring,0,23.03,23.29,0.0000,92.00,false,
ES,2020,spring,1,20.98,20.85,0.0000,92.00,false,
ES,2020,spring,2,19.81,20.00,0.0000,91.00,false,
ES,2020,spring,3,19.13,19.12,0.0000,92.00,false,
ES,2020,spring,4,18.80,18.73,0.0000,92.00,false,
ES,2020,spring,5,19.33,19.60,0.0000,92.00,false,
ES,2020,spring,6,21.03,22.38,0.0000,92.00,false,
ES,2020,spring,7,22.06,23.01,0.0000,92.00,false,
ES,2020,spring,8,22.71,23.70,0.0000,92.00,false,
ES,2020,spring,9,23.12,24.21,0.0000,92.00,false,
ES,2020,spring,10,22.45,23.97,0.0000,92.00,false,
ES,2020,spring,11,22.41,23.10,0.0000,92.00,false,
ES,2020,spring,12,22.57,23.86,0.0000,92.00,false,
ES,2020,spring,13,22.70,24.07,0.0000,92.00,false,
ES,2020,spring,14,21.98,23.83,0.0000,92.00,false,
ES,2020,spring,15,20.12,21.89,0.0000,92.00,false,
ES,2020,spring,16,19.25,19.49,0.0000,92.00,false,
ES,2020,spring,17,19.91,19.90,0.0000,92.00,false,
ES,2020,spring,18,21.88,22.85,0.0000,92.00,false,
ES,2020,spring,19,24.89,24.99,0.0000,92.00,false,
ES,2020,spring,20,26.81,26.49,0.0000,92.00,false,
ES,2020,spring,21,28.04,28.04,0.0000,92.00,false,
ES,2020,spring,22,26.66,26.72,0.0000,92.00,false,
ES,2020,spring,23,24.59,24.53,0.0000,92.00,false,
ES,2020,summer,0,34.90,34.78,0.0000,92.00,false,
ES,2020,summer,1,31.90,31.33,0.0000,92.00,false,
ES,2020,summer,2,30.11,29.47,0.0000,92.00,false,
ES,2020,summer,3,29.39,29.19,0.0000,92.00,false,
ES,2020,summer,4,29.16,29.01,0.0000,92.00,false,
ES,2020,summer,5,30.14,30.04,0.0000,92.00,false,
ES,2020,summer,6,32.27,32.97,0.0000,92.00,false,
ES,2020,summer,7,34.46,35.89,0.0000,92.00,false,
ES,2020,summer,8,35.58,37.18,0.0000,92.00,false,
ES,2020,summer,9,35.70,36.97,0.0000,92.00,false,
ES,2020,summer,10,34.74,36.13,0.0000,92.00,false,
ES,2020,summer,11,34.57,36.01,0.0000,92.00,false,
ES,2020,summer,12,35.15,36.16,0.0000,92.00,false,
ES,2020,summer,13,35.03,36.08,0.0000,92.00,false,
ES,2020,summer,14,33.94,35.00,0.0000,92.00,false,
ES,2020,summer,15,31.84,31.99,0.0000,92.00,false,
ES,2020,summer,16,31.22,30.62,0.0000,92.00,false,
ES,2020,summer,17,32.20,33.02,0.0000,92.00,false,
ES,2020,summer,18,33.81,34.64,0.0000,92.00,false,
ES,2020,summer,19,35.69,36.92,0.0000,92.00,false,
ES,2020,summer,20,37.35,37.67,0.0000,92.00,false,
ES,2020,summer,21,38.86,39.14,0.0000,92.00,false,
ES,2020,summer,22,38.82,39.56,0.0000,92.00,false,
ES,2020,summer,23,35.62,36.17,0.0000,92.00,false,
ES,2020,winter,0,37.76,38.01,0.0000,91.00,false,
ES,2020,winter,1,34.45,34.20,0.0000,91.00,false,
ES,2020,winter,2,31.89,32.19,0.0000,91.00,false,
ES,2020,winter,3,30.28,31.00,0.0000,91.00,false,
ES,2020,winter,4,29.72,30.65,0.0000,91.00,false,
ES,2020,winter,5,31.15,31.51,0.0000,91.00,false,
ES,2020,winter,6,34.60,34.70,0.0000,91.00,false,
ES,2020,winter,7,39.57,40.25,0.0000,91.00,false,
ES,2020,winter,8,42.18,43.50,0.0000,91.00,false,
ES,2020,winter,9,43.58,44.45,0.0000,91.00,false,
ES,2020,winter,10,43.44,43.51,0.0000,91.00,false,
ES,2020,winter,11,42.23,42.37,0.0000,91.00,false,
ES,2020,winter,12,41.10,41.45,0.0000,91.00,false,
ES,2020,winter,13,40.38,40.38,0.0000,91.00,false,
ES,2020,winter,14,38.95,39.63,0.0000,91.00,false,
ES,2020,winter,15,38.06,38.43,0.0000,91.00,false,
ES,2020,winter,16,39.28,40.01,0.0000,91.00,false,
ES,2020,winter,17,42.70,42.51,0.0000,91.00,false,
ES,2020,winter,18,46.08,45.32,0.0000,91.00,false,
ES,2020,winter,19,48.17,47.51,0.0000,91.00,false,
ES,2020,winter,20,48.24,48.38,0.0000,91.00,false,
ES,2020,winter,21,46.54,46.50,0.0000,91.00,false,
ES,2020,winter,22,43.40,43.03,0.0000,91.00,false,
ES,2020,winter,23,39.71,40.00,0.0000,91.00,false,
ES,2021,autumn,0,184.32,182.52,0.0000,91.00,false,
ES,2021,autumn,1,175.15,173.80,0.0000,91.00,false,
ES,2021,autumn,2,165.90,165.61,0.0000,92.00,false,
ES,2021,autumn,3,161.42,160.00,0.0000,91.00,false,
ES,2021,autumn,4,159.57,159.87,0.0000,91.00,false,
ES,2021,autumn,5,165.03,163.92,0.0000,91.00,false,
ES,2021,autumn,6,179.13,181.00,0.0000,91.00,false,
ES,2021,autumn,7,195.04,196.66,0.0000,91.00,false,
ES,2021,autumn,8,199.89,198.41,0.0000,91.00,false,
ES,2021,autumn,9,197.30,199.99,0.0000,91.00,false,
ES,2021,autumn,10,187.16,186.68,0.0000,91.00,false,
ES,2021,autumn,11,177.24,178.34,0.0000,91.00,false,
ES,2021,autumn,12,174.28,177.91,0.0000,91.00,false,
ES,2021,autumn,13,171.23,176.52,0.0000,91.00,false,
ES,2021,autumn,14,167.24,173.57,0.0000,91.00,false,
ES,2021,autumn,15,161.73,167.40,0.0000,91.00,false,
ES,2021,autumn,16,167.37,173.05,0.0000,91.00,false,
ES,2021,autumn,17,184.47,188.51,0.0000,91.00,false,
ES,2021,autumn,18,201.16,205.57,0.0000,91.00,false,
ES,2021,autumn,19,213.04,217.60,0.0000,91.00,false,
ES,2021,autumn,20,217.76,218.40,0.0000,91.00,false,
ES,2021,autumn,21,211.13,205.00,0.0000,91.00,false,
ES,2021,autumn,22,198.06,195.48,0.0000,91.00,false,
ES,2021,autumn,23,185.92,181.00,0.0000,91.00,false,
ES,2021,spring,0,61.40,64.15,0.0000,92.00,false,
ES,2021,spring,1,57.31,62.32,0.0000,92.00,false,
ES,2021,spring,2,55.40,60.74,0.0000,91.00,false,
ES,2021,spring,3,54.16,58.68,0.0000,92.00,false,
ES,2021,spring,4,53.57,57.39,0.0000,92.00,false,
ES,2021,spring,5,55.44,58.75,0.0000,92.00,false,
ES,2021,spring,6,60.50,61.44,0.0000,92.00,false,
ES,2021,spring,7,64.72,67.49,0.0000,92.00,false,
ES,2021,spring,8,67.41,68.66,0.0000,92.00,false,
ES,2021,spring,9,64.85,66.07,0.0000,92.00,false,
ES,2021,spring,10,60.80,62.36,0.0000,92.00,false,
ES,2021,spring,11,58.19,59.86,0.0000,92.00,false,
ES,2021,spring,12,57.03,60.29,0.0000,92.00,false,
ES,2021,spring,13,54.29,56.65,0.0000,92.00,false,
ES,2021,spring,14,50.91,54.06,0.0000,92.00,false,
ES,2021,spring,15,47.74,51.69,0.0000,92.00,false,
ES,2021,spring,16,46.87,52.98,0.0000,92.00,false,
ES,2021,spring,17,50.43,56.23,0.0000,92.00,false,
ES,2021,spring,18,56.71,61.05,0.0000,92.00,false,
ES,2021,spring,19,65.86,68.56,0.0000,92.00,false,
ES,2021,spring,20,71.01,75.00,0.0000,92.00,false,
ES,2021,spring,21,72.17,77.79,0.0000,92.00,false,
ES,2021,spring,22,68.35,73.10,0.0000,92.00,false,
ES,2021,spring,23,64.23,67.02,0.0000,92.00,false,
ES,2021,summer,0,97.08,94.62,0.0000,92.00,false,
ES,2021,summer,1,93.45,92.00,0.0000,92.00,false,
ES,2021,summer,2,90.70,89.10,0.0000,92.00,false,
ES,2021,summer,3,90.18,88.93,0.0000,92.00,false,
ES,2021,summer,4,89.85,88.78,0.0000,92.00,false,
ES,2021,summer,5,91.40,89.76,0.0000,92.00,false,
ES,2021,summer,6,95.30,93.57,0.0000,92.00,false,
ES,2021,summer,7,98.44,97.37,0.0000,92.00,false,
ES,2021,summer,8,100.51,100.18,0.0000,92.00,false,
ES,2021,summer,9,98.03,98.30,0.0000,92.00,false,
ES,2021,summer,10,94.81,95.00,0.0000,92.00,false,
ES,2021,summer,11,93.61,93.06,0.0000,92.00,false,
ES,2021,summer,12,93.05,93.04,0.0000,92.00,false,
ES,2021,summer,13,92.53,93.22,0.0000,92.00,false,
ES,2021,summer,14,90.23,90.37,0.0000,92.00,false,
ES,2021,summer,15,85.05,86.66,0.0000,92.00,false,
ES,2021,summer,16,82.45,84.02,0.0000,92.00,false,
ES,2021,summer,17,85.03,88.05,0.0000,92.00,false,
ES,2021,summer,18,89.40,91.28,0.0000,92.00,false,
ES,2021,summer,19,96.41,96.00,0.0000,92.00,false,
ES,2021,summer,20,101.66,99.93,0.0000,92.00,false,
ES,2021,summer,21,104.46,101.55,0.0000,92.00,false,
ES,2021,summer,22,103.63,102.95,0.0000,92.00,false,
ES,2021,summer,23,98.75,95.55,0.0000,92.00,false,
ES,2021,winter,0,109.75,57.97,0.0000,90.00,false,
ES,2021,winter,1,98.36,50.38,0.0000,90.00,false,
ES,2021,winter,2,91.43,47.78,0.0000,90.00,false,
ES,2021,winter,3,84.46,41.85,0.0000,90.00,false,
ES,2021,winter,4,81.97,41.95,0.0000,90.00,false,
ES,2021,winter,5,86.65,44.46,0.0000,90.00,false,
ES,2021,winter,6,95.28,51.32,0.0000,90.00,false,
ES,2021,winter,7,109.70,59.20,0.0000,90.00,false,
ES,2021,winter,8,118.28,65.13,0.0000,90.00,false,
ES,2021,winter,9,121.21,69.46,0.0000,90.00,false,
ES,2021,winter,10,118.62,71.79,0.0000,90.00,false,
ES,2021,winter,11,113.40,65.79,0.0000,90.00,false,
ES,2021,winter,12,110.90,64.86,0.0000,90.00,false,
ES,2021,winter,13,110.10,64.11,0.0000,90.00,false,
ES,2021,winter,14,107.98,63.11,0.0000,90.00,false,
ES,2021,winter,15,107.30,63.05,0.0000,90.00,false,
ES,2021,winter,16,112.63,66.30,0.0000,90.00,false,
ES,2021,winter,17,124.16,69.69,0.0000,90.00,false,
ES,2021,winter,18,134.46,81.02,0.0000,90.00,false,
ES,2021,winter,19,140.40,81.01,0.0000,90.00,false,
ES,2021,winter,20,140.53,77.79,0.0000,90.00,false,
ES,2021,winter,21,133.83,75.40,0.0000,90.00,false,
ES,2021,winter,22,123.88,70.57,0.0000,90.00,false,
ES,2021,winter,23,111.92,64.40,0.0000,90.00,false,
ES,2022,autumn,0,135.94,139.05,0.0000,91.00,false,
ES,2022,autumn,1,121.17,120.00,0.0000,91.00,false,
ES,2022,autumn,2,113.47,112.85,0.0000,92.00,false,
ES,2022,autumn,3,108.91,105.95,0.0000,91.00,false,
ES,2022,autumn,4,107.55,102.84,0.0000,91.00,false,
ES,2022,autumn,5,110.91,104.51,0.0000,91.00,false,
ES,2022,autumn,6,121.58,119.66,0.0000,91.00,false,
ES,2022,autumn,7,142.47,143.00,0.0000,91.00,false,
ES,2022,autumn,8,151.37,150.00,0.0000,91.00,false,
ES,2022,autumn,9,141.77,135.00,0.0000,91.00,false,
ES,2022,autumn,10,122.24,117.30,0.0000,91.00,false,
ES,2022,autumn,11,111.11,108.18,0.0000,91.00,false,
ES,2022,autumn,12,107.96,104.57,0.0000,91.00,false,
ES,2022,autumn,13,105.92,100.65,0.0000,91.00,false,
ES,2022,autumn,14,100.83,100.00,0.0000,91.00,false,
ES,2022,autumn,15,97.89,100.00,0.0000,91.00,false,
ES,2022,autumn,16,103.25,107.00,0.0000,91.00,false,
ES,2022,autumn,17,117.49,120.77,0.0000,91.00,false,
ES,2022,autumn,18,135.98,137.70,0.0000,91.00,false,
ES,2022,autumn,19,159.54,156.31,0.0000,91.00,false,
ES,2022,autumn,20,181.85,182.17,0.0000,91.00,false,
ES,2022,autumn,21,181.24,180.00,0.0000,91.00,false,
ES,2022,autumn,22,155.69,149.26,0.0000,91.00,false,
ES,2022,autumn,23,134.59,131.00,0.0000,91.00,false,
ES,2022,spring,0,231.63,216.24,0.0000,92.00,false,
ES,2022,spring,1,216.51,202.93,0.0000,92.00,false,
ES,2022,spring,2,209.12,197.56,0.0000,91.00,false,
ES,2022,spring,3,202.98,193.73,0.0000,92.00,false,
ES,2022,spring,4,202.09,194.35,0.0000,92.00,false,
ES,2022,spring,5,210.32,200.07,0.0000,92.00,false,
ES,2022,spring,6,230.77,219.49,0.0000,92.00,false,
ES,2022,spring,7,248.17,238.95,0.0000,92.00,false,
ES,2022,spring,8,250.17,238.81,0.0000,92.00,false,
ES,2022,spring,9,239.17,229.38,0.0000,92.00,false,
ES,2022,spring,10,222.73,211.79,0.0000,92.00,false,
ES,2022,spring,11,207.26,199.44,0.0000,92.00,false,
ES,2022,spring,12,201.82,195.00,0.0000,92.00,false,
ES,2022,spring,13,194.69,190.73,0.0000,92.00,false,
ES,2022,spring,14,186.38,186.89,0.0000,92.00,false,
ES,2022,spring,15,181.87,182.06,0.0000,92.00,false,
ES,2022,spring,16,185.02,179.97,0.0000,92.00,false,
ES,2022,spring,17,197.05,189.57,0.0000,92.00,false,
ES,2022,spring,18,214.88,200.51,0.0000,92.00,false,
ES,2022,spring,19,242.82,226.99,0.0000,92.00,false,
ES,2022,spring,20,266.37,250.01,0.0000,92.00,false,
ES,2022,spring,21,269.17,255.49,0.0000,92.00,false,
ES,2022,spring,22,254.95,242.59,0.0000,92.00,false,
ES,2022,spring,23,237.09,222.37,0.0000,92.00,false,
ES,2022,summer,0,176.38,170.14,0.0000,92.00,false,
ES,2022,summer,1,164.46,161.00,0.0000,92.00,false,
ES,2022,summer,2,156.00,150.57,0.0000,92.00,false,
ES,2022,summer,3,151.23,147.51,0.0000,92.00,false,
ES,2022,summer,4,151.26,147.75,0.0000,92.00,false,
ES,2022,summer,5,154.78,152.51,0.0000,92.00,false,
ES,2022,summer,6,161.74,154.72,0.0000,92.00,false,
ES,2022,summer,7,168.63,161.82,0.0000,92.00,false,
ES,2022,summer,8,165.33,161.34,0.0000,92.00,false,
ES,2022,summer,9,154.65,149.93,0.0000,92.00,false,
ES,2022,summer,10,145.14,144.47,0.0000,92.00,false,
ES,2022,summer,11,140.19,140.18,0.0000,92.00,false,
ES,2022,summer,12,142.24,143.12,0.0000,92.00,false,
ES,2022,summer,13,143.62,145.00,0.0000,92.00,false,
ES,2022,summer,14,138.75,140.31,0.0000,92.00,false,
ES,2022,summer,15,133.01,132.88,0.0000,92.00,false,
ES,2022,summer,16,130.03,128.75,0.0000,92.00,false,
ES,2022,summer,17,131.97,131.60,0.0000,92.00,false,
ES,2022,summer,18,138.18,137.24,0.0000,92.00,false,
ES,2022,summer,19,153.22,150.00,0.0000,92.00,false,
ES,2022,summer,20,176.38,167.16,0.0000,92.00,false,
ES,2022,summer,21,190.51,180.02,0.0000,92.00,false,
ES,2022,summer,22,189.98,180.33,0.0000,92.00,false,
ES,2022,summer,23,176.13,168.03,0.0000,92.00,false,
ES,2022,winter,0,162.48,187.13,0.0000,90.00,false,
ES,2022,winter,1,150.18,175.00,0.0000,90.00,false,
ES,2022,winter,2,143.22,166.40,0.0000,90.00,false,
ES,2022,winter,3,137.15,161.53,0.0111,90.00,false,
ES,2022,winter,4,134.85,159.05,0.0111,90.00,false,
ES,2022,winter,5,139.88,166.22,0.0111,90.00,false,
ES,2022,winter,6,153.10,173.60,0.0000,90.00,false,
ES,2022,winter,7,171.13,200.13,0.0000,90.00,false,
ES,2022,winter,8,179.50,209.98,0.0000,90.00,false,
ES,2022,winter,9,178.87,205.14,0.0000,90.00,false,
ES,2022,winter,10,170.14,196.09,0.0000,90.00,false,
ES,2022,winter,11,161.16,183.26,0.0000,90.00,false,
ES,2022,winter,12,156.91,177.42,0.0000,90.00,false,
ES,2022,winter,13,153.94,173.26,0.0000,90.00,false,
ES,2022,winter,14,149.96,163.16,0.0000,90.00,false,
ES,2022,winter,15,147.77,161.61,0.0000,90.00,false,
ES,2022,winter,16,155.22,163.04,0.0000,90.00,false,
ES,2022,winter,17,174.04,186.77,0.0000,90.00,false,
ES,2022,winter,18,197.65,214.02,0.0000,90.00,false,
ES,2022,winter,19,207.03,232.45,0.0000,90.00,false,
ES,2022,winter,20,204.51,226.33,0.0000,90.00,false,
ES,2022,winter,21,193.63,217.48,0.0000,90.00,false,
ES,2022,winter,22,178.31,204.81,0.0000,90.00,false,
ES,2022,winter,23,163.33,189.28,0.0000,90.00,false,
ES,2023,autumn,0,88.25,103.83,0.0000,91.00,false,
ES,2023,autumn,1,81.93,94.29,0.0110,91.00,false,
ES,2023,autumn,2,77.37,90.05,0.0217,92.00,false,
ES,2023,autumn,3,76.03,89.32,0.0220,91.00,false,
ES,2023,autumn,4,74.77,90.00,0.0330,91.00,false,
ES,2023,autumn,5,76.74,92.00,0.0220,91.00,false,
ES,2023,autumn,6,86.89,103.00,0.0110,91.00,false,
ES,2023,autumn,7,99.47,115.46,0.0110,91.00,false,
ES,2023,autumn,8,104.11,116.61,0.0110,91.00,false,
ES,2023,autumn,9,93.28,105.00,0.0110,91.00,false,
ES,2023,autumn,10,78.70,90.75,0.0110,91.00,false,
ES,2023,autumn,11,69.75,82.50,0.0110,91.00,false,
ES,2023,autumn,12,66.07,80.00,0.0220,91.00,false,
ES,2023,autumn,13,64.14,77.11,0.0220,91.00,false,
ES,2023,autumn,14,61.53,74.00,0.0330,91.00,false,
ES,2023,autumn,15,61.33,72.01,0.0440,91.00,false,
ES,2023,autumn,16,69.34,80.01,0.0220,91.00,false,
ES,2023,autumn,17,83.11,91.57,0.0000,91.00,false,
ES,2023,autumn,18,100.40,110.02,0.0000,91.00,false,
ES,2023,autumn,19,113.35,124.00,0.0000,91.00,false,
ES,2023,autumn,20,120.42,128.46,0.0000,91.00,false,
ES,2023,autumn,21,113.36,122.69,0.0000,91.00,false,
ES,2023,autumn,22,101.97,117.00,0.0000,91.00,false,
ES,2023,autumn,23,93.54,109.08,0.0110,91.00,false,
ES,2023,spring,0,94.89,98.37,0.0000,92.00,false,
ES,2023,spring,1,87.68,90.43,0.0000,92.00,false,
ES,2023,spring,2,84.64,87.48,0.0000,91.00,false,
ES,2023,spring,3,82.06,84.53,0.0000,92.00,false,
ES,2023,spring,4,80.20,83.94,0.0000,92.00,false,
ES,2023,spring,5,84.28,87.63,0.0000,92.00,false,
ES,2023,spring,6,92.96,98.23,0.0000,92.00,false,
ES,2023,spring,7,104.30,107.95,0.0000,92.00,false,
ES,2023,spring,8,102.81,104.61,0.0000,92.00,false,
ES,2023,spring,9,85.17,92.55,0.0109,92.00,false,
ES,2023,spring,10,67.16,70.63,0.0326,92.00,false,
ES,2023,spring,11,58.68,65.19,0.0326,92.00,false,
ES,2023,spring,12,54.54,60.18,0.0326,92.00,false,
ES,2023,spring,13,50.59,52.72,0.0326,92.00,false,
ES,2023,spring,14,45.82,42.27,0.0543,92.00,false,
ES,2023,spring,15,40.78,29.80,0.0761,92.00,false,
ES,2023,spring,16,41.55,30.23,0.0761,92.00,false,
ES,2023,spring,17,49.05,42.25,0.0543,92.00,false,
ES,2023,spring,18,62.22,59.63,0.0217,92.00,false,
ES,2023,spring,19,89.93,89.18,0.0000,92.00,false,
ES,2023,spring,20,114.57,117.10,0.0000,92.00,false,
ES,2023,spring,21,118.59,122.39,0.0000,92.00,false,
ES,2023,spring,22,110.34,115.35,0.0000,92.00,false,
ES,2023,spring,23,99.67,102.64,0.0000,92.00,false,
ES,2023,summer,0,108.93,107.36,0.0000,92.00,false,
ES,2023,summer,1,102.00,101.60,0.0000,92.00,false,
ES,2023,summer,2,96.97,96.42,0.0000,92.00,false,
ES,2023,summer,3,95.40,95.19,0.0000,92.00,false,
ES,2023,summer,4,93.53,92.12,0.0000,92.00,false,
ES,2023,summer,5,96.16,94.86,0.0000,92.00,false,
ES,2023,summer,6,103.64,103.38,0.0000,92.00,false,
ES,2023,summer,7,108.86,109.09,0.0000,92.00,false,
ES,2023,summer,8,105.42,106.78,0.0000,92.00,false,
ES,2023,summer,9,92.94,99.06,0.0109,92.00,false,
ES,2023,summer,10,81.47,89.38,0.0217,92.00,false,
ES,2023,summer,11,74.48,83.44,0.0326,92.00,false,
ES,2023,summer,12,72.51,83.13,0.0217,92.00,false,
ES,2023,summer,13,70.61,80.01,0.0217,92.00,false,
ES,2023,summer,14,67.42,76.19,0.0326,92.00,false,
ES,2023,summer,15,65.67,75.52,0.0543,92.00,false,
ES,2023,summer,16,67.09,77.06,0.0543,92.00,false,
ES,2023,summer,17,74.66,80.44,0.0109,92.00,false,
ES,2023,summer,18,83.28,85.76,0.0109,92.00,false,
ES,2023,summer,19,100.27,100.08,0.0000,92.00,false,
ES,2023,summer,20,115.72,115.50,0.0000,92.00,false,
ES,2023,summer,21,123.73,124.76,0.0000,92.00,false,
ES,2023,summer,22,121.75,123.09,0.0000,92.00,false,
ES,2023,summer,23,113.85,115.03,0.0000,92.00,false,
ES,2023,winter,0,86.04,91.91,0.0111,90.00,false,
ES,2023,winter,1,78.72,82.59,0.0111,90.00,false,
ES,2023,winter,2,74.11,77.71,0.0111,90.00,false,
ES,2023,winter,3,70.78,72.40,0.0111,90.00,false,
ES,2023,winter,4,69.51,69.70,0.0222,90.00,false,
ES,2023,winter,5,72.65,70.01,0.0222,90.00,false,
ES,2023,winter,6,80.96,83.90,0.0111,90.00,false,
ES,2023,winter,7,93.69,98.08,0.0111,90.00,false,
ES,2023,winter,8,104.74,108.35,0.0111,90.00,false,
ES,2023,winter,9,99.57,102.26,0.0111,90.00,false,
ES,2023,winter,10,88.69,88.21,0.0111,90.00,false,
ES,2023,winter,11,81.86,80.44,0.0111,90.00,false,
ES,2023,winter,12,78.59,81.70,0.0111,90.00,false,
ES,2023,winter,13,75.86,76.31,0.0000,90.00,false,
ES,2023,winter,14,74.15,75.38,0.0000,90.00,false,
ES,2023,winter,15,73.85,72.67,0.0000,90.00,false,
ES,2023,winter,16,81.08,85.63,0.0000,90.00,false,
ES,2023,winter,17,98.91,106.17,0.0000,90.00,false,
ES,2023,winter,18,114.44,120.17,0.0000,90.00,false,
ES,2023,winter,19,127.62,134.85,0.0000,90.00,false,
ES,2023,winter,20,127.49,136.57,0.0000,90.00,false,
ES,2023,winter,21,117.41,122.63,0.0000,90.00,false,
ES,2023,winter,22,104.35,106.17,0.0000,90.00,false,
ES,2023,winter,23,93.13,95.34,0.0000,90.00,false,
ES,2024,autumn,0,88.05,93.10,0.0000,91.00,false,
ES,2024,autumn,1,81.79,85.98,0.0000,91.00,false,
ES,2024,autumn,2,77.77,85.63,0.0000,92.00,false,
ES,2024,autumn,3,74.75,83.83,0.0000,91.00,false,
ES,2024,autumn,4,72.56,82.47,0.0000,91.00,false,
ES,2024,autumn,5,75.29,81.59,0.0000,91.00,false,
ES,2024,autumn,6,85.22,93.14,0.0000,91.00,false,
ES,2024,autumn,7,99.04,102.98,0.0000,91.00,false,
ES,2024,autumn,8,105.23,109.38,0.0000,91.00,false,
ES,2024,autumn,9,90.48,100.00,0.0000,91.00,false,
ES,2024,autumn,10,71.14,73.60,0.0220,91.00,false,
ES,2024,autumn,11,58.84,60.00,0.0769,91.00,false,
ES,2024,autumn,12,53.60,51.10,0.1099,91.00,false,
ES,2024,autumn,13,50.72,50.24,0.1209,91.00,false,
ES,2024,autumn,14,48.67,50.00,0.1429,91.00,false,
ES,2024,autumn,15,48.72,49.10,0.1538,91.00,false,
ES,2024,autumn,16,58.10,58.90,0.1209,91.00,false,
ES,2024,autumn,17,73.68,77.42,0.0440,91.00,false,
ES,2024,autumn,18,94.39,96.27,0.0000,91.00,false,
ES,2024,autumn,19,113.97,116.86,0.0000,91.00,false,
ES,2024,autumn,20,122.24,122.81,0.0000,91.00,false,
ES,2024,autumn,21,117.09,119.80,0.0000,91.00,false,
ES,2024,autumn,22,103.71,106.00,0.0000,91.00,false,
ES,2024,autumn,23,96.17,100.00,0.0000,91.00,false,
ES,2024,spring,0,29.32,24.85,0.0326,92.00,false,
ES,2024,spring,1,25.18,18.92,0.0978,92.00,false,
ES,2024,spring,2,23.22,17.20,0.1319,91.00,false,
ES,2024,spring,3,22.49,15.23,0.1630,92.00,false,
ES,2024,spring,4,21.84,14.35,0.1630,92.00,false,
ES,2024,spring,5,23.40,17.71,0.1630,92.00,false,
ES,2024,spring,6,27.83,23.50,0.0652,92.00,false,
ES,2024,spring,7,38.55,35.00,0.0543,92.00,false,
ES,2024,spring,8,32.19,27.26,0.0652,92.00,false,
ES,2024,spring,9,17.11,6.55,0.1739,92.00,false,
ES,2024,spring,10,10.16,1.65,0.3587,92.00,false,
ES,2024,spring,11,6.86,0.43,0.4130,92.00,false,
ES,2024,spring,12,6.02,0.00,0.5326,92.00,false,
ES,2024,spring,13,4.78,0.00,0.5435,92.00,false,
ES,2024,spring,14,4.12,0.00,0.5870,92.00,false,
ES,2024,spring,15,3.70,0.00,0.5870,92.00,false,
ES,2024,spring,16,4.19,0.00,0.5543,92.00,false,
ES,2024,spring,17,6.90,0.44,0.4565,92.00,false,
ES,2024,spring,18,13.31,3.25,0.2826,92.00,false,
ES,2024,spring,19,28.20,15.38,0.0652,92.00,false,
ES,2024,spring,20,42.48,35.00,0.0000,92.00,false,
ES,2024,spring,21,50.31,43.56,0.0000,92.00,false,
ES,2024,spring,22,41.95,40.66,0.0000,92.00,false,
ES,2024,spring,23,32.96,35.00,0.0217,92.00,false,
ES,2024,summer,0,95.28,103.31,0.0000,92.00,false,
ES,2024,summer,1,89.27,99.85,0.0000,92.00,false,
ES,2024,summer,2,85.83,96.76,0.0000,92.00,false,
ES,2024,summer,3,85.68,96.05,0.0000,92.00,false,
ES,2024,summer,4,84.30,96.48,0.0000,92.00,false,
ES,2024,summer,5,85.57,96.69,0.0000,92.00,false,
ES,2024,summer,6,90.49,100.00,0.0000,92.00,false,
ES,2024,summer,7,96.78,107.53,0.0000,92.00,false,
ES,2024,summer,8,86.11,100.44,0.0326,92.00,false,
ES,2024,summer,9,70.05,74.00,0.0978,92.00,false,
ES,2024,summer,10,54.70,61.43,0.1413,92.00,false,
ES,2024,summer,11,45.32,48.93,0.1848,92.00,false,
ES,2024,summer,12,42.39,41.80,0.1848,92.00,false,
ES,2024,summer,13,41.04,40.00,0.1957,92.00,false,
ES,2024,summer,14,39.26,35.08,0.2391,92.00,false,
ES,2024,summer,15,37.31,35.02,0.2717,92.00,false,
ES,2024,summer,16,37.37,35.01,0.2609,92.00,false,
ES,2024,summer,17,42.66,39.18,0.1630,92.00,false,
ES,2024,summer,18,54.99,57.75,0.0652,92.00,false,
ES,2024,summer,19,74.69,81.34,0.0217,92.00,false,
ES,2024,summer,20,94.93,105.00,0.0000,92.00,false,
ES,2024,summer,21,114.64,117.67,0.0000,92.00,false,
ES,2024,summer,22,111.10,113.97,0.0000,92.00,false,
ES,2024,summer,23,100.26,105.60,0.0000,92.00,false,
ES,2024,winter,0,74.59,71.82,0.0000,91.00,false,
ES,2024,winter,1,68.37,65.00,0.0000,91.00,false,
ES,2024,winter,2,64.32,64.91,0.0110,91.00,false,
ES,2024,winter,3,61.48,62.04,0.0110,91.00,false,
ES,2024,winter,4,59.90,58.50,0.0110,91.00,false,
ES,2024,winter,5,62.20,60.06,0.0110,91.00,false,
ES,2024,winter,6,69.83,69.13,0.0000,91.00,false,
ES,2024,winter,7,81.39,82.06,0.0000,91.00,false,
ES,2024,winter,8,89.76,92.69,0.0000,91.00,false,
ES,2024,winter,9,83.78,86.66,0.0000,91.00,false,
ES,2024,winter,10,72.33,71.08,0.0000,91.00,false,
ES,2024,winter,11,63.91,61.99,0.0440,91.00,false,
ES,2024,winter,12,60.95,57.67,0.0549,91.00,false,
ES,2024,winter,13,59.50,55.50,0.0549,91.00,false,
ES,2024,winter,14,59.71,54.44,0.0549,91.00,false,
ES,2024,winter,15,61.56,59.71,0.0769,91.00,false,
ES,2024,winter,16,70.63,65.13,0.0440,91.00,false,
ES,2024,winter,17,84.95,79.09,0.0000,91.00,false,
ES,2024,winter,18,96.25,94.94,0.0000,91.00,false,
ES,2024,winter,19,102.35,103.14,0.0000,91.00,false,
ES,2024,winter,20,106.89,105.34,0.0000,91.00,false,
ES,2024,winter,21,97.48,95.89,0.0000,91.00,false,
ES,2024,winter,22,88.67,86.57,0.0000,91.00,false,
ES,2024,winter,23,80.40,75.75,0.0000,91.00,false,
ES,2025,autumn,0,80.19,88.77,0.0000,91.00,false,
ES,2025,autumn,1,72.70,79.02,0.0000,91.00,false,
ES,2025,autumn,2,68.26,74.82,0.0000,92.00,false,
ES,2025,autumn,3,65.56,72.27,0.0110,91.00,false,
ES,2025,autumn,4,64.65,70.00,0.0110,91.00,false,
ES,2025,autumn,5,67.37,74.00,0.0082,91.00,false,
ES,2025,autumn,6,75.76,83.09,0.0000,91.00,false,
ES,2025,autumn,7,89.79,96.10,0.0000,91.00,false,
ES,2025,autumn,8,91.73,93.53,0.0000,91.00,false,
ES,2025,autumn,9,67.29,72.66,0.0027,91.00,false,
ES,2025,autumn,10,40.06,35.10,0.0412,91.00,false,
ES,2025,autumn,11,26.41,18.25,0.1319,91.00,false,
ES,2025,autumn,12,22.20,10.78,0.1923,91.00,false,
ES,2025,autumn,13,20.11,9.43,0.1896,91.00,false,
ES,2025,autumn,14,19.13,9.76,0.1868,91.00,false,
ES,2025,autumn,15,22.74,16.40,0.1923,91.00,false,
ES,2025,autumn,16,33.14,27.20,0.1511,91.00,false,
ES,2025,autumn,17,53.09,52.24,0.0879,91.00,false,
ES,2025,autumn,18,75.60,82.97,0.0110,91.00,false,
ES,2025,autumn,19,100.82,102.83,0.0000,91.00,false,
ES,2025,autumn,20,116.20,110.00,0.0000,91.00,false,
ES,2025,autumn,21,113.07,109.81,0.0000,91.00,false,
ES,2025,autumn,22,95.48,100.96,0.0000,91.00,false,
ES,2025,autumn,23,85.03,91.85,0.0000,91.00,false,
ES,2025,spring,0,41.86,35.01,0.0000,92.00,false,
ES,2025,spring,1,33.61,26.17,0.0000,92.00,false,
ES,2025,spring,2,31.08,21.46,0.0000,91.00,false,
ES,2025,spring,3,28.39,19.67,0.0000,92.00,false,
ES,2025,spring,4,27.78,18.18,0.0000,92.00,false,
ES,2025,spring,5,30.44,22.63,0.0000,92.00,false,
ES,2025,spring,6,38.61,30.18,0.0000,92.00,false,
ES,2025,spring,7,54.89,39.70,0.0000,92.00,false,
ES,2025,spring,8,45.81,34.69,0.0326,92.00,false,
ES,2025,spring,9,25.73,11.21,0.1739,92.00,false,
ES,2025,spring,10,15.19,0.93,0.3913,92.00,false,
ES,2025,spring,11,10.09,0.00,0.5543,92.00,false,
ES,2025,spring,12,8.17,-0.01,0.6630,92.00,false,
ES,2025,spring,13,6.79,-0.01,0.7065,92.00,false,
ES,2025,spring,14,6.10,-0.02,0.7283,92.00,false,
ES,2025,spring,15,6.76,-0.05,0.7283,92.00,false,
ES,2025,spring,16,8.96,-0.01,0.6848,92.00,false,
ES,2025,spring,17,13.27,0.00,0.5870,92.00,false,
ES,2025,spring,18,24.63,3.52,0.3152,92.00,false,
ES,2025,spring,19,48.89,32.14,0.0870,92.00,false,
ES,2025,spring,20,69.10,52.58,0.0000,92.00,false,
ES,2025,spring,21,80.66,79.30,0.0000,92.00,false,
ES,2025,spring,22,67.84,60.65,0.0000,92.00,false,
ES,2025,spring,23,51.18,40.88,0.0000,92.00,false,
ES,2025,summer,0,104.00,109.88,0.0000,92.00,false,
ES,2025,summer,1,96.38,104.66,0.0000,92.00,false,
ES,2025,summer,2,92.38,101.27,0.0000,92.00,false,
ES,2025,summer,3,89.46,100.59,0.0000,92.00,false,
ES,2025,summer,4,88.05,99.89,0.0000,92.00,false,
ES,2025,summer,5,90.41,101.06,0.0000,92.00,false,
ES,2025,summer,6,95.83,104.17,0.0000,92.00,false,
ES,2025,summer,7,99.57,107.34,0.0000,92.00,false,
ES,2025,summer,8,85.99,97.58,0.0000,92.00,false,
ES,2025,summer,9,56.44,53.80,0.0543,92.00,false,
ES,2025,summer,10,36.57,28.14,0.1304,92.00,false,
ES,2025,summer,11,27.09,5.56,0.1848,92.00,false,
ES,2025,summer,12,23.74,4.65,0.2283,92.00,false,
ES,2025,summer,13,21.08,5.00,0.2609,92.00,false,
ES,2025,summer,14,20.13,3.92,0.2826,92.00,false,
ES,2025,summer,15,20.23,3.52,0.2826,92.00,false,
ES,2025,summer,16,24.00,5.79,0.2500,92.00,false,
ES,2025,summer,17,33.27,20.79,0.1413,92.00,false,
ES,2025,summer,18,49.02,50.04,0.0652,92.00,false,
ES,2025,summer,19,76.61,86.69,0.0000,92.00,false,
ES,2025,summer,20,102.55,109.95,0.0000,92.00,false,
ES,2025,summer,21,125.72,125.92,0.0000,92.00,false,
ES,2025,summer,22,123.03,123.34,0.0000,92.00,false,
ES,2025,summer,23,106.32,110.58,0.0000,92.00,false,
ES,2025,winter,0,93.94,99.29,0.0000,90.00,false,
ES,2025,winter,1,85.99,87.79,0.0000,90.00,false,
ES,2025,winter,2,80.98,84.20,0.0000,90.00,false,
ES,2025,winter,3,76.78,80.80,0.0000,90.00,false,
ES,2025,winter,4,74.47,79.88,0.0000,90.00,false,
ES,2025,winter,5,78.13,84.44,0.0000,90.00,false,
ES,2025,winter,6,88.91,95.98,0.0000,90.00,false,
ES,2025,winter,7,105.72,106.64,0.0000,90.00,false,
ES,2025,winter,8,118.30,113.99,0.0000,90.00,false,
ES,2025,winter,9,103.29,102.99,0.0000,90.00,false,
ES,2025,winter,10,86.15,88.95,0.0000,90.00,false,
ES,2025,winter,11,75.34,80.66,0.0000,90.00,false,
ES,2025,winter,12,69.69,76.08,0.0000,90.00,false,
ES,2025,winter,13,66.23,72.64,0.0000,90.00,false,
ES,2025,winter,14,64.74,71.21,0.0111,90.00,false,
ES,2025,winter,15,68.35,74.61,0.0000,90.00,false,
ES,2025,winter,16,80.98,84.88,0.0000,90.00,false,
ES,2025,winter,17,102.13,105.02,0.0000,90.00,false,
ES,2025,winter,18,123.98,122.67,0.0000,90.00,false,
ES,2025,winter,19,134.62,131.26,0.0000,90.00,false,
ES,2025,winter,20,135.04,134.06,0.0000,90.00,false,
ES,2025,winter,21,122.91,123.37,0.0000,90.00,false,
ES,2025,winter,22,112.90,112.74,0.0000,90.00,false,
ES,2025,winter,23,102.47,102.96,0.0000,90.00,false,
ES,2026,autumn,0,194.26,196.17,0.0000,33.00,true,current_year
ES,2026,autumn,1,188.05,192.68,0.0000,33.00,true,current_year
ES,2026,autumn,2,182.70,185.97,0.0000,33.00,true,current_year
ES,2026,autumn,3,180.07,183.95,0.0000,33.00,true,current_year
ES,2026,autumn,4,178.69,183.74,0.0000,33.00,true,current_year
ES,2026,autumn,5,181.80,183.92,0.0000,33.00,true,current_year
ES,2026,autumn,6,194.68,192.28,0.0000,33.00,true,current_year
ES,2026,autumn,7,211.36,211.45,0.0000,33.00,true,current_year
ES,2026,autumn,8,205.87,205.32,0.0000,33.00,true,current_year
ES,2026,autumn,9,153.24,165.02,0.0000,33.00,true,current_year
ES,2026,autumn,10,89.27,96.66,0.0530,33.00,true,current_year
ES,2026,autumn,11,49.68,39.16,0.1364,33.00,true,current_year
ES,2026,autumn,12,36.19,17.38,0.1818,33.00,true,current_year
ES,2026,autumn,13,29.83,14.55,0.1742,33.00,true,current_year
ES,2026,autumn,14,32.48,16.36,0.2045,33.00,true,current_year
ES,2026,autumn,15,36.14,23.79,0.1970,33.00,true,current_year
ES,2026,autumn,16,48.56,40.60,0.1288,33.00,true,current_year
ES,2026,autumn,17,83.41,95.25,0.0379,33.00,true,current_year
ES,2026,autumn,18,140.43,151.10,0.0000,33.00,true,current_year
ES,2026,autumn,19,207.67,211.19,0.0000,33.00,true,current_year
ES,2026,autumn,20,235.66,237.59,0.0000,33.00,true,current_year
ES,2026,autumn,21,226.69,227.32,0.0000,33.00,true,current_year
ES,2026,autumn,22,207.23,207.81,0.0000,33.00,true,current_year
ES,2026,autumn,23,192.55,192.07,0.0000,33.00,true,current_year
ES,2026,spring,0,71.87,81.38,0.0000,92.00,true,current_year
ES,2026,spring,1,64.69,72.84,0.0000,92.00,true,current_year
ES,2026,spring,2,60.52,63.84,0.0000,91.00,true,current_year
ES,2026,spring,3,56.56,58.58,0.0000,92.00,true,current_year
ES,2026,spring,4,55.80,54.74,0.0000,92.00,true,current_year
ES,2026,spring,5,59.10,59.73,0.0000,92.00,true,current_year
ES,2026,spring,6,66.63,66.93,0.0000,92.00,true,current_year
ES,2026,spring,7,75.64,78.18,0.0000,92.00,true,current_year
ES,2026,spring,8,61.29,62.36,0.0299,92.00,true,current_year
ES,2026,spring,9,33.38,23.23,0.1549,92.00,true,current_year
ES,2026,spring,10,13.89,2.17,0.3777,92.00,true,current_year
ES,2026,spring,11,6.54,0.00,0.5543,92.00,true,current_year
ES,2026,spring,12,4.36,0.00,0.6739,92.00,true,current_year
ES,2026,spring,13,3.56,-0.01,0.7147,92.00,true,current_year
ES,2026,spring,14,3.68,-0.01,0.7500,92.00,true,current_year
ES,2026,spring,15,4.10,-0.01,0.7310,92.00,true,current_year
ES,2026,spring,16,5.40,-0.01,0.6603,92.00,true,current_year
ES,2026,spring,17,10.92,0.75,0.4402,92.00,true,current_year
ES,2026,spring,18,28.21,13.03,0.1440,92.00,true,current_year
ES,2026,spring,19,63.94,55.07,0.0190,92.00,true,current_year
ES,2026,spring,20,91.79,90.21,0.0000,92.00,true,current_year
ES,2026,spring,21,99.25,99.45,0.0000,92.00,true,current_year
ES,2026,spring,22,90.26,93.63,0.0000,92.00,true,current_year
ES,2026,spring,23,77.28,83.33,0.0000,92.00,true,current_year
ES,2026,summer,0,148.72,159.49,0.0000,92.00,true,current_year
ES,2026,summer,1,142.38,155.69,0.0000,92.00,true,current_year
ES,2026,summer,2,139.17,149.90,0.0000,92.00,true,current_year
ES,2026,summer,3,136.32,147.20,0.0000,92.00,true,current_year
ES,2026,summer,4,134.79,149.24,0.0000,92.00,true,current_year
ES,2026,summer,5,136.43,150.23,0.0000,92.00,true,current_year
ES,2026,summer,6,143.76,152.92,0.0000,92.00,true,current_year
ES,2026,summer,7,144.83,153.74,0.0000,92.00,true,current_year
ES,2026,summer,8,120.82,126.53,0.0109,92.00,true,current_year
ES,2026,summer,9,78.17,87.80,0.1005,92.00,true,current_year
ES,2026,summer,10,45.04,37.39,0.2255,92.00,true,current_year
ES,2026,summer,11,27.57,5.07,0.3478,92.00,true,current_year
ES,2026,summer,12,20.92,2.07,0.3832,92.00,true,current_year
ES,2026,summer,13,18.81,1.30,0.3886,92.00,true,current_year
ES,2026,summer,14,21.10,1.27,0.3832,92.00,true,current_year
ES,2026,summer,15,21.30,1.22,0.3913,92.00,true,current_year
ES,2026,summer,16,26.43,2.88,0.3505,92.00,true,current_year
ES,2026,summer,17,40.71,27.32,0.2527,92.00,true,current_year
ES,2026,summer,18,61.46,76.83,0.0598,92.00,true,current_year
ES,2026,summer,19,103.69,111.58,0.0027,92.00,true,current_year
ES,2026,summer,20,145.84,150.84,0.0000,92.00,true,current_year
ES,2026,summer,21,170.79,172.45,0.0000,92.00,true,current_year
ES,2026,summer,22,165.75,171.99,0.0000,92.00,true,current_year
ES,2026,summer,23,153.16,159.32,0.0000,92.00,true,current_year
ES,2026,winter,0,42.66,24.94,0.0636,59.00,true,current_year
ES,2026,winter,1,36.96,20.38,0.1737,59.00,true,current_year
ES,2026,winter,2,34.11,17.30,0.2034,59.00,true,current_year
ES,2026,winter,3,31.59,11.74,0.2288,59.00,true,current_year
ES,2026,winter,4,30.30,9.81,0.2415,59.00,true,current_year
ES,2026,winter,5,32.05,11.35,0.2119,59.00,true,current_year
ES,2026,winter,6,37.21,24.23,0.1144,59.00,true,current_year
ES,2026,winter,7,52.33,56.23,0.0636,59.00,true,current_year
ES,2026,winter,8,58.17,57.79,0.0805,59.00,true,current_year
ES,2026,winter,9,48.01,32.68,0.1186,59.00,true,current_year
ES,2026,winter,10,37.18,12.32,0.2331,59.00,true,current_year
ES,2026,winter,11,32.31,3.22,0.3051,59.00,true,current_year
ES,2026,winter,12,29.78,0.92,0.3559,59.00,true,current_year
ES,2026,winter,13,28.89,0.99,0.4068,59.00,true,current_year
ES,2026,winter,14,29.22,0.98,0.3814,59.00,true,current_year
ES,2026,winter,15,30.93,1.75,0.3771,59.00,true,current_year
ES,2026,winter,16,35.82,5.64,0.2924,59.00,true,current_year
ES,2026,winter,17,46.79,23.22,0.1059,59.00,true,current_year
ES,2026,winter,18,65.23,55.77,0.0085,59.00,true,current_year
ES,2026,winter,19,83.16,92.61,0.0000,59.00,true,current_year
ES,2026,winter,20,85.77,93.63,0.0000,59.00,true,current_year
ES,2026,winter,21,76.82,84.73,0.0000,59.00,true,current_year
ES,2026,winter,22,59.06,46.33,0.0000,59.00,true,current_year
ES,2026,winter,23,46.36,31.56,0.0000,59.00,true,current_year
FR,2019,autumn,0,33.81,33.08,0.0000,91.00,false,
FR,2019,autumn,1,30.81,29.40,0.0000,91.00,false,
FR,2019,autumn,2,28.55,27.48,0.0000,92.00,false,
FR,2019,autumn,3,26.29,26.24,0.0000,91.00,false,
FR,2019,autumn,4,25.61,26.17,0.0000,91.00,false,
FR,2019,autumn,5,28.42,28.22,0.0000,91.00,false,
FR,2019,autumn,6,36.59,38.51,0.0000,91.00,false,
FR,2019,autumn,7,44.33,47.21,0.0000,91.00,false,
FR,2019,autumn,8,47.09,50.00,0.0000,91.00,false,
FR,2019,autumn,9,47.17,48.76,0.0000,91.00,false,
FR,2019,autumn,10,45.44,47.54,0.0000,91.00,false,
FR,2019,autumn,11,44.32,45.30,0.0000,91.00,false,
FR,2019,autumn,12,43.05,44.08,0.0000,91.00,false,
FR,2019,autumn,13,40.81,40.83,0.0000,91.00,false,
FR,2019,autumn,14,39.12,39.50,0.0000,91.00,false,
FR,2019,autumn,15,39.15,39.38,0.0000,91.00,false,
FR,2019,autumn,16,40.61,39.91,0.0000,91.00,false,
FR,2019,autumn,17,46.24,45.14,0.0000,91.00,false,
FR,2019,autumn,18,50.84,49.99,0.0000,91.00,false,
FR,2019,autumn,19,52.39,52.20,0.0000,91.00,false,
FR,2019,autumn,20,48.80,49.78,0.0000,91.00,false,
FR,2019,autumn,21,42.86,44.08,0.0000,91.00,false,
FR,2019,autumn,22,40.98,41.09,0.0000,91.00,false,
FR,2019,autumn,23,37.11,37.00,0.0000,91.00,false,
FR,2019,spring,0,35.25,36.51,0.0000,92.00,false,
FR,2019,spring,1,32.32,34.42,0.0000,92.00,false,
FR,2019,spring,2,30.57,33.12,0.0000,91.00,false,
FR,2019,spring,3,28.53,32.22,0.0000,92.00,false,
FR,2019,spring,4,28.02,32.47,0.0109,92.00,false,
FR,2019,spring,5,30.78,33.80,0.0109,92.00,false,
FR,2019,spring,6,36.47,37.98,0.0000,92.00,false,
FR,2019,spring,7,41.69,44.41,0.0000,92.00,false,
FR,2019,spring,8,43.95,47.05,0.0109,92.00,false,
FR,2019,spring,9,42.15,44.77,0.0000,92.00,false,
FR,2019,spring,10,39.31,41.54,0.0000,92.00,false,
FR,2019,spring,11,37.88,39.41,0.0000,92.00,false,
FR,2019,spring,12,36.87,38.01,0.0000,92.00,false,
FR,2019,spring,13,33.80,34.82,0.0109,92.00,false,
FR,2019,spring,14,31.16,34.56,0.0326,92.00,false,
FR,2019,spring,15,30.03,33.91,0.0543,92.00,false,
FR,2019,spring,16,30.71,33.98,0.0435,92.00,false,
FR,2019,spring,17,34.61,36.49,0.0000,92.00,false,
FR,2019,spring,18,40.66,41.94,0.0000,92.00,false,
FR,2019,spring,19,44.95,45.49,0.0000,92.00,false,
FR,2019,spring,20,43.12,44.42,0.0000,92.00,false,
FR,2019,spring,21,40.92,42.90,0.0000,92.00,false,
FR,2019,spring,22,41.26,42.33,0.0000,92.00,false,
FR,2019,spring,23,37.76,38.91,0.0000,92.00,false,
FR,2019,summer,0,33.10,33.28,0.0000,92.00,false,
FR,2019,summer,1,29.98,30.12,0.0000,92.00,false,
FR,2019,summer,2,27.66,27.79,0.0000,92.00,false,
FR,2019,summer,3,24.25,25.51,0.0109,92.00,false,
FR,2019,summer,4,22.59,24.10,0.0109,92.00,false,
FR,2019,summer,5,25.24,26.10,0.0217,92.00,false,
FR,2019,summer,6,28.21,28.66,0.0217,92.00,false,
FR,2019,summer,7,34.04,35.03,0.0000,92.00,false,
FR,2019,summer,8,38.14,40.17,0.0000,92.00,false,
FR,2019,summer,9,38.31,39.39,0.0000,92.00,false,
FR,2019,summer,10,36.45,37.25,0.0000,92.00,false,
FR,2019,summer,11,35.64,36.53,0.0000,92.00,false,
FR,2019,summer,12,34.33,35.00,0.0000,92.00,false,
FR,2019,summer,13,32.04,33.06,0.0000,92.00,false,
FR,2019,summer,14,30.54,31.94,0.0109,92.00,false,
FR,2019,summer,15,30.44,32.11,0.0435,92.00,false,
FR,2019,summer,16,31.04,31.60,0.0000,92.00,false,
FR,2019,summer,17,34.17,33.28,0.0000,92.00,false,
FR,2019,summer,18,38.81,38.54,0.0000,92.00,false,
FR,2019,summer,19,41.83,41.70,0.0000,92.00,false,
FR,2019,summer,20,39.55,38.55,0.0000,92.00,false,
FR,2019,summer,21,38.43,37.72,0.0000,92.00,false,
FR,2019,summer,22,41.67,41.15,0.0000,92.00,false,
FR,2019,summer,23,37.14,37.37,0.0000,92.00,false,
FR,2019,winter,0,43.42,44.64,0.0000,89.00,false,
FR,2019,winter,1,39.65,40.97,0.0000,90.00,false,
FR,2019,winter,2,37.48,40.08,0.0000,90.00,false,
FR,2019,winter,3,33.85,36.24,0.0000,90.00,false,
FR,2019,winter,4,32.87,36.20,0.0111,90.00,false,
FR,2019,winter,5,35.60,39.16,0.0000,90.00,false,
FR,2019,winter,6,43.40,48.13,0.0000,90.00,false,
FR,2019,winter,7,51.33,55.00,0.0000,90.00,false,
FR,2019,winter,8,54.87,56.00,0.0000,90.00,false,
FR,2019,winter,9,55.44,55.58,0.0000,90.00,false,
FR,2019,winter,10,54.55,54.27,0.0000,90.00,false,
FR,2019,winter,11,53.37,53.12,0.0000,90.00,false,
FR,2019,winter,12,52.13,50.96,0.0000,90.00,false,
FR,2019,winter,13,49.83,47.66,0.0000,90.00,false,
FR,2019,winter,14,48.49,46.75,0.0000,90.00,false,
FR,2019,winter,15,47.83,46.33,0.0000,90.00,false,
FR,2019,winter,16,49.35,47.99,0.0000,90.00,false,
FR,2019,winter,17,55.43,52.55,0.0000,90.00,false,
FR,2019,winter,18,59.44,56.55,0.0000,90.00,false,
FR,2019,winter,19,59.10,56.36,0.0000,90.00,false,
FR,2019,winter,20,54.25,52.31,0.0000,90.00,false,
FR,2019,winter,21,48.49,47.68,0.0000,90.00,false,
FR,2019,winter,22,48.78,48.54,0.0000,90.00,false,
FR,2019,winter,23,46.03,45.71,0.0000,90.00,false,
FR,2020,autumn,0,35.39,36.53,0.0000,91.00,false,
FR,2020,autumn,1,32.26,33.39,0.0000,91.00,false,
FR,2020,autumn,2,29.99,31.91,0.0217,92.00,false,
FR,2020,autumn,3,27.80,30.03,0.0330,91.00,false,
FR,2020,autumn,4,27.55,30.26,0.0330,91.00,false,
FR,2020,autumn,5,30.46,32.52,0.0110,91.00,false,
FR,2020,autumn,6,38.35,39.82,0.0000,91.00,false,
FR,2020,autumn,7,46.14,47.50,0.0000,91.00,false,
FR,2020,autumn,8,49.97,49.95,0.0000,91.00,false,
FR,2020,autumn,9,49.04,48.08,0.0000,91.00,false,
FR,2020,autumn,10,46.22,45.92,0.0000,91.00,false,
FR,2020,autumn,11,44.98,46.26,0.0000,91.00,false,
FR,2020,autumn,12,43.91,44.95,0.0000,91.00,false,
FR,2020,autumn,13,41.38,42.95,0.0000,91.00,false,
FR,2020,autumn,14,40.00,41.82,0.0000,91.00,false,
FR,2020,autumn,15,40.29,41.55,0.0000,91.00,false,
FR,2020,autumn,16,41.81,42.06,0.0000,91.00,false,
FR,2020,autumn,17,47.44,47.51,0.0000,91.00,false,
FR,2020,autumn,18,53.34,50.98,0.0000,91.00,false,
FR,2020,autumn,19,59.19,51.85,0.0000,91.00,false,
FR,2020,autumn,20,51.71,49.98,0.0000,91.00,false,
FR,2020,autumn,21,43.92,44.07,0.0000,91.00,false,
FR,2020,autumn,22,41.60,42.15,0.0000,91.00,false,
FR,2020,autumn,23,37.91,38.42,0.0000,91.00,false,
FR,2020,spring,0,18.77,19.94,0.0000,92.00,false,
FR,2020,spring,1,16.50,17.55,0.0109,92.00,false,
FR,2020,spring,2,15.33,16.01,0.0110,91.00,false,
FR,2020,spring,3,13.59,14.05,0.0217,92.00,false,
FR,2020,spring,4,12.85,12.92,0.0217,92.00,false,
FR,2020,spring,5,13.89,13.73,0.0326,92.00,false,
FR,2020,spring,6,16.52,15.09,0.0217,92.00,false,
FR,2020,spring,7,19.32,18.95,0.0217,92.00,false,
FR,2020,spring,8,20.74,19.95,0.0217,92.00,false,
FR,2020,spring,9,19.64,19.04,0.0217,92.00,false,
FR,2020,spring,10,17.43,17.95,0.0326,92.00,false,
FR,2020,spring,11,17.05,17.13,0.0326,92.00,false,
FR,2020,spring,12,17.14,17.52,0.0109,92.00,false,
FR,2020,spring,13,14.54,15.31,0.0870,92.00,false,
FR,2020,spring,14,11.49,13.50,0.1522,92.00,false,
FR,2020,spring,15,10.28,12.71,0.1304,92.00,false,
FR,2020,spring,16,12.21,13.27,0.0978,92.00,false,
FR,2020,spring,17,15.49,14.43,0.0217,92.00,false,
FR,2020,spring,18,21.02,19.12,0.0000,92.00,false,
FR,2020,spring,19,24.91,21.98,0.0000,92.00,false,
FR,2020,spring,20,23.17,21.64,0.0000,92.00,false,
FR,2020,spring,21,21.78,21.99,0.0000,92.00,false,
FR,2020,spring,22,22.96,23.56,0.0000,92.00,false,
FR,2020,spring,23,21.45,21.51,0.0000,92.00,false,
FR,2020,summer,0,31.19,32.70,0.0000,92.00,false,
FR,2020,summer,1,27.55,28.41,0.0000,92.00,false,
FR,2020,summer,2,25.44,26.87,0.0000,92.00,false,
FR,2020,summer,3,23.85,25.55,0.0109,92.00,false,
FR,2020,summer,4,23.27,25.33,0.0109,92.00,false,
FR,2020,summer,5,24.52,26.79,0.0109,92.00,false,
FR,2020,summer,6,28.37,30.08,0.0109,92.00,false,
FR,2020,summer,7,32.32,35.39,0.0109,92.00,false,
FR,2020,summer,8,34.70,37.85,0.0109,92.00,false,
FR,2020,summer,9,34.78,37.60,0.0109,92.00,false,
FR,2020,summer,10,33.46,36.14,0.0109,92.00,false,
FR,2020,summer,11,33.51,35.80,0.0000,92.00,false,
FR,2020,summer,12,33.81,36.12,0.0000,92.00,false,
FR,2020,summer,13,31.72,34.80,0.0109,92.00,false,
FR,2020,summer,14,29.86,33.13,0.0326,92.00,false,
FR,2020,summer,15,28.76,31.74,0.0326,92.00,false,
FR,2020,summer,16,29.13,30.82,0.0109,92.00,false,
FR,2020,summer,17,32.61,33.15,0.0109,92.00,false,
FR,2020,summer,18,37.15,38.27,0.0000,92.00,false,
FR,2020,summer,19,41.36,40.75,0.0000,92.00,false,
FR,2020,summer,20,40.37,40.01,0.0000,92.00,false,
FR,2020,summer,21,38.67,39.92,0.0000,92.00,false,
FR,2020,summer,22,38.23,39.56,0.0000,92.00,false,
FR,2020,summer,23,34.62,35.38,0.0000,92.00,false,
FR,2020,winter,0,30.94,31.17,0.0000,91.00,false,
FR,2020,winter,1,28.97,29.00,0.0000,91.00,false,
FR,2020,winter,2,27.52,27.72,0.0000,91.00,false,
FR,2020,winter,3,24.57,25.71,0.0330,91.00,false,
FR,2020,winter,4,23.75,25.45,0.0330,91.00,false,
FR,2020,winter,5,26.18,27.75,0.0220,91.00,false,
FR,2020,winter,6,31.90,32.45,0.0220,91.00,false,
FR,2020,winter,7,39.82,40.25,0.0000,91.00,false,
FR,2020,winter,8,44.28,43.33,0.0000,91.00,false,
FR,2020,winter,9,45.63,44.33,0.0000,91.00,false,
FR,2020,winter,10,44.51,42.90,0.0000,91.00,false,
FR,2020,winter,11,43.68,41.55,0.0000,91.00,false,
FR,2020,winter,12,42.88,40.43,0.0000,91.00,false,
FR,2020,winter,13,40.59,38.01,0.0000,91.00,false,
FR,2020,winter,14,39.12,36.70,0.0000,91.00,false,
FR,2020,winter,15,38.76,36.27,0.0000,91.00,false,
FR,2020,winter,16,40.52,39.00,0.0000,91.00,false,
FR,2020,winter,17,46.22,42.85,0.0000,91.00,false,
FR,2020,winter,18,49.38,45.52,0.0000,91.00,false,
FR,2020,winter,19,48.19,45.15,0.0000,91.00,false,
FR,2020,winter,20,42.03,40.99,0.0000,91.00,false,
FR,2020,winter,21,36.21,34.76,0.0000,91.00,false,
FR,2020,winter,22,36.74,36.08,0.0000,91.00,false,
FR,2020,winter,23,34.90,33.39,0.0000,91.00,false,
FR,2021,autumn,0,154.72,149.59,0.0000,91.00,false,
FR,2021,autumn,1,144.09,142.18,0.0000,91.00,false,
FR,2021,autumn,2,136.87,140.16,0.0000,92.00,false,
FR,2021,autumn,3,123.99,119.41,0.0110,91.00,false,
FR,2021,autumn,4,121.33,118.60,0.0110,91.00,false,
FR,2021,autumn,5,135.14,135.03,0.0110,91.00,false,
FR,2021,autumn,6,166.57,166.94,0.0000,91.00,false,
FR,2021,autumn,7,197.19,194.93,0.0000,91.00,false,
FR,2021,autumn,8,208.70,205.28,0.0000,91.00,false,
FR,2021,autumn,9,205.10,207.12,0.0000,91.00,false,
FR,2021,autumn,10,192.92,198.22,0.0000,91.00,false,
FR,2021,autumn,11,183.97,181.30,0.0000,91.00,false,
FR,2021,autumn,12,180.80,180.00,0.0000,91.00,false,
FR,2021,autumn,13,168.83,169.60,0.0000,91.00,false,
FR,2021,autumn,14,162.85,160.50,0.0000,91.00,false,
FR,2021,autumn,15,163.63,155.31,0.0000,91.00,false,
FR,2021,autumn,16,172.88,165.00,0.0000,91.00,false,
FR,2021,autumn,17,199.53,189.37,0.0000,91.00,false,
FR,2021,autumn,18,217.27,215.10,0.0000,91.00,false,
FR,2021,autumn,19,225.52,230.00,0.0000,91.00,false,
FR,2021,autumn,20,208.09,202.95,0.0000,91.00,false,
FR,2021,autumn,21,185.91,179.78,0.0000,91.00,false,
FR,2021,autumn,22,175.96,173.43,0.0000,91.00,false,
FR,2021,autumn,23,166.39,164.79,0.0000,91.00,false,
FR,2021,spring,0,57.36,58.28,0.0000,92.00,false,
FR,2021,spring,1,51.98,53.04,0.0000,92.00,false,
FR,2021,spring,2,49.79,50.89,0.0000,91.00,false,
FR,2021,spring,3,46.40,49.08,0.0000,92.00,false,
FR,2021,spring,4,45.21,49.22,0.0109,92.00,false,
FR,2021,spring,5,49.47,53.38,0.0109,92.00,false,
FR,2021,spring,6,58.69,60.85,0.0109,92.00,false,
FR,2021,spring,7,66.91,69.94,0.0000,92.00,false,
FR,2021,spring,8,70.98,72.49,0.0000,92.00,false,
FR,2021,spring,9,65.79,65.99,0.0109,92.00,false,
FR,2021,spring,10,57.64,59.90,0.0109,92.00,false,
FR,2021,spring,11,54.15,57.09,0.0109,92.00,false,
FR,2021,spring,12,52.63,54.82,0.0109,92.00,false,
FR,2021,spring,13,45.77,50.90,0.0326,92.00,false,
FR,2021,spring,14,40.41,48.43,0.0543,92.00,false,
FR,2021,spring,15,39.17,47.72,0.0543,92.00,false,
FR,2021,spring,16,41.44,49.41,0.0435,92.00,false,
FR,2021,spring,17,49.45,54.73,0.0000,92.00,false,
FR,2021,spring,18,62.61,65.24,0.0000,92.00,false,
FR,2021,spring,19,72.79,75.60,0.0000,92.00,false,
FR,2021,spring,20,71.85,72.97,0.0000,92.00,false,
FR,2021,spring,21,68.13,66.94,0.0000,92.00,false,
FR,2021,spring,22,65.84,66.07,0.0000,92.00,false,
FR,2021,spring,23,62.49,60.85,0.0000,92.00,false,
FR,2021,summer,0,75.50,78.66,0.0000,92.00,false,
FR,2021,summer,1,69.06,73.79,0.0000,92.00,false,
FR,2021,summer,2,65.84,70.51,0.0109,92.00,false,
FR,2021,summer,3,59.31,65.40,0.0435,92.00,false,
FR,2021,summer,4,55.06,62.58,0.0543,92.00,false,
FR,2021,summer,5,61.89,67.06,0.0217,92.00,false,
FR,2021,summer,6,72.42,79.16,0.0217,92.00,false,
FR,2021,summer,7,82.75,90.02,0.0109,92.00,false,
FR,2021,summer,8,89.87,95.50,0.0109,92.00,false,
FR,2021,summer,9,85.64,90.00,0.0109,92.00,false,
FR,2021,summer,10,80.00,84.04,0.0109,92.00,false,
FR,2021,summer,11,77.24,81.20,0.0109,92.00,false,
FR,2021,summer,12,75.99,81.54,0.0217,92.00,false,
FR,2021,summer,13,68.57,75.72,0.0217,92.00,false,
FR,2021,summer,14,63.71,72.62,0.0435,92.00,false,
FR,2021,summer,15,62.32,72.00,0.0543,92.00,false,
FR,2021,summer,16,63.64,72.79,0.0326,92.00,false,
FR,2021,summer,17,73.23,81.89,0.0109,92.00,false,
FR,2021,summer,18,84.92,89.85,0.0109,92.00,false,
FR,2021,summer,19,95.62,96.46,0.0000,92.00,false,
FR,2021,summer,20,97.26,98.30,0.0000,92.00,false,
FR,2021,summer,21,95.76,96.04,0.0000,92.00,false,
FR,2021,summer,22,93.28,93.96,0.0000,92.00,false,
FR,2021,summer,23,85.34,84.69,0.0000,92.00,false,
FR,2021,winter,0,113.71,53.55,0.0000,90.00,false,
FR,2021,winter,1,107.54,49.36,0.0000,90.00,false,
FR,2021,winter,2,104.10,48.90,0.0000,90.00,false,
FR,2021,winter,3,94.36,46.01,0.0000,90.00,false,
FR,2021,winter,4,90.67,45.43,0.0111,90.00,false,
FR,2021,winter,5,99.06,48.25,0.0111,90.00,false,
FR,2021,winter,6,115.62,55.50,0.0000,90.00,false,
FR,2021,winter,7,137.86,68.68,0.0000,90.00,false,
FR,2021,winter,8,148.03,73.68,0.0000,90.00,false,
FR,2021,winter,9,152.07,77.37,0.0000,90.00,false,
FR,2021,winter,10,148.55,73.69,0.0000,90.00,false,
FR,2021,winter,11,144.33,71.39,0.0000,90.00,false,
FR,2021,winter,12,143.33,70.33,0.0000,90.00,false,
FR,2021,winter,13,136.66,68.79,0.0000,90.00,false,
FR,2021,winter,14,134.60,65.35,0.0000,90.00,false,
FR,2021,winter,15,136.40,65.05,0.0000,90.00,false,
FR,2021,winter,16,140.18,65.77,0.0000,90.00,false,
FR,2021,winter,17,153.71,71.80,0.0000,90.00,false,
FR,2021,winter,18,161.50,79.97,0.0000,90.00,false,
FR,2021,winter,19,157.75,74.93,0.0000,90.00,false,
FR,2021,winter,20,141.32,68.19,0.0000,90.00,false,
FR,2021,winter,21,127.70,59.63,0.0000,90.00,false,
FR,2021,winter,22,122.39,58.51,0.0000,90.00,false,
FR,2021,winter,23,116.82,54.78,0.0000,90.00,false,
FR,2022,autumn,0,223.73,191.76,0.0000,91.00,false,
FR,2022,autumn,1,203.76,174.30,0.0000,91.00,false,
FR,2022,autumn,2,195.61,163.44,0.0000,92.00,false,
FR,2022,autumn,3,180.19,148.58,0.0000,91.00,false,
FR,2022,autumn,4,178.53,144.06,0.0000,91.00,false,
FR,2022,autumn,5,198.54,162.05,0.0000,91.00,false,
FR,2022,autumn,6,245.92,209.38,0.0000,91.00,false,
FR,2022,autumn,7,289.79,246.27,0.0000,91.00,false,
FR,2022,autumn,8,305.96,267.35,0.0000,91.00,false,
FR,2022,autumn,9,296.54,268.38,0.0000,91.00,false,
FR,2022,autumn,10,268.31,242.20,0.0000,91.00,false,
FR,2022,autumn,11,263.16,233.74,0.0000,91.00,false,
FR,2022,autumn,12,257.37,246.08,0.0000,91.00,false,
FR,2022,autumn,13,238.15,207.61,0.0000,91.00,false,
FR,2022,autumn,14,240.28,213.34,0.0000,91.00,false,
FR,2022,autumn,15,241.05,213.23,0.0000,91.00,false,
FR,2022,autumn,16,247.93,218.95,0.0000,91.00,false,
FR,2022,autumn,17,290.77,269.48,0.0000,91.00,false,
FR,2022,autumn,18,319.89,288.16,0.0000,91.00,false,
FR,2022,autumn,19,347.99,298.03,0.0000,91.00,false,
FR,2022,autumn,20,311.40,270.00,0.0000,91.00,false,
FR,2022,autumn,21,270.12,232.00,0.0000,91.00,false,
FR,2022,autumn,22,252.62,219.44,0.0000,91.00,false,
FR,2022,autumn,23,235.83,203.60,0.0000,91.00,false,
FR,2022,spring,0,234.57,216.60,0.0000,92.00,false,
FR,2022,spring,1,222.03,206.29,0.0000,92.00,false,
FR,2022,spring,2,217.67,201.18,0.0000,91.00,false,
FR,2022,spring,3,208.94,197.97,0.0000,92.00,false,
FR,2022,spring,4,207.06,195.28,0.0000,92.00,false,
FR,2022,spring,5,220.12,209.02,0.0000,92.00,false,
FR,2022,spring,6,251.58,239.65,0.0000,92.00,false,
FR,2022,spring,7,297.74,263.77,0.0000,92.00,false,
FR,2022,spring,8,306.49,265.27,0.0000,92.00,false,
FR,2022,spring,9,263.06,249.53,0.0000,92.00,false,
FR,2022,spring,10,242.38,225.47,0.0000,92.00,false,
FR,2022,spring,11,231.96,216.50,0.0000,92.00,false,
FR,2022,spring,12,227.25,212.05,0.0000,92.00,false,
FR,2022,spring,13,212.86,199.93,0.0000,92.00,false,
FR,2022,spring,14,204.04,196.71,0.0109,92.00,false,
FR,2022,spring,15,200.08,195.29,0.0000,92.00,false,
FR,2022,spring,16,208.62,198.36,0.0000,92.00,false,
FR,2022,spring,17,232.92,218.18,0.0000,92.00,false,
FR,2022,spring,18,263.31,244.27,0.0000,92.00,false,
FR,2022,spring,19,290.83,274.66,0.0000,92.00,false,
FR,2022,spring,20,288.68,278.74,0.0000,92.00,false,
FR,2022,spring,21,269.97,258.89,0.0000,92.00,false,
FR,2022,spring,22,260.28,245.52,0.0000,92.00,false,
FR,2022,spring,23,244.87,229.34,0.0000,92.00,false,
FR,2022,summer,0,364.55,357.48,0.0000,92.00,false,
FR,2022,summer,1,333.07,317.34,0.0000,92.00,false,
FR,2022,summer,2,323.01,308.96,0.0000,92.00,false,
FR,2022,summer,3,305.54,297.38,0.0000,92.00,false,
FR,2022,summer,4,301.87,297.28,0.0000,92.00,false,
FR,2022,summer,5,318.49,311.33,0.0000,92.00,false,
FR,2022,summer,6,362.21,361.66,0.0000,92.00,false,
FR,2022,summer,7,393.01,392.60,0.0000,92.00,false,
FR,2022,summer,8,407.24,413.51,0.0000,92.00,false,
FR,2022,summer,9,399.15,384.27,0.0000,92.00,false,
FR,2022,summer,10,379.01,364.77,0.0000,92.00,false,
FR,2022,summer,11,379.06,374.09,0.0000,92.00,false,
FR,2022,summer,12,383.83,368.57,0.0000,92.00,false,
FR,2022,summer,13,366.67,375.19,0.0000,92.00,false,
FR,2022,summer,14,371.82,363.04,0.0000,92.00,false,
FR,2022,summer,15,364.23,346.49,0.0000,92.00,false,
FR,2022,summer,16,362.45,339.33,0.0000,92.00,false,
FR,2022,summer,17,388.55,372.32,0.0000,92.00,false,
FR,2022,summer,18,430.19,409.97,0.0000,92.00,false,
FR,2022,summer,19,468.05,449.28,0.0000,92.00,false,
FR,2022,summer,20,468.40,453.04,0.0000,92.00,false,
FR,2022,summer,21,451.01,431.35,0.0000,92.00,false,
FR,2022,summer,22,435.89,429.53,0.0000,92.00,false,
FR,2022,summer,23,411.20,402.98,0.0000,92.00,false,
FR,2022,winter,0,196.43,196.78,0.0000,90.00,false,
FR,2022,winter,1,186.36,188.05,0.0000,90.00,false,
FR,2022,winter,2,181.71,184.60,0.0111,90.00,false,
FR,2022,winter,3,168.89,172.86,0.0222,90.00,false,
FR,2022,winter,4,163.84,171.51,0.0222,90.00,false,
FR,2022,winter,5,173.37,179.75,0.0222,90.00,false,
FR,2022,winter,6,200.87,199.12,0.0000,90.00,false,
FR,2022,winter,7,241.15,230.99,0.0000,90.00,false,
FR,2022,winter,8,260.67,244.46,0.0000,90.00,false,
FR,2022,winter,9,264.76,238.80,0.0000,90.00,false,
FR,2022,winter,10,252.05,229.37,0.0000,90.00,false,
FR,2022,winter,11,243.50,221.59,0.0000,90.00,false,
FR,2022,winter,12,235.22,215.44,0.0000,90.00,false,
FR,2022,winter,13,223.06,201.00,0.0000,90.00,false,
FR,2022,winter,14,223.06,198.71,0.0000,90.00,false,
FR,2022,winter,15,226.26,197.20,0.0000,90.00,false,
FR,2022,winter,16,234.74,203.80,0.0000,90.00,false,
FR,2022,winter,17,259.00,232.95,0.0000,90.00,false,
FR,2022,winter,18,276.07,255.63,0.0000,90.00,false,
FR,2022,winter,19,274.13,258.64,0.0000,90.00,false,
FR,2022,winter,20,251.37,240.97,0.0000,90.00,false,
FR,2022,winter,21,220.17,218.95,0.0000,90.00,false,
FR,2022,winter,22,213.91,208.54,0.0000,90.00,false,
FR,2022,winter,23,201.95,200.40,0.0000,90.00,false,
FR,2023,autumn,0,78.81,88.89,0.0000,91.00,false,
FR,2023,autumn,1,69.08,84.08,0.0110,91.00,false,
FR,2023,autumn,2,63.52,77.85,0.0326,92.00,false,
FR,2023,autumn,3,57.34,71.61,0.0330,91.00,false,
FR,2023,autumn,4,53.08,63.35,0.0330,91.00,false,
FR,2023,autumn,5,62.16,75.01,0.0330,91.00,false,
FR,2023,autumn,6,81.14,87.44,0.0000,91.00,false,
FR,2023,autumn,7,102.90,113.27,0.0000,91.00,false,
FR,2023,autumn,8,111.18,119.01,0.0000,91.00,false,
FR,2023,autumn,9,104.02,106.00,0.0000,91.00,false,
FR,2023,autumn,10,89.42,92.07,0.0000,91.00,false,
FR,2023,autumn,11,80.86,87.06,0.0000,91.00,false,
FR,2023,autumn,12,75.47,81.05,0.0110,91.00,false,
FR,2023,autumn,13,68.54,76.50,0.0330,91.00,false,
FR,2023,autumn,14,69.49,80.50,0.0659,91.00,false,
FR,2023,autumn,15,76.41,84.57,0.0110,91.00,false,
FR,2023,autumn,16,85.14,89.15,0.0000,91.00,false,
FR,2023,autumn,17,102.83,100.80,0.0000,91.00,false,
FR,2023,autumn,18,124.76,121.50,0.0000,91.00,false,
FR,2023,autumn,19,133.05,130.02,0.0000,91.00,false,
FR,2023,autumn,20,121.08,125.80,0.0000,91.00,false,
FR,2023,autumn,21,103.47,107.59,0.0000,91.00,false,
FR,2023,autumn,22,95.88,103.25,0.0000,91.00,false,
FR,2023,autumn,23,85.19,95.12,0.0000,91.00,false,
FR,2023,spring,0,100.86,101.54,0.0000,92.00,false,
FR,2023,spring,1,92.52,94.69,0.0000,92.00,false,
FR,2023,spring,2,91.09,94.30,0.0000,91.00,false,
FR,2023,spring,3,85.69,85.84,0.0000,92.00,false,
FR,2023,spring,4,84.19,85.40,0.0000,92.00,false,
FR,2023,spring,5,89.42,91.15,0.0000,92.00,false,
FR,2023,spring,6,102.95,102.62,0.0000,92.00,false,
FR,2023,spring,7,119.58,115.28,0.0000,92.00,false,
FR,2023,spring,8,123.91,121.44,0.0000,92.00,false,
FR,2023,spring,9,111.31,110.55,0.0109,92.00,false,
FR,2023,spring,10,97.02,100.18,0.0326,92.00,false,
FR,2023,spring,11,87.43,93.73,0.0326,92.00,false,
FR,2023,spring,12,80.82,86.61,0.0543,92.00,false,
FR,2023,spring,13,72.77,84.35,0.0543,92.00,false,
FR,2023,spring,14,69.43,81.41,0.0761,92.00,false,
FR,2023,spring,15,69.02,81.07,0.0761,92.00,false,
FR,2023,spring,16,75.25,83.55,0.0326,92.00,false,
FR,2023,spring,17,93.17,96.49,0.0217,92.00,false,
FR,2023,spring,18,113.87,114.60,0.0000,92.00,false,
FR,2023,spring,19,132.01,130.68,0.0000,92.00,false,
FR,2023,spring,20,129.88,130.15,0.0000,92.00,false,
FR,2023,spring,21,120.94,122.23,0.0000,92.00,false,
FR,2023,spring,22,115.35,115.28,0.0000,92.00,false,
FR,2023,spring,23,106.21,106.21,0.0000,92.00,false,
FR,2023,summer,0,96.40,98.41,0.0000,92.00,false,
FR,2023,summer,1,86.61,89.85,0.0000,92.00,false,
FR,2023,summer,2,81.69,86.99,0.0000,92.00,false,
FR,2023,summer,3,74.55,80.49,0.0217,92.00,false,
FR,2023,summer,4,71.76,76.98,0.0217,92.00,false,
FR,2023,summer,5,77.28,84.23,0.0217,92.00,false,
FR,2023,summer,6,86.11,89.38,0.0217,92.00,false,
FR,2023,summer,7,98.04,103.65,0.0217,92.00,false,
FR,2023,summer,8,101.14,106.04,0.0217,92.00,false,
FR,2023,summer,9,89.78,97.88,0.0217,92.00,false,
FR,2023,summer,10,78.36,87.75,0.0435,92.00,false,
FR,2023,summer,11,71.38,81.56,0.0652,92.00,false,
FR,2023,summer,12,67.83,79.49,0.0761,92.00,false,
FR,2023,summer,13,60.66,73.24,0.0978,92.00,false,
FR,2023,summer,14,56.18,67.13,0.1087,92.00,false,
FR,2023,summer,15,56.93,68.59,0.1196,92.00,false,
FR,2023,summer,16,64.80,75.06,0.0978,92.00,false,
FR,2023,summer,17,79.41,86.21,0.0217,92.00,false,
FR,2023,summer,18,97.11,96.86,0.0109,92.00,false,
FR,2023,summer,19,116.15,112.27,0.0000,92.00,false,
FR,2023,summer,20,123.32,119.91,0.0000,92.00,false,
FR,2023,summer,21,121.60,123.42,0.0000,92.00,false,
FR,2023,summer,22,116.22,116.95,0.0000,92.00,false,
FR,2023,summer,23,103.97,102.95,0.0000,92.00,false,
FR,2023,winter,0,99.14,107.57,0.0333,90.00,false,
FR,2023,winter,1,95.03,103.14,0.0333,90.00,false,
FR,2023,winter,2,92.69,101.25,0.0444,90.00,false,
FR,2023,winter,3,84.47,93.02,0.0889,90.00,false,
FR,2023,winter,4,82.53,91.57,0.0889,90.00,false,
FR,2023,winter,5,89.44,97.27,0.0778,90.00,false,
FR,2023,winter,6,105.72,110.07,0.0444,90.00,false,
FR,2023,winter,7,123.03,134.87,0.0333,90.00,false,
FR,2023,winter,8,136.45,147.23,0.0222,90.00,false,
FR,2023,winter,9,137.08,150.89,0.0111,90.00,false,
FR,2023,winter,10,129.29,145.66,0.0111,90.00,false,
FR,2023,winter,11,123.27,140.51,0.0111,90.00,false,
FR,2023,winter,12,115.29,126.07,0.0111,90.00,false,
FR,2023,winter,13,108.41,120.00,0.0111,90.00,false,
FR,2023,winter,14,112.22,122.93,0.0000,90.00,false,
FR,2023,winter,15,115.36,124.07,0.0000,90.00,false,
FR,2023,winter,16,121.74,128.57,0.0000,90.00,false,
FR,2023,winter,17,137.02,147.38,0.0000,90.00,false,
FR,2023,winter,18,146.32,159.87,0.0000,90.00,false,
FR,2023,winter,19,142.80,162.17,0.0000,90.00,false,
FR,2023,winter,20,131.08,153.32,0.0111,90.00,false,
FR,2023,winter,21,118.80,136.07,0.0111,90.00,false,
FR,2023,winter,22,115.77,132.02,0.0111,90.00,false,
FR,2023,winter,23,105.87,121.99,0.0111,90.00,false,
FR,2024,autumn,0,67.26,71.30,0.0110,91.00,false,
FR,2024,autumn,1,59.91,62.51,0.0440,91.00,false,
FR,2024,autumn,2,55.87,58.86,0.0543,92.00,false,
FR,2024,autumn,3,47.36,44.60,0.0659,91.00,false,
FR,2024,autumn,4,43.61,41.38,0.0769,91.00,false,
FR,2024,autumn,5,51.19,52.93,0.0549,91.00,false,
FR,2024,autumn,6,68.07,70.84,0.0110,91.00,false,
FR,2024,autumn,7,86.38,91.00,0.0000,91.00,false,
FR,2024,autumn,8,95.96,101.16,0.0000,91.00,false,
FR,2024,autumn,9,86.41,91.56,0.0000,91.00,false,
FR,2024,autumn,10,71.85,74.81,0.0000,91.00,false,
FR,2024,autumn,11,61.42,66.54,0.0330,91.00,false,
FR,2024,autumn,12,57.30,59.00,0.0769,91.00,false,
FR,2024,autumn,13,51.71,53.84,0.1209,91.00,false,
FR,2024,autumn,14,50.97,50.00,0.1319,91.00,false,
FR,2024,autumn,15,53.79,46.35,0.0989,91.00,false,
FR,2024,autumn,16,61.97,57.93,0.0440,91.00,false,
FR,2024,autumn,17,75.69,76.14,0.0110,91.00,false,
FR,2024,autumn,18,98.06,96.27,0.0000,91.00,false,
FR,2024,autumn,19,114.79,120.01,0.0000,91.00,false,
FR,2024,autumn,20,102.49,109.01,0.0000,91.00,false,
FR,2024,autumn,21,87.41,93.69,0.0000,91.00,false,
FR,2024,autumn,22,85.37,88.97,0.0000,91.00,false,
FR,2024,autumn,23,78.31,84.02,0.0000,91.00,false,
FR,2024,spring,0,43.70,45.50,0.0109,92.00,false,
FR,2024,spring,1,36.93,34.89,0.0326,92.00,false,
FR,2024,spring,2,34.71,29.36,0.0440,91.00,false,
FR,2024,spring,3,30.40,25.57,0.0652,92.00,false,
FR,2024,spring,4,27.52,19.95,0.0761,92.00,false,
FR,2024,spring,5,30.74,24.99,0.0543,92.00,false,
FR,2024,spring,6,38.93,31.79,0.0326,92.00,false,
FR,2024,spring,7,53.26,47.44,0.0326,92.00,false,
FR,2024,spring,8,53.35,43.72,0.0543,92.00,false,
FR,2024,spring,9,41.19,36.52,0.0978,92.00,false,
FR,2024,spring,10,30.57,27.27,0.1739,92.00,false,
FR,2024,spring,11,23.76,18.44,0.2174,92.00,false,
FR,2024,spring,12,21.88,12.32,0.2609,92.00,false,
FR,2024,spring,13,17.02,8.87,0.3043,92.00,false,
FR,2024,spring,14,14.65,9.95,0.3696,92.00,false,
FR,2024,spring,15,16.15,7.57,0.3587,92.00,false,
FR,2024,spring,16,20.20,8.38,0.3043,92.00,false,
FR,2024,spring,17,27.33,15.89,0.1630,92.00,false,
FR,2024,spring,18,40.04,29.48,0.0435,92.00,false,
FR,2024,spring,19,56.21,44.71,0.0000,92.00,false,
FR,2024,spring,20,55.81,55.05,0.0000,92.00,false,
FR,2024,spring,21,55.28,57.71,0.0000,92.00,false,
FR,2024,spring,22,54.80,55.14,0.0000,92.00,false,
FR,2024,spring,23,49.48,49.80,0.0109,92.00,false,
FR,2024,summer,0,62.56,65.22,0.0000,92.00,false,
FR,2024,summer,1,50.49,52.04,0.0109,92.00,false,
FR,2024,summer,2,45.19,44.36,0.0109,92.00,false,
FR,2024,summer,3,38.27,37.28,0.0217,92.00,false,
FR,2024,summer,4,34.22,33.06,0.0435,92.00,false,
FR,2024,summer,5,39.09,39.36,0.0109,92.00,false,
FR,2024,summer,6,45.55,45.81,0.0109,92.00,false,
FR,2024,summer,7,55.48,55.07,0.0000,92.00,false,
FR,2024,summer,8,62.25,63.11,0.0326,92.00,false,
FR,2024,summer,9,49.48,50.02,0.0978,92.00,false,
FR,2024,summer,10,34.90,35.89,0.1630,92.00,false,
FR,2024,summer,11,24.65,18.35,0.2174,92.00,false,
FR,2024,summer,12,19.29,13.15,0.2717,92.00,false,
FR,2024,summer,13,12.34,6.98,0.3261,92.00,false,
FR,2024,summer,14,9.95,5.20,0.3587,92.00,false,
FR,2024,summer,15,13.53,8.93,0.3478,92.00,false,
FR,2024,summer,16,21.47,12.78,0.2717,92.00,false,
FR,2024,summer,17,35.38,31.69,0.1087,92.00,false,
FR,2024,summer,18,55.26,51.96,0.0217,92.00,false,
FR,2024,summer,19,75.19,77.23,0.0000,92.00,false,
FR,2024,summer,20,80.85,80.38,0.0000,92.00,false,
FR,2024,summer,21,84.39,87.69,0.0000,92.00,false,
FR,2024,summer,22,88.37,96.46,0.0000,92.00,false,
FR,2024,summer,23,77.73,84.24,0.0000,92.00,false,
FR,2024,winter,0,65.50,64.62,0.0000,91.00,false,
FR,2024,winter,1,61.02,60.05,0.0000,91.00,false,
FR,2024,winter,2,57.94,59.05,0.0220,91.00,false,
FR,2024,winter,3,53.36,54.79,0.0220,91.00,false,
FR,2024,winter,4,51.63,55.06,0.0220,91.00,false,
FR,2024,winter,5,56.97,57.92,0.0110,91.00,false,
FR,2024,winter,6,68.47,69.71,0.0110,91.00,false,
FR,2024,winter,7,83.76,81.39,0.0110,91.00,false,
FR,2024,winter,8,95.33,90.21,0.0110,91.00,false,
FR,2024,winter,9,93.32,86.81,0.0000,91.00,false,
FR,2024,winter,10,85.56,80.89,0.0000,91.00,false,
FR,2024,winter,11,80.42,75.25,0.0000,91.00,false,
FR,2024,winter,12,76.54,69.77,0.0000,91.00,false,
FR,2024,winter,13,72.57,68.23,0.0000,91.00,false,
FR,2024,winter,14,74.65,69.53,0.0000,91.00,false,
FR,2024,winter,15,79.49,71.95,0.0000,91.00,false,
FR,2024,winter,16,85.79,78.89,0.0000,91.00,false,
FR,2024,winter,17,98.02,82.90,0.0000,91.00,false,
FR,2024,winter,18,106.07,96.67,0.0000,91.00,false,
FR,2024,winter,19,103.12,92.78,0.0000,91.00,false,
FR,2024,winter,20,91.44,82.89,0.0000,91.00,false,
FR,2024,winter,21,82.15,74.21,0.0000,91.00,false,
FR,2024,winter,22,80.00,74.91,0.0000,91.00,false,
FR,2024,winter,23,72.23,69.11,0.0000,91.00,false,
FR,2025,autumn,0,47.05,45.73,0.0632,91.00,false,
FR,2025,autumn,1,42.36,36.79,0.0385,91.00,false,
FR,2025,autumn,2,39.15,35.95,0.0435,92.00,false,
FR,2025,autumn,3,32.77,25.44,0.0742,91.00,false,
FR,2025,autumn,4,30.35,22.95,0.1016,91.00,false,
FR,2025,autumn,5,35.57,26.79,0.0632,91.00,false,
FR,2025,autumn,6,48.69,47.48,0.0495,91.00,false,
FR,2025,autumn,7,64.82,69.61,0.0000,91.00,false,
FR,2025,autumn,8,75.14,82.84,0.0110,91.00,false,
FR,2025,autumn,9,64.56,69.61,0.0137,91.00,false,
FR,2025,autumn,10,46.35,50.55,0.0549,91.00,false,
FR,2025,autumn,11,36.21,30.20,0.1209,91.00,false,
FR,2025,autumn,12,34.60,26.00,0.1209,91.00,false,
FR,2025,autumn,13,27.76,19.25,0.1951,91.00,false,
FR,2025,autumn,14,26.75,17.00,0.2088,91.00,false,
FR,2025,autumn,15,30.18,21.75,0.1648,91.00,false,
FR,2025,autumn,16,37.96,31.90,0.1401,91.00,false,
FR,2025,autumn,17,54.00,52.00,0.0577,91.00,false,
FR,2025,autumn,18,75.42,82.40,0.0000,91.00,false,
FR,2025,autumn,19,90.33,93.10,0.0000,91.00,false,
FR,2025,autumn,20,81.58,86.73,0.0000,91.00,false,
FR,2025,autumn,21,66.61,80.01,0.0027,91.00,false,
FR,2025,autumn,22,66.12,81.53,0.0027,91.00,false,
FR,2025,autumn,23,58.97,70.47,0.0000,91.00,false,
FR,2025,spring,0,56.91,50.27,0.0000,92.00,false,
FR,2025,spring,1,47.66,39.13,0.0000,92.00,false,
FR,2025,spring,2,45.22,37.26,0.0000,91.00,false,
FR,2025,spring,3,39.29,33.62,0.0000,92.00,false,
FR,2025,spring,4,37.17,27.59,0.0000,92.00,false,
FR,2025,spring,5,42.32,31.21,0.0000,92.00,false,
FR,2025,spring,6,55.54,41.96,0.0109,92.00,false,
FR,2025,spring,7,73.63,65.90,0.0109,92.00,false,
FR,2025,spring,8,70.80,61.38,0.0109,92.00,false,
FR,2025,spring,9,51.86,42.88,0.0761,92.00,false,
FR,2025,spring,10,31.88,21.28,0.1739,92.00,false,
FR,2025,spring,11,20.17,4.85,0.3804,92.00,false,
FR,2025,spring,12,17.88,2.37,0.4674,92.00,false,
FR,2025,spring,13,8.96,0.00,0.5326,92.00,false,
FR,2025,spring,14,6.49,-0.01,0.5543,92.00,false,
FR,2025,spring,15,12.95,0.00,0.5543,92.00,false,
FR,2025,spring,16,20.83,0.31,0.4565,92.00,false,
FR,2025,spring,17,34.75,22.50,0.1630,92.00,false,
FR,2025,spring,18,55.73,41.71,0.0109,92.00,false,
FR,2025,spring,19,78.68,65.56,0.0109,92.00,false,
FR,2025,spring,20,78.95,74.66,0.0000,92.00,false,
FR,2025,spring,21,78.82,77.48,0.0000,92.00,false,
FR,2025,spring,22,75.79,75.97,0.0000,92.00,false,
FR,2025,spring,23,66.12,66.64,0.0000,92.00,false,
FR,2025,summer,0,74.18,81.24,0.0109,92.00,false,
FR,2025,summer,1,61.09,66.72,0.0326,92.00,false,
FR,2025,summer,2,56.22,57.55,0.0217,92.00,false,
FR,2025,summer,3,48.42,49.44,0.0435,92.00,false,
FR,2025,summer,4,45.43,44.64,0.0435,92.00,false,
FR,2025,summer,5,49.04,46.49,0.0543,92.00,false,
FR,2025,summer,6,55.93,51.22,0.0217,92.00,false,
FR,2025,summer,7,62.86,61.89,0.0109,92.00,false,
FR,2025,summer,8,62.51,64.66,0.0435,92.00,false,
FR,2025,summer,9,45.45,41.25,0.0978,92.00,false,
FR,2025,summer,10,28.09,18.34,0.2391,92.00,false,
FR,2025,summer,11,19.62,5.46,0.3370,92.00,false,
FR,2025,summer,12,16.85,3.47,0.4022,92.00,false,
FR,2025,summer,13,9.77,0.41,0.4783,92.00,false,
FR,2025,summer,14,8.09,0.01,0.5000,92.00,false,
FR,2025,summer,15,12.87,1.26,0.4130,92.00,false,
FR,2025,summer,16,19.86,6.13,0.2283,92.00,false,
FR,2025,summer,17,34.55,25.52,0.1196,92.00,false,
FR,2025,summer,18,55.60,57.63,0.0109,92.00,false,
FR,2025,summer,19,82.53,85.48,0.0000,92.00,false,
FR,2025,summer,20,94.07,97.88,0.0000,92.00,false,
FR,2025,summer,21,96.05,99.90,0.0000,92.00,false,
FR,2025,summer,22,101.41,105.44,0.0000,92.00,false,
FR,2025,summer,23,87.47,92.29,0.0000,92.00,false,
FR,2025,winter,0,86.61,89.98,0.0000,90.00,false,
FR,2025,winter,1,81.37,84.23,0.0000,90.00,false,
FR,2025,winter,2,77.60,80.37,0.0000,90.00,false,
FR,2025,winter,3,71.44,74.04,0.0000,90.00,false,
FR,2025,winter,4,68.38,70.50,0.0000,90.00,false,
FR,2025,winter,5,74.06,74.66,0.0028,90.00,false,
FR,2025,winter,6,87.85,88.88,0.0000,90.00,false,
FR,2025,winter,7,108.00,103.70,0.0000,90.00,false,
FR,2025,winter,8,123.57,115.43,0.0000,90.00,false,
FR,2025,winter,9,114.38,112.61,0.0000,90.00,false,
FR,2025,winter,10,101.32,97.73,0.0028,90.00,false,
FR,2025,winter,11,93.33,89.93,0.0083,90.00,false,
FR,2025,winter,12,91.73,89.41,0.0111,90.00,false,
FR,2025,winter,13,86.23,85.25,0.0056,90.00,false,
FR,2025,winter,14,85.64,87.05,0.0028,90.00,false,
FR,2025,winter,15,89.85,88.65,0.0000,90.00,false,
FR,2025,winter,16,97.12,98.60,0.0000,90.00,false,
FR,2025,winter,17,113.15,113.47,0.0000,90.00,false,
FR,2025,winter,18,130.92,126.13,0.0000,90.00,false,
FR,2025,winter,19,130.80,131.96,0.0000,90.00,false,
FR,2025,winter,20,115.90,120.16,0.0000,90.00,false,
FR,2025,winter,21,104.38,108.30,0.0000,90.00,false,
FR,2025,winter,22,101.75,100.41,0.0028,90.00,false,
FR,2025,winter,23,94.14,92.76,0.0000,90.00,false,
FR,2026,autumn,0,167.35,176.77,0.0000,33.00,true,current_year
FR,2026,autumn,1,158.39,168.75,0.0000,33.00,true,current_year
FR,2026,autumn,2,149.96,160.92,0.0000,33.00,true,current_year
FR,2026,autumn,3,143.83,156.99,0.0000,33.00,true,current_year
FR,2026,autumn,4,143.26,156.49,0.0000,33.00,true,current_year
FR,2026,autumn,5,152.37,167.69,0.0000,33.00,true,current_year
FR,2026,autumn,6,179.62,189.63,0.0000,33.00,true,current_year
FR,2026,autumn,7,197.93,211.45,0.0000,33.00,true,current_year
FR,2026,autumn,8,192.32,201.73,0.0000,33.00,true,current_year
FR,2026,autumn,9,156.95,173.90,0.0000,33.00,true,current_year
FR,2026,autumn,10,118.97,132.53,0.0530,33.00,true,current_year
FR,2026,autumn,11,82.40,86.88,0.1591,33.00,true,current_year
FR,2026,autumn,12,60.38,53.70,0.2121,33.00,true,current_year
FR,2026,autumn,13,44.30,30.11,0.2727,33.00,true,current_year
FR,2026,autumn,14,50.93,35.55,0.2727,33.00,true,current_year
FR,2026,autumn,15,58.74,47.51,0.2348,33.00,true,current_year
FR,2026,autumn,16,83.02,84.28,0.1288,33.00,true,current_year
FR,2026,autumn,17,141.03,152.51,0.0152,33.00,true,current_year
FR,2026,autumn,18,203.91,207.98,0.0000,33.00,true,current_year
FR,2026,autumn,19,237.08,237.11,0.0000,33.00,true,current_year
FR,2026,autumn,20,231.67,233.83,0.0000,33.00,true,current_year
FR,2026,autumn,21,211.26,215.19,0.0000,33.00,true,current_year
FR,2026,autumn,22,196.23,199.31,0.0000,33.00,true,current_year
FR,2026,autumn,23,179.43,183.17,0.0000,33.00,true,current_year
FR,2026,spring,0,73.01,73.27,0.0109,92.00,true,current_year
FR,2026,spring,1,67.69,72.40,0.0027,92.00,true,current_year
FR,2026,spring,2,59.29,60.70,0.0247,91.00,true,current_year
FR,2026,spring,3,50.57,44.80,0.0543,92.00,true,current_year
FR,2026,spring,4,50.31,43.01,0.0571,92.00,true,current_year
FR,2026,spring,5,56.14,53.04,0.0217,92.00,true,current_year
FR,2026,spring,6,70.03,67.88,0.0163,92.00,true,current_year
FR,2026,spring,7,84.51,82.90,0.0082,92.00,true,current_year
FR,2026,spring,8,79.20,75.34,0.0190,92.00,true,current_year
FR,2026,spring,9,50.66,36.30,0.1141,92.00,true,current_year
FR,2026,spring,10,27.58,9.19,0.2908,92.00,true,current_year
FR,2026,spring,11,14.19,0.43,0.4538,92.00,true,current_year
FR,2026,spring,12,6.07,0.59,0.4810,92.00,true,current_year
FR,2026,spring,13,-7.02,0.00,0.6168,92.00,true,current_year
FR,2026,spring,14,-4.58,0.00,0.6005,92.00,true,current_year
FR,2026,spring,15,5.50,0.00,0.5842,92.00,true,current_year
FR,2026,spring,16,14.74,0.17,0.5109,92.00,true,current_year
FR,2026,spring,17,29.08,12.91,0.2745,92.00,true,current_year
FR,2026,spring,18,61.78,48.48,0.0353,92.00,true,current_year
FR,2026,spring,19,97.38,89.58,0.0000,92.00,true,current_year
FR,2026,spring,20,96.78,94.69,0.0000,92.00,true,current_year
FR,2026,spring,21,92.01,93.27,0.0054,92.00,true,current_year
FR,2026,spring,22,93.08,95.22,0.0000,92.00,true,current_year
FR,2026,spring,23,81.93,84.23,0.0054,92.00,true,current_year
FR,2026,summer,0,128.22,140.39,0.0190,92.00,true,current_year
FR,2026,summer,1,120.62,131.64,0.0054,92.00,true,current_year
FR,2026,summer,2,110.63,123.83,0.0054,92.00,true,current_year
FR,2026,summer,3,102.62,115.98,0.0245,92.00,true,current_year
FR,2026,summer,4,100.85,115.95,0.0408,92.00,true,current_year
FR,2026,summer,5,107.67,120.06,0.0054,92.00,true,current_year
FR,2026,summer,6,117.52,128.68,0.0027,92.00,true,current_year
FR,2026,summer,7,121.36,132.79,0.0163,92.00,true,current_year
FR,2026,summer,8,110.73,122.96,0.0516,92.00,true,current_year
FR,2026,summer,9,81.99,93.54,0.1277,92.00,true,current_year
FR,2026,summer,10,54.91,53.78,0.2446,92.00,true,current_year
FR,2026,summer,11,39.14,14.81,0.3641,92.00,true,current_year
FR,2026,summer,12,32.91,9.03,0.3859,92.00,true,current_year
FR,2026,summer,13,24.60,1.06,0.4701,92.00,true,current_year
FR,2026,summer,14,27.90,3.03,0.4375,92.00,true,current_year
FR,2026,summer,15,31.88,2.45,0.4076,92.00,true,current_year
FR,2026,summer,16,40.80,12.00,0.3587,92.00,true,current_year
FR,2026,summer,17,66.76,66.93,0.2418,92.00,true,current_year
FR,2026,summer,18,104.06,118.09,0.0625,92.00,true,current_year
FR,2026,summer,19,142.46,150.47,0.0000,92.00,true,current_year
FR,2026,summer,20,157.32,166.29,0.0000,92.00,true,current_year
FR,2026,summer,21,157.32,168.99,0.0027,92.00,true,current_year
FR,2026,summer,22,156.52,167.01,0.0027,92.00,true,current_year
FR,2026,summer,23,141.55,153.79,0.0027,92.00,true,current_year
FR,2026,winter,0,67.16,81.46,0.0085,59.00,true,current_year
FR,2026,winter,1,63.63,77.97,0.0169,59.00,true,current_year
FR,2026,winter,2,58.56,66.48,0.0254,59.00,true,current_year
FR,2026,winter,3,50.58,59.91,0.0720,59.00,true,current_year
FR,2026,winter,4,49.04,55.00,0.0763,59.00,true,current_year
FR,2026,winter,5,55.28,62.57,0.0424,59.00,true,current_year
FR,2026,winter,6,67.55,77.80,0.0000,59.00,true,current_year
FR,2026,winter,7,84.71,97.14,0.0000,59.00,true,current_year
FR,2026,winter,8,93.98,104.65,0.0085,59.00,true,current_year
FR,2026,winter,9,90.49,101.29,0.0212,59.00,true,current_year
FR,2026,winter,10,79.30,93.31,0.0508,59.00,true,current_year
FR,2026,winter,11,71.44,84.64,0.0932,59.00,true,current_year
FR,2026,winter,12,70.03,83.75,0.1186,59.00,true,current_year
FR,2026,winter,13,63.22,74.35,0.1525,59.00,true,current_year
FR,2026,winter,14,63.95,75.14,0.1398,59.00,true,current_year
FR,2026,winter,15,68.19,79.90,0.1059,59.00,true,current_year
FR,2026,winter,16,72.79,85.62,0.0805,59.00,true,current_year
FR,2026,winter,17,86.15,94.31,0.0127,59.00,true,current_year
FR,2026,winter,18,105.70,114.19,0.0000,59.00,true,current_year
FR,2026,winter,19,110.79,113.83,0.0000,59.00,true,current_year
FR,2026,winter,20,91.97,100.13,0.0042,59.00,true,current_year
FR,2026,winter,21,78.52,91.73,0.0127,59.00,true,current_year
FR,2026,winter,22,78.90,91.25,0.0042,59.00,true,current_year
FR,2026,winter,23,71.45,86.04,0.0042,59.00,true,current_year
IT_NORD,2019,autumn,0,42.97,43.35,0.0000,91.00,false,
IT_NORD,2019,autumn,1,40.20,40.23,0.0000,91.00,false,
IT_NORD,2019,autumn,2,38.07,39.00,0.0000,92.00,false,
IT_NORD,2019,autumn,3,37.11,38.38,0.0000,91.00,false,
IT_NORD,2019,autumn,4,37.15,38.40,0.0000,91.00,false,
IT_NORD,2019,autumn,5,40.12,40.22,0.0000,91.00,false,
IT_NORD,2019,autumn,6,49.09,49.54,0.0000,91.00,false,
IT_NORD,2019,autumn,7,55.03,54.92,0.0000,91.00,false,
IT_NORD,2019,autumn,8,58.13,58.00,0.0000,91.00,false,
IT_NORD,2019,autumn,9,57.58,56.84,0.0000,91.00,false,
IT_NORD,2019,autumn,10,54.55,54.08,0.0000,91.00,false,
IT_NORD,2019,autumn,11,52.80,52.17,0.0000,91.00,false,
IT_NORD,2019,autumn,12,47.86,47.50,0.0000,91.00,false,
IT_NORD,2019,autumn,13,47.52,46.73,0.0000,91.00,false,
IT_NORD,2019,autumn,14,50.35,49.47,0.0000,91.00,false,
IT_NORD,2019,autumn,15,52.91,54.00,0.0000,91.00,false,
IT_NORD,2019,autumn,16,55.85,57.27,0.0000,91.00,false,
IT_NORD,2019,autumn,17,59.15,60.00,0.0000,91.00,false,
IT_NORD,2019,autumn,18,61.72,60.71,0.0000,91.00,false,
IT_NORD,2019,autumn,19,64.20,62.85,0.0000,91.00,false,
IT_NORD,2019,autumn,20,60.00,58.14,0.0000,91.00,false,
IT_NORD,2019,autumn,21,54.09,51.84,0.0000,91.00,false,
IT_NORD,2019,autumn,22,47.93,47.15,0.0000,91.00,false,
IT_NORD,2019,autumn,23,43.29,43.46,0.0000,91.00,false,
IT_NORD,2019,spring,0,49.04,49.69,0.0000,92.00,false,
IT_NORD,2019,spring,1,46.00,46.21,0.0000,92.00,false,
IT_NORD,2019,spring,2,43.57,44.85,0.0000,91.00,false,
IT_NORD,2019,spring,3,42.68,43.94,0.0000,92.00,false,
IT_NORD,2019,spring,4,42.85,44.03,0.0000,92.00,false,
IT_NORD,2019,spring,5,46.36,46.55,0.0000,92.00,false,
IT_NORD,2019,spring,6,52.19,54.32,0.0000,92.00,false,
IT_NORD,2019,spring,7,56.57,57.52,0.0000,92.00,false,
IT_NORD,2019,spring,8,60.13,60.00,0.0000,92.00,false,
IT_NORD,2019,spring,9,58.09,57.54,0.0000,92.00,false,
IT_NORD,2019,spring,10,55.73,55.06,0.0000,92.00,false,
IT_NORD,2019,spring,11,53.24,52.71,0.0000,92.00,false,
IT_NORD,2019,spring,12,47.36,47.94,0.0000,92.00,false,
IT_NORD,2019,spring,13,45.60,47.79,0.0000,92.00,false,
IT_NORD,2019,spring,14,48.56,50.46,0.0000,92.00,false,
IT_NORD,2019,spring,15,51.21,52.10,0.0000,92.00,false,
IT_NORD,2019,spring,16,54.16,54.88,0.0000,92.00,false,
IT_NORD,2019,spring,17,54.57,54.99,0.0000,92.00,false,
IT_NORD,2019,spring,18,58.54,57.60,0.0000,92.00,false,
IT_NORD,2019,spring,19,63.16,63.45,0.0000,92.00,false,
IT_NORD,2019,spring,20,62.83,62.30,0.0000,92.00,false,
IT_NORD,2019,spring,21,58.11,58.04,0.0000,92.00,false,
IT_NORD,2019,spring,22,53.22,53.71,0.0000,92.00,false,
IT_NORD,2019,spring,23,48.31,48.00,0.0000,92.00,false,
IT_NORD,2019,summer,0,45.05,44.65,0.0000,92.00,false,
IT_NORD,2019,summer,1,41.26,41.21,0.0000,92.00,false,
IT_NORD,2019,summer,2,39.07,39.67,0.0000,92.00,false,
IT_NORD,2019,summer,3,38.19,38.65,0.0000,92.00,false,
IT_NORD,2019,summer,4,37.75,37.98,0.0000,92.00,false,
IT_NORD,2019,summer,5,38.38,39.19,0.0000,92.00,false,
IT_NORD,2019,summer,6,43.27,43.90,0.0000,92.00,false,
IT_NORD,2019,summer,7,46.07,46.98,0.0000,92.00,false,
IT_NORD,2019,summer,8,50.26,51.49,0.0000,92.00,false,
IT_NORD,2019,summer,9,50.14,50.74,0.0000,92.00,false,
IT_NORD,2019,summer,10,48.70,48.05,0.0000,92.00,false,
IT_NORD,2019,summer,11,47.71,47.41,0.0000,92.00,false,
IT_NORD,2019,summer,12,44.66,44.86,0.0000,92.00,false,
IT_NORD,2019,summer,13,43.85,43.98,0.0000,92.00,false,
IT_NORD,2019,summer,14,46.27,46.52,0.0000,92.00,false,
IT_NORD,2019,summer,15,48.32,47.79,0.0000,92.00,false,
IT_NORD,2019,summer,16,50.89,50.65,0.0000,92.00,false,
IT_NORD,2019,summer,17,52.09,51.16,0.0000,92.00,false,
IT_NORD,2019,summer,18,53.49,53.63,0.0000,92.00,false,
IT_NORD,2019,summer,19,55.80,55.18,0.0000,92.00,false,
IT_NORD,2019,summer,20,55.78,54.53,0.0000,92.00,false,
IT_NORD,2019,summer,21,54.73,54.10,0.0000,92.00,false,
IT_NORD,2019,summer,22,49.53,48.01,0.0000,92.00,false,
IT_NORD,2019,summer,23,44.80,44.00,0.0000,92.00,false,
IT_NORD,2019,winter,0,49.40,50.07,0.0000,89.00,false,
IT_NORD,2019,winter,1,46.32,47.50,0.0000,90.00,false,
IT_NORD,2019,winter,2,43.91,45.65,0.0000,90.00,false,
IT_NORD,2019,winter,3,42.42,43.16,0.0000,90.00,false,
IT_NORD,2019,winter,4,42.44,43.52,0.0000,90.00,false,
IT_NORD,2019,winter,5,45.40,47.06,0.0000,90.00,false,
IT_NORD,2019,winter,6,53.51,56.05,0.0000,90.00,false,
IT_NORD,2019,winter,7,59.30,62.87,0.0000,90.00,false,
IT_NORD,2019,winter,8,64.48,67.33,0.0000,90.00,false,
IT_NORD,2019,winter,9,63.47,65.22,0.0000,90.00,false,
IT_NORD,2019,winter,10,60.11,59.51,0.0000,90.00,false,
IT_NORD,2019,winter,11,58.20,57.22,0.0000,90.00,false,
IT_NORD,2019,winter,12,54.98,53.90,0.0000,90.00,false,
IT_NORD,2019,winter,13,53.52,53.37,0.0000,90.00,false,
IT_NORD,2019,winter,14,55.34,54.61,0.0000,90.00,false,
IT_NORD,2019,winter,15,57.76,58.02,0.0000,90.00,false,
IT_NORD,2019,winter,16,61.18,61.82,0.0000,90.00,false,
IT_NORD,2019,winter,17,67.00,67.80,0.0000,90.00,false,
IT_NORD,2019,winter,18,68.09,71.89,0.0000,90.00,false,
IT_NORD,2019,winter,19,66.14,70.00,0.0000,90.00,false,
IT_NORD,2019,winter,20,61.20,64.33,0.0000,90.00,false,
IT_NORD,2019,winter,21,57.51,60.65,0.0000,90.00,false,
IT_NORD,2019,winter,22,54.30,56.43,0.0000,90.00,false,
IT_NORD,2019,winter,23,50.18,52.08,0.0000,90.00,false,
IT_NORD,2020,autumn,0,38.58,39.20,0.0000,91.00,false,
IT_NORD,2020,autumn,1,35.84,37.09,0.0000,91.00,false,
IT_NORD,2020,autumn,2,34.14,35.42,0.0000,92.00,false,
IT_NORD,2020,autumn,3,33.12,34.51,0.0000,91.00,false,
IT_NORD,2020,autumn,4,33.25,34.80,0.0000,91.00,false,
IT_NORD,2020,autumn,5,36.25,37.85,0.0000,91.00,false,
IT_NORD,2020,autumn,6,44.72,45.64,0.0000,91.00,false,
IT_NORD,2020,autumn,7,50.43,51.00,0.0000,91.00,false,
IT_NORD,2020,autumn,8,54.73,54.26,0.0000,91.00,false,
IT_NORD,2020,autumn,9,52.42,52.18,0.0000,91.00,false,
IT_NORD,2020,autumn,10,48.72,48.50,0.0000,91.00,false,
IT_NORD,2020,autumn,11,47.42,47.90,0.0000,91.00,false,
IT_NORD,2020,autumn,12,45.06,45.57,0.0000,91.00,false,
IT_NORD,2020,autumn,13,43.78,44.42,0.0000,91.00,false,
IT_NORD,2020,autumn,14,44.68,45.35,0.0000,91.00,false,
IT_NORD,2020,autumn,15,46.17,45.55,0.0000,91.00,false,
IT_NORD,2020,autumn,16,49.02,48.00,0.0000,91.00,false,
IT_NORD,2020,autumn,17,53.88,51.34,0.0000,91.00,false,
IT_NORD,2020,autumn,18,57.21,55.00,0.0000,91.00,false,
IT_NORD,2020,autumn,19,60.65,58.29,0.0000,91.00,false,
IT_NORD,2020,autumn,20,54.68,52.19,0.0000,91.00,false,
IT_NORD,2020,autumn,21,47.81,47.06,0.0000,91.00,false,
IT_NORD,2020,autumn,22,43.80,43.70,0.0000,91.00,false,
IT_NORD,2020,autumn,23,40.22,40.31,0.0000,91.00,false,
IT_NORD,2020,spring,0,24.37,24.24,0.0000,92.00,false,
IT_NORD,2020,spring,1,21.47,20.39,0.0000,92.00,false,
IT_NORD,2020,spring,2,20.23,20.00,0.0000,91.00,false,
IT_NORD,2020,spring,3,19.62,19.55,0.0000,92.00,false,
IT_NORD,2020,spring,4,19.80,19.67,0.0000,92.00,false,
IT_NORD,2020,spring,5,21.85,21.36,0.0000,92.00,false,
IT_NORD,2020,spring,6,25.51,25.34,0.0000,92.00,false,
IT_NORD,2020,spring,7,28.20,28.54,0.0000,92.00,false,
IT_NORD,2020,spring,8,29.16,29.27,0.0000,92.00,false,
IT_NORD,2020,spring,9,27.42,27.42,0.0000,92.00,false,
IT_NORD,2020,spring,10,25.26,25.02,0.0000,92.00,false,
IT_NORD,2020,spring,11,24.27,24.92,0.0000,92.00,false,
IT_NORD,2020,spring,12,22.28,21.36,0.0000,92.00,false,
IT_NORD,2020,spring,13,20.21,19.75,0.0109,92.00,false,
IT_NORD,2020,spring,14,20.57,19.89,0.0326,92.00,false,
IT_NORD,2020,spring,15,22.07,22.24,0.0109,92.00,false,
IT_NORD,2020,spring,16,24.23,23.85,0.0000,92.00,false,
IT_NORD,2020,spring,17,26.98,25.42,0.0000,92.00,false,
IT_NORD,2020,spring,18,31.80,28.83,0.0000,92.00,false,
IT_NORD,2020,spring,19,36.99,34.86,0.0000,92.00,false,
IT_NORD,2020,spring,20,36.58,36.41,0.0000,92.00,false,
IT_NORD,2020,spring,21,32.84,31.83,0.0000,92.00,false,
IT_NORD,2020,spring,22,28.60,27.70,0.0000,92.00,false,
IT_NORD,2020,spring,23,25.31,25.00,0.0000,92.00,false,
IT_NORD,2020,summer,0,32.24,33.22,0.0000,92.00,false,
IT_NORD,2020,summer,1,28.95,30.00,0.0000,92.00,false,
IT_NORD,2020,summer,2,27.39,28.27,0.0000,92.00,false,
IT_NORD,2020,summer,3,26.34,27.26,0.0000,92.00,false,
IT_NORD,2020,summer,4,26.26,27.12,0.0000,92.00,false,
IT_NORD,2020,summer,5,27.49,28.23,0.0000,92.00,false,
IT_NORD,2020,summer,6,31.45,31.74,0.0000,92.00,false,
IT_NORD,2020,summer,7,34.76,35.44,0.0000,92.00,false,
IT_NORD,2020,summer,8,36.39,38.52,0.0000,92.00,false,
IT_NORD,2020,summer,9,36.08,37.60,0.0000,92.00,false,
IT_NORD,2020,summer,10,34.68,35.00,0.0000,92.00,false,
IT_NORD,2020,summer,11,34.53,35.00,0.0000,92.00,false,
IT_NORD,2020,summer,12,33.73,34.33,0.0000,92.00,false,
IT_NORD,2020,summer,13,32.50,33.59,0.0000,92.00,false,
IT_NORD,2020,summer,14,32.17,33.42,0.0000,92.00,false,
IT_NORD,2020,summer,15,32.21,33.46,0.0000,92.00,false,
IT_NORD,2020,summer,16,33.41,34.74,0.0000,92.00,false,
IT_NORD,2020,summer,17,35.44,36.73,0.0000,92.00,false,
IT_NORD,2020,summer,18,38.64,38.90,0.0000,92.00,false,
IT_NORD,2020,summer,19,42.10,41.02,0.0000,92.00,false,
IT_NORD,2020,summer,20,41.01,40.92,0.0000,92.00,false,
IT_NORD,2020,summer,21,39.36,40.00,0.0000,92.00,false,
IT_NORD,2020,summer,22,38.11,39.75,0.0000,92.00,false,
IT_NORD,2020,summer,23,34.41,35.51,0.0000,92.00,false,
IT_NORD,2020,winter,0,38.92,39.40,0.0000,91.00,false,
IT_NORD,2020,winter,1,36.17,37.00,0.0000,91.00,false,
IT_NORD,2020,winter,2,34.11,35.50,0.0000,91.00,false,
IT_NORD,2020,winter,3,32.70,34.27,0.0000,91.00,false,
IT_NORD,2020,winter,4,33.05,34.90,0.0000,91.00,false,
IT_NORD,2020,winter,5,36.53,37.06,0.0000,91.00,false,
IT_NORD,2020,winter,6,43.82,42.90,0.0000,91.00,false,
IT_NORD,2020,winter,7,50.09,48.68,0.0000,91.00,false,
IT_NORD,2020,winter,8,54.46,51.18,0.0000,91.00,false,
IT_NORD,2020,winter,9,53.85,50.00,0.0000,91.00,false,
IT_NORD,2020,winter,10,50.82,46.40,0.0000,91.00,false,
IT_NORD,2020,winter,11,49.25,45.71,0.0000,91.00,false,
IT_NORD,2020,winter,12,46.88,43.71,0.0000,91.00,false,
IT_NORD,2020,winter,13,46.01,42.10,0.0000,91.00,false,
IT_NORD,2020,winter,14,47.51,43.71,0.0000,91.00,false,
IT_NORD,2020,winter,15,50.06,45.67,0.0000,91.00,false,
IT_NORD,2020,winter,16,53.49,48.99,0.0000,91.00,false,
IT_NORD,2020,winter,17,57.76,54.80,0.0000,91.00,false,
IT_NORD,2020,winter,18,58.36,57.50,0.0000,91.00,false,
IT_NORD,2020,winter,19,55.60,54.19,0.0000,91.00,false,
IT_NORD,2020,winter,20,50.21,49.49,0.0000,91.00,false,
IT_NORD,2020,winter,21,46.78,46.00,0.0000,91.00,false,
IT_NORD,2020,winter,22,43.44,42.59,0.0000,91.00,false,
IT_NORD,2020,winter,23,40.20,39.70,0.0000,91.00,false,
IT_NORD,2021,autumn,0,182.99,182.52,0.0000,91.00,false,
IT_NORD,2021,autumn,1,174.73,177.30,0.0000,91.00,false,
IT_NORD,2021,autumn,2,169.48,171.91,0.0000,92.00,false,
IT_NORD,2021,autumn,3,164.18,162.90,0.0000,91.00,false,
IT_NORD,2021,autumn,4,165.23,165.92,0.0000,91.00,false,
IT_NORD,2021,autumn,5,173.99,176.00,0.0000,91.00,false,
IT_NORD,2021,autumn,6,198.31,201.10,0.0000,91.00,false,
IT_NORD,2021,autumn,7,218.63,214.00,0.0000,91.00,false,
IT_NORD,2021,autumn,8,229.84,234.98,0.0000,91.00,false,
IT_NORD,2021,autumn,9,223.21,220.74,0.0000,91.00,false,
IT_NORD,2021,autumn,10,212.74,209.74,0.0000,91.00,false,
IT_NORD,2021,autumn,11,207.06,205.90,0.0000,91.00,false,
IT_NORD,2021,autumn,12,196.82,194.95,0.0000,91.00,false,
IT_NORD,2021,autumn,13,192.50,190.70,0.0000,91.00,false,
IT_NORD,2021,autumn,14,197.65,198.34,0.0000,91.00,false,
IT_NORD,2021,autumn,15,203.98,205.33,0.0000,91.00,false,
IT_NORD,2021,autumn,16,212.82,213.99,0.0000,91.00,false,
IT_NORD,2021,autumn,17,226.19,227.22,0.0000,91.00,false,
IT_NORD,2021,autumn,18,236.68,246.16,0.0000,91.00,false,
IT_NORD,2021,autumn,19,246.23,250.00,0.0000,91.00,false,
IT_NORD,2021,autumn,20,224.86,230.06,0.0000,91.00,false,
IT_NORD,2021,autumn,21,204.32,210.50,0.0000,91.00,false,
IT_NORD,2021,autumn,22,190.93,194.89,0.0000,91.00,false,
IT_NORD,2021,autumn,23,180.73,180.00,0.0000,91.00,false,
IT_NORD,2021,spring,0,63.25,62.68,0.0000,92.00,false,
IT_NORD,2021,spring,1,59.26,60.11,0.0000,92.00,false,
IT_NORD,2021,spring,2,57.47,58.00,0.0000,91.00,false,
IT_NORD,2021,spring,3,55.87,56.06,0.0000,92.00,false,
IT_NORD,2021,spring,4,56.26,56.40,0.0000,92.00,false,
IT_NORD,2021,spring,5,59.77,60.71,0.0000,92.00,false,
IT_NORD,2021,spring,6,67.71,66.50,0.0000,92.00,false,
IT_NORD,2021,spring,7,74.21,74.99,0.0000,92.00,false,
IT_NORD,2021,spring,8,78.29,76.15,0.0000,92.00,false,
IT_NORD,2021,spring,9,73.05,72.59,0.0000,92.00,false,
IT_NORD,2021,spring,10,68.62,67.29,0.0000,92.00,false,
IT_NORD,2021,spring,11,65.79,63.61,0.0000,92.00,false,
IT_NORD,2021,spring,12,62.26,61.49,0.0000,92.00,false,
IT_NORD,2021,spring,13,58.34,59.12,0.0000,92.00,false,
IT_NORD,2021,spring,14,58.42,61.00,0.0000,92.00,false,
IT_NORD,2021,spring,15,59.68,61.90,0.0000,92.00,false,
IT_NORD,2021,spring,16,62.69,63.54,0.0000,92.00,false,
IT_NORD,2021,spring,17,66.71,67.52,0.0000,92.00,false,
IT_NORD,2021,spring,18,73.75,74.26,0.0000,92.00,false,
IT_NORD,2021,spring,19,80.93,81.70,0.0000,92.00,false,
IT_NORD,2021,spring,20,79.51,80.00,0.0000,92.00,false,
IT_NORD,2021,spring,21,73.96,75.85,0.0000,92.00,false,
IT_NORD,2021,spring,22,68.90,70.16,0.0000,92.00,false,
IT_NORD,2021,spring,23,64.12,64.94,0.0000,92.00,false,
IT_NORD,2021,summer,0,91.84,92.92,0.0000,92.00,false,
IT_NORD,2021,summer,1,86.44,87.16,0.0000,92.00,false,
IT_NORD,2021,summer,2,83.72,85.03,0.0000,92.00,false,
IT_NORD,2021,summer,3,80.57,82.87,0.0000,92.00,false,
IT_NORD,2021,summer,4,80.68,83.84,0.0000,92.00,false,
IT_NORD,2021,summer,5,83.78,85.34,0.0000,92.00,false,
IT_NORD,2021,summer,6,92.43,95.37,0.0000,92.00,false,
IT_NORD,2021,summer,7,99.01,102.00,0.0000,92.00,false,
IT_NORD,2021,summer,8,103.63,107.78,0.0000,92.00,false,
IT_NORD,2021,summer,9,102.51,104.40,0.0000,92.00,false,
IT_NORD,2021,summer,10,99.11,102.24,0.0000,92.00,false,
IT_NORD,2021,summer,11,97.62,100.55,0.0000,92.00,false,
IT_NORD,2021,summer,12,94.12,97.99,0.0000,92.00,false,
IT_NORD,2021,summer,13,92.30,97.24,0.0000,92.00,false,
IT_NORD,2021,summer,14,93.91,98.89,0.0000,92.00,false,
IT_NORD,2021,summer,15,96.03,99.76,0.0000,92.00,false,
IT_NORD,2021,summer,16,99.18,100.69,0.0000,92.00,false,
IT_NORD,2021,summer,17,101.53,103.71,0.0000,92.00,false,
IT_NORD,2021,summer,18,106.35,109.95,0.0000,92.00,false,
IT_NORD,2021,summer,19,111.52,114.74,0.0000,92.00,false,
IT_NORD,2021,summer,20,110.69,110.60,0.0000,92.00,false,
IT_NORD,2021,summer,21,108.29,110.00,0.0000,92.00,false,
IT_NORD,2021,summer,22,101.16,102.00,0.0000,92.00,false,
IT_NORD,2021,summer,23,96.16,97.39,0.0000,92.00,false,
IT_NORD,2021,winter,0,119.83,55.32,0.0000,90.00,false,
IT_NORD,2021,winter,1,113.28,52.45,0.0000,90.00,false,
IT_NORD,2021,winter,2,109.23,50.38,0.0000,90.00,false,
IT_NORD,2021,winter,3,104.07,49.86,0.0000,90.00,false,
IT_NORD,2021,winter,4,103.18,48.93,0.0000,90.00,false,
IT_NORD,2021,winter,5,109.91,53.11,0.0000,90.00,false,
IT_NORD,2021,winter,6,128.33,62.71,0.0000,90.00,false,
IT_NORD,2021,winter,7,146.89,71.55,0.0000,90.00,false,
IT_NORD,2021,winter,8,157.88,81.52,0.0000,90.00,false,
IT_NORD,2021,winter,9,159.09,82.16,0.0000,90.00,false,
IT_NORD,2021,winter,10,154.33,75.87,0.0000,90.00,false,
IT_NORD,2021,winter,11,151.36,74.00,0.0000,90.00,false,
IT_NORD,2021,winter,12,146.03,69.31,0.0000,90.00,false,
IT_NORD,2021,winter,13,141.27,67.58,0.0000,90.00,false,
IT_NORD,2021,winter,14,142.34,68.55,0.0000,90.00,false,
IT_NORD,2021,winter,15,146.95,70.50,0.0000,90.00,false,
IT_NORD,2021,winter,16,152.72,70.99,0.0000,90.00,false,
IT_NORD,2021,winter,17,161.99,77.29,0.0000,90.00,false,
IT_NORD,2021,winter,18,165.87,82.02,0.0000,90.00,false,
IT_NORD,2021,winter,19,162.00,75.25,0.0000,90.00,false,
IT_NORD,2021,winter,20,148.59,68.71,0.0000,90.00,false,
IT_NORD,2021,winter,21,135.54,63.38,0.0000,90.00,false,
IT_NORD,2021,winter,22,128.07,59.95,0.0000,90.00,false,
IT_NORD,2021,winter,23,120.32,56.68,0.0000,90.00,false,
IT_NORD,2022,autumn,0,263.39,228.22,0.0000,91.00,false,
IT_NORD,2022,autumn,1,246.09,211.77,0.0000,91.00,false,
IT_NORD,2022,autumn,2,234.55,204.47,0.0000,92.00,false,
IT_NORD,2022,autumn,3,229.77,198.99,0.0000,91.00,false,
IT_NORD,2022,autumn,4,232.81,207.32,0.0000,91.00,false,
IT_NORD,2022,autumn,5,250.70,225.48,0.0000,91.00,false,
IT_NORD,2022,autumn,6,287.50,272.25,0.0000,91.00,false,
IT_NORD,2022,autumn,7,328.23,322.41,0.0000,91.00,false,
IT_NORD,2022,autumn,8,348.92,340.26,0.0000,91.00,false,
IT_NORD,2022,autumn,9,325.54,301.21,0.0000,91.00,false,
IT_NORD,2022,autumn,10,297.38,281.43,0.0000,91.00,false,
IT_NORD,2022,autumn,11,288.73,269.03,0.0000,91.00,false,
IT_NORD,2022,autumn,12,273.62,252.25,0.0000,91.00,false,
IT_NORD,2022,autumn,13,262.69,241.07,0.0000,91.00,false,
IT_NORD,2022,autumn,14,269.28,251.80,0.0000,91.00,false,
IT_NORD,2022,autumn,15,280.31,262.40,0.0000,91.00,false,
IT_NORD,2022,autumn,16,299.23,272.89,0.0000,91.00,false,
IT_NORD,2022,autumn,17,322.98,303.27,0.0000,91.00,false,
IT_NORD,2022,autumn,18,354.44,327.00,0.0000,91.00,false,
IT_NORD,2022,autumn,19,388.54,360.00,0.0000,91.00,false,
IT_NORD,2022,autumn,20,350.96,320.00,0.0000,91.00,false,
IT_NORD,2022,autumn,21,302.47,273.02,0.0000,91.00,false,
IT_NORD,2022,autumn,22,284.86,252.15,0.0000,91.00,false,
IT_NORD,2022,autumn,23,269.10,242.72,0.0000,91.00,false,
IT_NORD,2022,spring,0,255.42,234.23,0.0000,92.00,false,
IT_NORD,2022,spring,1,244.99,227.85,0.0000,92.00,false,
IT_NORD,2022,spring,2,240.59,221.79,0.0000,91.00,false,
IT_NORD,2022,spring,3,236.62,219.13,0.0000,92.00,false,
IT_NORD,2022,spring,4,236.63,219.39,0.0000,92.00,false,
IT_NORD,2022,spring,5,245.66,226.17,0.0000,92.00,false,
IT_NORD,2022,spring,6,270.38,256.18,0.0000,92.00,false,
IT_NORD,2022,spring,7,292.97,281.16,0.0000,92.00,false,
IT_NORD,2022,spring,8,301.80,286.59,0.0000,92.00,false,
IT_NORD,2022,spring,9,285.25,263.07,0.0000,92.00,false,
IT_NORD,2022,spring,10,265.51,245.29,0.0000,92.00,false,
IT_NORD,2022,spring,11,255.28,235.07,0.0000,92.00,false,
IT_NORD,2022,spring,12,239.64,218.47,0.0000,92.00,false,
IT_NORD,2022,spring,13,228.80,212.92,0.0000,92.00,false,
IT_NORD,2022,spring,14,229.67,221.26,0.0000,92.00,false,
IT_NORD,2022,spring,15,234.72,224.78,0.0000,92.00,false,
IT_NORD,2022,spring,16,247.66,233.59,0.0000,92.00,false,
IT_NORD,2022,spring,17,263.24,243.11,0.0000,92.00,false,
IT_NORD,2022,spring,18,288.56,260.47,0.0000,92.00,false,
IT_NORD,2022,spring,19,319.20,297.84,0.0000,92.00,false,
IT_NORD,2022,spring,20,320.78,305.45,0.0000,92.00,false,
IT_NORD,2022,spring,21,294.64,276.84,0.0000,92.00,false,
IT_NORD,2022,spring,22,272.24,249.97,0.0000,92.00,false,
IT_NORD,2022,spring,23,256.80,237.08,0.0000,92.00,false,
IT_NORD,2022,summer,0,406.72,413.66,0.0000,92.00,false,
IT_NORD,2022,summer,1,385.74,394.38,0.0000,92.00,false,
IT_NORD,2022,summer,2,375.23,383.74,0.0000,92.00,false,
IT_NORD,2022,summer,3,367.37,370.29,0.0000,92.00,false,
IT_NORD,2022,summer,4,366.54,369.53,0.0000,92.00,false,
IT_NORD,2022,summer,5,371.87,370.51,0.0000,92.00,false,
IT_NORD,2022,summer,6,402.14,405.99,0.0000,92.00,false,
IT_NORD,2022,summer,7,427.11,424.71,0.0000,92.00,false,
IT_NORD,2022,summer,8,443.89,442.84,0.0000,92.00,false,
IT_NORD,2022,summer,9,431.02,431.22,0.0000,92.00,false,
IT_NORD,2022,summer,10,415.02,422.67,0.0000,92.00,false,
IT_NORD,2022,summer,11,413.45,417.48,0.0000,92.00,false,
IT_NORD,2022,summer,12,407.79,407.40,0.0000,92.00,false,
IT_NORD,2022,summer,13,398.68,405.44,0.0000,92.00,false,
IT_NORD,2022,summer,14,408.82,418.88,0.0000,92.00,false,
IT_NORD,2022,summer,15,416.27,419.37,0.0000,92.00,false,
IT_NORD,2022,summer,16,430.07,424.74,0.0000,92.00,false,
IT_NORD,2022,summer,17,448.17,436.72,0.0000,92.00,false,
IT_NORD,2022,summer,18,476.49,466.24,0.0000,92.00,false,
IT_NORD,2022,summer,19,509.60,503.46,0.0000,92.00,false,
IT_NORD,2022,summer,20,514.90,508.57,0.0000,92.00,false,
IT_NORD,2022,summer,21,498.36,498.50,0.0000,92.00,false,
IT_NORD,2022,summer,22,465.58,479.91,0.0000,92.00,false,
IT_NORD,2022,summer,23,436.25,442.17,0.0000,92.00,false,
IT_NORD,2022,winter,0,219.91,200.66,0.0000,90.00,false,
IT_NORD,2022,winter,1,206.75,193.74,0.0000,90.00,false,
IT_NORD,2022,winter,2,198.84,189.90,0.0000,90.00,false,
IT_NORD,2022,winter,3,190.90,186.33,0.0000,90.00,false,
IT_NORD,2022,winter,4,189.94,186.60,0.0000,90.00,false,
IT_NORD,2022,winter,5,201.68,195.21,0.0000,90.00,false,
IT_NORD,2022,winter,6,233.91,216.93,0.0000,90.00,false,
IT_NORD,2022,winter,7,267.22,245.44,0.0000,90.00,false,
IT_NORD,2022,winter,8,285.42,260.94,0.0000,90.00,false,
IT_NORD,2022,winter,9,282.30,255.90,0.0000,90.00,false,
IT_NORD,2022,winter,10,271.15,242.59,0.0000,90.00,false,
IT_NORD,2022,winter,11,263.45,229.45,0.0000,90.00,false,
IT_NORD,2022,winter,12,250.28,219.07,0.0000,90.00,false,
IT_NORD,2022,winter,13,242.44,214.29,0.0000,90.00,false,
IT_NORD,2022,winter,14,249.22,215.04,0.0000,90.00,false,
IT_NORD,2022,winter,15,261.12,227.58,0.0000,90.00,false,
IT_NORD,2022,winter,16,275.87,242.40,0.0000,90.00,false,
IT_NORD,2022,winter,17,298.72,266.58,0.0000,90.00,false,
IT_NORD,2022,winter,18,308.56,280.60,0.0000,90.00,false,
IT_NORD,2022,winter,19,302.80,274.50,0.0000,90.00,false,
IT_NORD,2022,winter,20,275.84,249.21,0.0000,90.00,false,
IT_NORD,2022,winter,21,247.56,227.93,0.0000,90.00,false,
IT_NORD,2022,winter,22,235.36,217.89,0.0000,90.00,false,
IT_NORD,2022,winter,23,219.59,204.30,0.0000,90.00,false,
IT_NORD,2023,autumn,0,114.30,115.37,0.0000,91.00,false,
IT_NORD,2023,autumn,1,108.35,109.77,0.0000,91.00,false,
IT_NORD,2023,autumn,2,104.47,108.73,0.0000,92.00,false,
IT_NORD,2023,autumn,3,102.88,106.07,0.0000,91.00,false,
IT_NORD,2023,autumn,4,102.88,106.80,0.0000,91.00,false,
IT_NORD,2023,autumn,5,108.39,111.20,0.0000,91.00,false,
IT_NORD,2023,autumn,6,125.20,124.99,0.0000,91.00,false,
IT_NORD,2023,autumn,7,139.74,138.16,0.0000,91.00,false,
IT_NORD,2023,autumn,8,148.05,149.49,0.0000,91.00,false,
IT_NORD,2023,autumn,9,136.77,136.76,0.0000,91.00,false,
IT_NORD,2023,autumn,10,123.45,126.26,0.0000,91.00,false,
IT_NORD,2023,autumn,11,116.60,119.52,0.0000,91.00,false,
IT_NORD,2023,autumn,12,108.20,111.10,0.0000,91.00,false,
IT_NORD,2023,autumn,13,105.44,110.08,0.0000,91.00,false,
IT_NORD,2023,autumn,14,109.57,115.37,0.0000,91.00,false,
IT_NORD,2023,autumn,15,118.00,121.78,0.0000,91.00,false,
IT_NORD,2023,autumn,16,129.47,130.00,0.0000,91.00,false,
IT_NORD,2023,autumn,17,141.18,135.39,0.0000,91.00,false,
IT_NORD,2023,autumn,18,153.36,150.15,0.0000,91.00,false,
IT_NORD,2023,autumn,19,166.57,164.00,0.0000,91.00,false,
IT_NORD,2023,autumn,20,147.64,145.00,0.0000,91.00,false,
IT_NORD,2023,autumn,21,129.79,130.00,0.0000,91.00,false,
IT_NORD,2023,autumn,22,120.53,119.61,0.0000,91.00,false,
IT_NORD,2023,autumn,23,114.91,115.61,0.0000,91.00,false,
IT_NORD,2023,spring,0,122.52,126.80,0.0000,92.00,false,
IT_NORD,2023,spring,1,116.03,119.43,0.0000,92.00,false,
IT_NORD,2023,spring,2,112.90,116.84,0.0000,91.00,false,
IT_NORD,2023,spring,3,110.99,114.77,0.0000,92.00,false,
IT_NORD,2023,spring,4,111.03,113.16,0.0000,92.00,false,
IT_NORD,2023,spring,5,117.33,123.41,0.0000,92.00,false,
IT_NORD,2023,spring,6,130.01,131.49,0.0000,92.00,false,
IT_NORD,2023,spring,7,146.44,139.95,0.0000,92.00,false,
IT_NORD,2023,spring,8,154.93,145.42,0.0000,92.00,false,
IT_NORD,2023,spring,9,141.41,134.29,0.0000,92.00,false,
IT_NORD,2023,spring,10,124.68,126.92,0.0000,92.00,false,
IT_NORD,2023,spring,11,114.81,120.08,0.0000,92.00,false,
IT_NORD,2023,spring,12,102.83,108.06,0.0000,92.00,false,
IT_NORD,2023,spring,13,98.29,103.09,0.0000,92.00,false,
IT_NORD,2023,spring,14,101.83,110.00,0.0000,92.00,false,
IT_NORD,2023,spring,15,107.03,113.61,0.0000,92.00,false,
IT_NORD,2023,spring,16,114.39,121.78,0.0000,92.00,false,
IT_NORD,2023,spring,17,125.33,128.51,0.0000,92.00,false,
IT_NORD,2023,spring,18,144.05,138.51,0.0000,92.00,false,
IT_NORD,2023,spring,19,172.99,180.25,0.0000,92.00,false,
IT_NORD,2023,spring,20,171.98,175.14,0.0000,92.00,false,
IT_NORD,2023,spring,21,153.63,154.54,0.0000,92.00,false,
IT_NORD,2023,spring,22,133.11,135.00,0.0000,92.00,false,
IT_NORD,2023,spring,23,125.70,129.75,0.0000,92.00,false,
IT_NORD,2023,summer,0,108.86,108.06,0.0000,92.00,false,
IT_NORD,2023,summer,1,104.80,105.07,0.0000,92.00,false,
IT_NORD,2023,summer,2,101.49,102.93,0.0000,92.00,false,
IT_NORD,2023,summer,3,99.50,99.65,0.0000,92.00,false,
IT_NORD,2023,summer,4,99.25,100.06,0.0000,92.00,false,
IT_NORD,2023,summer,5,101.12,101.48,0.0000,92.00,false,
IT_NORD,2023,summer,6,106.78,106.34,0.0000,92.00,false,
IT_NORD,2023,summer,7,114.98,111.75,0.0000,92.00,false,
IT_NORD,2023,summer,8,116.63,114.40,0.0000,92.00,false,
IT_NORD,2023,summer,9,109.92,110.07,0.0000,92.00,false,
IT_NORD,2023,summer,10,103.20,104.95,0.0000,92.00,false,
IT_NORD,2023,summer,11,99.17,101.54,0.0000,92.00,false,
IT_NORD,2023,summer,12,93.18,97.60,0.0000,92.00,false,
IT_NORD,2023,summer,13,90.68,95.60,0.0000,92.00,false,
IT_NORD,2023,summer,14,93.40,100.96,0.0000,92.00,false,
IT_NORD,2023,summer,15,96.22,100.97,0.0000,92.00,false,
IT_NORD,2023,summer,16,103.47,103.61,0.0000,92.00,false,
IT_NORD,2023,summer,17,109.31,107.57,0.0000,92.00,false,
IT_NORD,2023,summer,18,120.64,115.16,0.0000,92.00,false,
IT_NORD,2023,summer,19,137.34,129.51,0.0000,92.00,false,
IT_NORD,2023,summer,20,141.85,139.31,0.0000,92.00,false,
IT_NORD,2023,summer,21,134.21,133.45,0.0000,92.00,false,
IT_NORD,2023,summer,22,121.23,120.69,0.0000,92.00,false,
IT_NORD,2023,summer,23,110.81,112.03,0.0000,92.00,false,
IT_NORD,2023,winter,0,135.79,145.82,0.0000,90.00,false,
IT_NORD,2023,winter,1,130.54,139.25,0.0000,90.00,false,
IT_NORD,2023,winter,2,125.86,132.82,0.0000,90.00,false,
IT_NORD,2023,winter,3,122.21,130.00,0.0000,90.00,false,
IT_NORD,2023,winter,4,122.33,130.62,0.0000,90.00,false,
IT_NORD,2023,winter,5,129.12,137.20,0.0000,90.00,false,
IT_NORD,2023,winter,6,146.48,157.97,0.0000,90.00,false,
IT_NORD,2023,winter,7,161.93,174.80,0.0000,90.00,false,
IT_NORD,2023,winter,8,177.04,180.38,0.0000,90.00,false,
IT_NORD,2023,winter,9,171.58,173.94,0.0000,90.00,false,
IT_NORD,2023,winter,10,158.03,161.56,0.0000,90.00,false,
IT_NORD,2023,winter,11,151.75,154.71,0.0000,90.00,false,
IT_NORD,2023,winter,12,143.38,147.89,0.0000,90.00,false,
IT_NORD,2023,winter,13,139.82,143.66,0.0000,90.00,false,
IT_NORD,2023,winter,14,144.75,146.61,0.0000,90.00,false,
IT_NORD,2023,winter,15,152.19,153.66,0.0000,90.00,false,
IT_NORD,2023,winter,16,163.71,163.41,0.0000,90.00,false,
IT_NORD,2023,winter,17,176.90,177.50,0.0000,90.00,false,
IT_NORD,2023,winter,18,183.63,191.59,0.0000,90.00,false,
IT_NORD,2023,winter,19,183.28,191.56,0.0000,90.00,false,
IT_NORD,2023,winter,20,166.54,175.94,0.0000,90.00,false,
IT_NORD,2023,winter,21,155.78,165.05,0.0000,90.00,false,
IT_NORD,2023,winter,22,148.51,157.31,0.0000,90.00,false,
IT_NORD,2023,winter,23,139.02,148.01,0.0000,90.00,false,
IT_NORD,2024,autumn,0,108.57,107.58,0.0000,91.00,false,
IT_NORD,2024,autumn,1,105.11,105.10,0.0000,91.00,false,
IT_NORD,2024,autumn,2,103.10,102.42,0.0000,92.00,false,
IT_NORD,2024,autumn,3,102.43,102.00,0.0000,91.00,false,
IT_NORD,2024,autumn,4,102.61,102.40,0.0000,91.00,false,
IT_NORD,2024,autumn,5,106.50,105.15,0.0000,91.00,false,
IT_NORD,2024,autumn,6,120.67,118.00,0.0000,91.00,false,
IT_NORD,2024,autumn,7,137.51,136.10,0.0000,91.00,false,
IT_NORD,2024,autumn,8,145.09,149.07,0.0000,91.00,false,
IT_NORD,2024,autumn,9,132.99,130.60,0.0000,91.00,false,
IT_NORD,2024,autumn,10,120.45,117.48,0.0000,91.00,false,
IT_NORD,2024,autumn,11,112.92,110.64,0.0000,91.00,false,
IT_NORD,2024,autumn,12,103.63,105.44,0.0000,91.00,false,
IT_NORD,2024,autumn,13,102.95,105.46,0.0000,91.00,false,
IT_NORD,2024,autumn,14,108.57,110.00,0.0000,91.00,false,
IT_NORD,2024,autumn,15,117.62,115.52,0.0000,91.00,false,
IT_NORD,2024,autumn,16,128.90,120.77,0.0000,91.00,false,
IT_NORD,2024,autumn,17,137.15,132.27,0.0000,91.00,false,
IT_NORD,2024,autumn,18,147.47,148.59,0.0000,91.00,false,
IT_NORD,2024,autumn,19,153.62,153.90,0.0000,91.00,false,
IT_NORD,2024,autumn,20,137.90,135.98,0.0000,91.00,false,
IT_NORD,2024,autumn,21,123.60,120.00,0.0000,91.00,false,
IT_NORD,2024,autumn,22,115.31,114.78,0.0000,91.00,false,
IT_NORD,2024,autumn,23,110.74,108.62,0.0000,91.00,false,
IT_NORD,2024,spring,0,88.55,90.00,0.0000,92.00,false,
IT_NORD,2024,spring,1,83.66,85.61,0.0000,92.00,false,
IT_NORD,2024,spring,2,80.46,81.45,0.0000,91.00,false,
IT_NORD,2024,spring,3,79.92,81.57,0.0000,92.00,false,
IT_NORD,2024,spring,4,80.33,82.51,0.0000,92.00,false,
IT_NORD,2024,spring,5,85.20,85.30,0.0000,92.00,false,
IT_NORD,2024,spring,6,97.73,97.73,0.0000,92.00,false,
IT_NORD,2024,spring,7,108.91,106.91,0.0000,92.00,false,
IT_NORD,2024,spring,8,110.83,110.00,0.0000,92.00,false,
IT_NORD,2024,spring,9,98.82,98.91,0.0000,92.00,false,
IT_NORD,2024,spring,10,85.98,92.57,0.0000,92.00,false,
IT_NORD,2024,spring,11,78.30,85.13,0.0000,92.00,false,
IT_NORD,2024,spring,12,66.97,74.04,0.0000,92.00,false,
IT_NORD,2024,spring,13,62.65,70.19,0.0000,92.00,false,
IT_NORD,2024,spring,14,66.63,77.16,0.0000,92.00,false,
IT_NORD,2024,spring,15,71.86,81.76,0.0000,92.00,false,
IT_NORD,2024,spring,16,83.03,90.00,0.0000,92.00,false,
IT_NORD,2024,spring,17,93.10,95.09,0.0000,92.00,false,
IT_NORD,2024,spring,18,105.61,104.90,0.0000,92.00,false,
IT_NORD,2024,spring,19,121.34,121.88,0.0000,92.00,false,
IT_NORD,2024,spring,20,120.38,117.03,0.0000,92.00,false,
IT_NORD,2024,spring,21,107.46,101.43,0.0000,92.00,false,
IT_NORD,2024,spring,22,97.50,96.20,0.0000,92.00,false,
IT_NORD,2024,spring,23,92.53,91.66,0.0000,92.00,false,
IT_NORD,2024,summer,0,109.46,109.16,0.0000,92.00,false,
IT_NORD,2024,summer,1,105.45,105.00,0.0000,92.00,false,
IT_NORD,2024,summer,2,102.51,102.73,0.0000,92.00,false,
IT_NORD,2024,summer,3,101.25,101.38,0.0000,92.00,false,
IT_NORD,2024,summer,4,100.81,100.10,0.0000,92.00,false,
IT_NORD,2024,summer,5,103.06,102.36,0.0000,92.00,false,
IT_NORD,2024,summer,6,109.59,110.73,0.0000,92.00,false,
IT_NORD,2024,summer,7,117.22,120.00,0.0000,92.00,false,
IT_NORD,2024,summer,8,117.21,118.95,0.0000,92.00,false,
IT_NORD,2024,summer,9,110.66,112.10,0.0000,92.00,false,
IT_NORD,2024,summer,10,105.35,107.39,0.0000,92.00,false,
IT_NORD,2024,summer,11,101.45,103.88,0.0000,92.00,false,
IT_NORD,2024,summer,12,94.68,99.50,0.0000,92.00,false,
IT_NORD,2024,summer,13,93.26,100.05,0.0000,92.00,false,
IT_NORD,2024,summer,14,96.20,103.04,0.0000,92.00,false,
IT_NORD,2024,summer,15,99.91,106.13,0.0000,92.00,false,
IT_NORD,2024,summer,16,106.43,108.23,0.0000,92.00,false,
IT_NORD,2024,summer,17,112.41,110.36,0.0000,92.00,false,
IT_NORD,2024,summer,18,125.34,117.39,0.0000,92.00,false,
IT_NORD,2024,summer,19,145.60,141.70,0.0000,92.00,false,
IT_NORD,2024,summer,20,148.36,146.35,0.0000,92.00,false,
IT_NORD,2024,summer,21,135.48,134.39,0.0000,92.00,false,
IT_NORD,2024,summer,22,117.63,115.00,0.0000,92.00,false,
IT_NORD,2024,summer,23,110.94,109.58,0.0000,92.00,false,
IT_NORD,2024,winter,0,95.50,91.09,0.0000,91.00,false,
IT_NORD,2024,winter,1,89.77,87.32,0.0000,91.00,false,
IT_NORD,2024,winter,2,84.20,84.10,0.0000,91.00,false,
IT_NORD,2024,winter,3,81.93,80.20,0.0000,91.00,false,
IT_NORD,2024,winter,4,82.59,83.03,0.0000,91.00,false,
IT_NORD,2024,winter,5,89.36,85.21,0.0000,91.00,false,
IT_NORD,2024,winter,6,104.92,99.36,0.0000,91.00,false,
IT_NORD,2024,winter,7,119.63,110.58,0.0000,91.00,false,
IT_NORD,2024,winter,8,130.84,123.40,0.0000,91.00,false,
IT_NORD,2024,winter,9,122.95,114.00,0.0000,91.00,false,
IT_NORD,2024,winter,10,110.29,101.56,0.0000,91.00,false,
IT_NORD,2024,winter,11,103.60,99.00,0.0000,91.00,false,
IT_NORD,2024,winter,12,97.91,94.96,0.0000,91.00,false,
IT_NORD,2024,winter,13,96.93,93.43,0.0000,91.00,false,
IT_NORD,2024,winter,14,102.98,98.17,0.0000,91.00,false,
IT_NORD,2024,winter,15,112.77,103.34,0.0000,91.00,false,
IT_NORD,2024,winter,16,123.73,110.00,0.0000,91.00,false,
IT_NORD,2024,winter,17,133.11,125.40,0.0000,91.00,false,
IT_NORD,2024,winter,18,134.70,122.00,0.0000,91.00,false,
IT_NORD,2024,winter,19,132.30,120.00,0.0000,91.00,false,
IT_NORD,2024,winter,20,121.62,110.67,0.0000,91.00,false,
IT_NORD,2024,winter,21,113.29,105.00,0.0000,91.00,false,
IT_NORD,2024,winter,22,107.03,101.46,0.0000,91.00,false,
IT_NORD,2024,winter,23,99.06,94.05,0.0000,91.00,false,
IT_NORD,2025,autumn,0,104.58,105.10,0.0000,91.00,false,
IT_NORD,2025,autumn,1,99.96,101.39,0.0000,91.00,false,
IT_NORD,2025,autumn,2,98.29,100.49,0.0000,92.00,false,
IT_NORD,2025,autumn,3,97.42,99.05,0.0000,91.00,false,
IT_NORD,2025,autumn,4,97.85,99.58,0.0000,91.00,false,
IT_NORD,2025,autumn,5,102.85,103.97,0.0000,91.00,false,
IT_NORD,2025,autumn,6,116.26,116.83,0.0000,91.00,false,
IT_NORD,2025,autumn,7,129.66,130.76,0.0000,91.00,false,
IT_NORD,2025,autumn,8,131.40,129.99,0.0000,91.00,false,
IT_NORD,2025,autumn,9,120.56,117.91,0.0000,91.00,false,
IT_NORD,2025,autumn,10,110.82,108.33,0.0000,91.00,false,
IT_NORD,2025,autumn,11,102.28,103.43,0.0000,91.00,false,
IT_NORD,2025,autumn,12,94.45,95.60,0.0000,91.00,false,
IT_NORD,2025,autumn,13,93.68,96.20,0.0000,91.00,false,
IT_NORD,2025,autumn,14,100.47,104.61,0.0000,91.00,false,
IT_NORD,2025,autumn,15,107.72,110.90,0.0000,91.00,false,
IT_NORD,2025,autumn,16,118.73,120.13,0.0000,91.00,false,
IT_NORD,2025,autumn,17,128.57,126.42,0.0000,91.00,false,
IT_NORD,2025,autumn,18,135.08,132.43,0.0000,91.00,false,
IT_NORD,2025,autumn,19,141.22,137.32,0.0000,91.00,false,
IT_NORD,2025,autumn,20,132.10,130.00,0.0000,91.00,false,
IT_NORD,2025,autumn,21,120.14,118.05,0.0000,91.00,false,
IT_NORD,2025,autumn,22,112.41,112.50,0.0000,91.00,false,
IT_NORD,2025,autumn,23,106.32,106.38,0.0000,91.00,false,
IT_NORD,2025,spring,0,107.24,109.83,0.0000,92.00,false,
IT_NORD,2025,spring,1,100.40,102.87,0.0000,92.00,false,
IT_NORD,2025,spring,2,97.17,99.45,0.0000,91.00,false,
IT_NORD,2025,spring,3,96.62,98.81,0.0000,92.00,false,
IT_NORD,2025,spring,4,97.26,98.99,0.0000,92.00,false,
IT_NORD,2025,spring,5,103.74,105.71,0.0000,92.00,false,
IT_NORD,2025,spring,6,121.45,124.14,0.0000,92.00,false,
IT_NORD,2025,spring,7,133.00,135.06,0.0000,92.00,false,
IT_NORD,2025,spring,8,125.32,129.47,0.0000,92.00,false,
IT_NORD,2025,spring,9,111.12,114.95,0.0000,92.00,false,
IT_NORD,2025,spring,10,94.68,102.26,0.0000,92.00,false,
IT_NORD,2025,spring,11,80.37,95.60,0.0109,92.00,false,
IT_NORD,2025,spring,12,66.16,75.05,0.0109,92.00,false,
IT_NORD,2025,spring,13,61.98,68.91,0.0217,92.00,false,
IT_NORD,2025,spring,14,69.51,77.07,0.0326,92.00,false,
IT_NORD,2025,spring,15,78.05,90.46,0.0217,92.00,false,
IT_NORD,2025,spring,16,91.66,99.94,0.0109,92.00,false,
IT_NORD,2025,spring,17,109.19,109.79,0.0000,92.00,false,
IT_NORD,2025,spring,18,128.66,124.62,0.0000,92.00,false,
IT_NORD,2025,spring,19,144.21,142.06,0.0000,92.00,false,
IT_NORD,2025,spring,20,145.29,146.56,0.0000,92.00,false,
IT_NORD,2025,spring,21,130.37,131.26,0.0000,92.00,false,
IT_NORD,2025,spring,22,118.40,119.56,0.0000,92.00,false,
IT_NORD,2025,spring,23,111.58,112.92,0.0000,92.00,false,
IT_NORD,2025,summer,0,114.41,115.00,0.0000,92.00,false,
IT_NORD,2025,summer,1,110.26,110.13,0.0000,92.00,false,
IT_NORD,2025,summer,2,107.33,107.75,0.0000,92.00,false,
IT_NORD,2025,summer,3,105.72,105.80,0.0000,92.00,false,
IT_NORD,2025,summer,4,105.69,105.42,0.0000,92.00,false,
IT_NORD,2025,summer,5,107.36,107.96,0.0000,92.00,false,
IT_NORD,2025,summer,6,113.49,114.30,0.0000,92.00,false,
IT_NORD,2025,summer,7,118.53,118.51,0.0000,92.00,false,
IT_NORD,2025,summer,8,117.19,117.60,0.0000,92.00,false,
IT_NORD,2025,summer,9,110.82,114.74,0.0000,92.00,false,
IT_NORD,2025,summer,10,102.01,107.39,0.0000,92.00,false,
IT_NORD,2025,summer,11,95.68,104.00,0.0000,92.00,false,
IT_NORD,2025,summer,12,87.22,94.65,0.0000,92.00,false,
IT_NORD,2025,summer,13,85.25,92.21,0.0000,92.00,false,
IT_NORD,2025,summer,14,88.28,97.05,0.0000,92.00,false,
IT_NORD,2025,summer,15,91.81,102.21,0.0000,92.00,false,
IT_NORD,2025,summer,16,100.35,108.34,0.0000,92.00,false,
IT_NORD,2025,summer,17,110.23,113.45,0.0000,92.00,false,
IT_NORD,2025,summer,18,122.08,121.39,0.0000,92.00,false,
IT_NORD,2025,summer,19,135.06,132.97,0.0000,92.00,false,
IT_NORD,2025,summer,20,138.64,135.32,0.0000,92.00,false,
IT_NORD,2025,summer,21,133.33,130.36,0.0000,92.00,false,
IT_NORD,2025,summer,22,124.37,124.72,0.0000,92.00,false,
IT_NORD,2025,summer,23,117.40,117.76,0.0000,92.00,false,
IT_NORD,2025,winter,0,124.10,126.95,0.0000,90.00,false,
IT_NORD,2025,winter,1,118.92,121.29,0.0000,90.00,false,
IT_NORD,2025,winter,2,116.32,117.58,0.0000,90.00,false,
IT_NORD,2025,winter,3,114.64,115.69,0.0000,90.00,false,
IT_NORD,2025,winter,4,114.68,116.81,0.0000,90.00,false,
IT_NORD,2025,winter,5,120.33,122.60,0.0000,90.00,false,
IT_NORD,2025,winter,6,132.68,135.04,0.0000,90.00,false,
IT_NORD,2025,winter,7,147.83,146.56,0.0000,90.00,false,
IT_NORD,2025,winter,8,157.62,154.64,0.0000,90.00,false,
IT_NORD,2025,winter,9,148.90,149.41,0.0000,90.00,false,
IT_NORD,2025,winter,10,138.83,140.14,0.0000,90.00,false,
IT_NORD,2025,winter,11,132.20,133.92,0.0000,90.00,false,
IT_NORD,2025,winter,12,126.50,126.47,0.0000,90.00,false,
IT_NORD,2025,winter,13,125.32,125.65,0.0000,90.00,false,
IT_NORD,2025,winter,14,131.21,132.21,0.0000,90.00,false,
IT_NORD,2025,winter,15,140.28,141.53,0.0000,90.00,false,
IT_NORD,2025,winter,16,150.76,152.77,0.0000,90.00,false,
IT_NORD,2025,winter,17,158.53,160.00,0.0000,90.00,false,
IT_NORD,2025,winter,18,159.90,161.48,0.0000,90.00,false,
IT_NORD,2025,winter,19,158.19,159.40,0.0000,90.00,false,
IT_NORD,2025,winter,20,147.27,150.00,0.0000,90.00,false,
IT_NORD,2025,winter,21,138.97,141.04,0.0000,90.00,false,
IT_NORD,2025,winter,22,133.48,137.70,0.0000,90.00,false,
IT_NORD,2025,winter,23,126.31,130.00,0.0000,90.00,false,
IT_NORD,2026,autumn,0,206.53,205.65,0.0000,33.00,true,current_year
IT_NORD,2026,autumn,1,198.88,197.61,0.0000,33.00,true,current_year
IT_NORD,2026,autumn,2,193.22,191.64,0.0000,33.00,true,current_year
IT_NORD,2026,autumn,3,191.12,190.14,0.0000,33.00,true,current_year
IT_NORD,2026,autumn,4,190.27,191.27,0.0000,33.00,true,current_year
IT_NORD,2026,autumn,5,198.18,199.02,0.0000,33.00,true,current_year
IT_NORD,2026,autumn,6,226.91,229.31,0.0000,33.00,true,current_year
IT_NORD,2026,autumn,7,236.20,242.19,0.0000,33.00,true,current_year
IT_NORD,2026,autumn,8,229.92,236.71,0.0000,33.00,true,current_year
IT_NORD,2026,autumn,9,211.08,215.00,0.0000,33.00,true,current_year
IT_NORD,2026,autumn,10,196.13,200.00,0.0000,33.00,true,current_year
IT_NORD,2026,autumn,11,174.59,184.69,0.0000,33.00,true,current_year
IT_NORD,2026,autumn,12,156.83,168.16,0.0000,33.00,true,current_year
IT_NORD,2026,autumn,13,152.52,165.14,0.0000,33.00,true,current_year
IT_NORD,2026,autumn,14,163.78,175.70,0.0000,33.00,true,current_year
IT_NORD,2026,autumn,15,171.67,185.10,0.0000,33.00,true,current_year
IT_NORD,2026,autumn,16,197.65,200.00,0.0000,33.00,true,current_year
IT_NORD,2026,autumn,17,220.57,225.76,0.0000,33.00,true,current_year
IT_NORD,2026,autumn,18,245.00,243.41,0.0000,33.00,true,current_year
IT_NORD,2026,autumn,19,263.80,267.45,0.0000,33.00,true,current_year
IT_NORD,2026,autumn,20,253.54,257.51,0.0000,33.00,true,current_year
IT_NORD,2026,autumn,21,235.40,231.05,0.0000,33.00,true,current_year
IT_NORD,2026,autumn,22,217.29,215.25,0.0000,33.00,true,current_year
IT_NORD,2026,autumn,23,201.68,200.95,0.0000,33.00,true,current_year
IT_NORD,2026,spring,0,138.24,140.00,0.0000,92.00,true,current_year
IT_NORD,2026,spring,1,131.51,132.47,0.0000,92.00,true,current_year
IT_NORD,2026,spring,2,128.82,129.27,0.0000,91.00,true,current_year
IT_NORD,2026,spring,3,127.96,128.04,0.0000,92.00,true,current_year
IT_NORD,2026,spring,4,128.36,129.44,0.0000,92.00,true,current_year
IT_NORD,2026,spring,5,133.39,132.83,0.0000,92.00,true,current_year
IT_NORD,2026,spring,6,147.67,147.84,0.0000,92.00,true,current_year
IT_NORD,2026,spring,7,154.29,153.55,0.0000,92.00,true,current_year
IT_NORD,2026,spring,8,149.03,146.78,0.0000,92.00,true,current_year
IT_NORD,2026,spring,9,137.83,140.00,0.0027,92.00,true,current_year
IT_NORD,2026,spring,10,116.48,127.61,0.0217,92.00,true,current_year
IT_NORD,2026,spring,11,100.51,117.36,0.0217,92.00,true,current_year
IT_NORD,2026,spring,12,79.61,79.64,0.0272,92.00,true,current_year
IT_NORD,2026,spring,13,77.61,79.38,0.0489,92.00,true,current_year
IT_NORD,2026,spring,14,85.12,94.10,0.0326,92.00,true,current_year
IT_NORD,2026,spring,15,92.46,102.00,0.0190,92.00,true,current_year
IT_NORD,2026,spring,16,108.39,120.51,0.0163,92.00,true,current_year
IT_NORD,2026,spring,17,132.98,134.65,0.0000,92.00,true,current_year
IT_NORD,2026,spring,18,155.16,151.48,0.0000,92.00,true,current_year
IT_NORD,2026,spring,19,167.53,169.24,0.0000,92.00,true,current_year
IT_NORD,2026,spring,20,167.62,166.39,0.0000,92.00,true,current_year
IT_NORD,2026,spring,21,157.42,156.57,0.0000,92.00,true,current_year
IT_NORD,2026,spring,22,147.07,147.48,0.0000,92.00,true,current_year
IT_NORD,2026,spring,23,138.89,139.81,0.0000,92.00,true,current_year
IT_NORD,2026,summer,0,167.18,166.52,0.0000,92.00,true,current_year
IT_NORD,2026,summer,1,159.28,155.60,0.0000,92.00,true,current_year
IT_NORD,2026,summer,2,154.73,153.58,0.0000,92.00,true,current_year
IT_NORD,2026,summer,3,151.21,152.07,0.0000,92.00,true,current_year
IT_NORD,2026,summer,4,149.43,152.12,0.0000,92.00,true,current_year
IT_NORD,2026,summer,5,152.56,155.70,0.0000,92.00,true,current_year
IT_NORD,2026,summer,6,163.96,160.01,0.0000,92.00,true,current_year
IT_NORD,2026,summer,7,165.98,163.80,0.0000,92.00,true,current_year
IT_NORD,2026,summer,8,160.50,157.77,0.0000,92.00,true,current_year
IT_NORD,2026,summer,9,150.87,151.23,0.0000,92.00,true,current_year
IT_NORD,2026,summer,10,137.12,142.63,0.0027,92.00,true,current_year
IT_NORD,2026,summer,11,127.32,135.22,0.0082,92.00,true,current_year
IT_NORD,2026,summer,12,117.96,130.30,0.0109,92.00,true,current_year
IT_NORD,2026,summer,13,117.03,131.89,0.0082,92.00,true,current_year
IT_NORD,2026,summer,14,120.90,133.39,0.0027,92.00,true,current_year
IT_NORD,2026,summer,15,128.34,137.59,0.0054,92.00,true,current_year
IT_NORD,2026,summer,16,143.34,145.19,0.0054,92.00,true,current_year
IT_NORD,2026,summer,17,156.65,150.72,0.0000,92.00,true,current_year
IT_NORD,2026,summer,18,175.52,174.57,0.0000,92.00,true,current_year
IT_NORD,2026,summer,19,195.86,196.42,0.0000,92.00,true,current_year
IT_NORD,2026,summer,20,199.48,197.70,0.0000,92.00,true,current_year
IT_NORD,2026,summer,21,192.41,191.29,0.0000,92.00,true,current_year
IT_NORD,2026,summer,22,183.90,186.13,0.0000,92.00,true,current_year
IT_NORD,2026,summer,23,170.07,171.64,0.0000,92.00,true,current_year
IT_NORD,2026,winter,0,114.37,114.00,0.0000,59.00,true,current_year
IT_NORD,2026,winter,1,110.37,109.00,0.0000,59.00,true,current_year
IT_NORD,2026,winter,2,108.73,108.13,0.0000,59.00,true,current_year
IT_NORD,2026,winter,3,107.90,105.10,0.0000,59.00,true,current_year
IT_NORD,2026,winter,4,107.81,105.28,0.0000,59.00,true,current_year
IT_NORD,2026,winter,5,111.25,108.81,0.0000,59.00,true,current_year
IT_NORD,2026,winter,6,123.78,120.40,0.0000,59.00,true,current_year
IT_NORD,2026,winter,7,134.91,130.60,0.0000,59.00,true,current_year
IT_NORD,2026,winter,8,141.11,134.57,0.0000,59.00,true,current_year
IT_NORD,2026,winter,9,139.22,136.95,0.0000,59.00,true,current_year
IT_NORD,2026,winter,10,131.17,133.20,0.0000,59.00,true,current_year
IT_NORD,2026,winter,11,126.30,128.06,0.0000,59.00,true,current_year
IT_NORD,2026,winter,12,118.82,122.01,0.0000,59.00,true,current_year
IT_NORD,2026,winter,13,117.09,121.46,0.0000,59.00,true,current_year
IT_NORD,2026,winter,14,121.44,122.50,0.0000,59.00,true,current_year
IT_NORD,2026,winter,15,128.32,125.67,0.0000,59.00,true,current_year
IT_NORD,2026,winter,16,137.15,132.72,0.0000,59.00,true,current_year
IT_NORD,2026,winter,17,143.04,139.55,0.0000,59.00,true,current_year
IT_NORD,2026,winter,18,143.74,142.08,0.0000,59.00,true,current_year
IT_NORD,2026,winter,19,141.54,138.17,0.0000,59.00,true,current_year
IT_NORD,2026,winter,20,134.77,129.20,0.0000,59.00,true,current_year
IT_NORD,2026,winter,21,128.34,126.57,0.0000,59.00,true,current_year
IT_NORD,2026,winter,22,121.17,119.68,0.0000,59.00,true,current_year
IT_NORD,2026,winter,23,114.91,113.49,0.0000,59.00,true,current_year
NL,2019,autumn,0,32.00,32.40,0.0000,91.00,false,
NL,2019,autumn,1,30.62,30.40,0.0000,91.00,false,
NL,2019,autumn,2,29.50,29.08,0.0000,92.00,false,
NL,2019,autumn,3,28.34,28.19,0.0000,91.00,false,
NL,2019,autumn,4,28.26,28.03,0.0000,91.00,false,
NL,2019,autumn,5,30.24,30.30,0.0000,91.00,false,
NL,2019,autumn,6,37.04,38.36,0.0000,91.00,false,
NL,2019,autumn,7,44.16,46.09,0.0000,91.00,false,
NL,2019,autumn,8,46.27,47.65,0.0000,91.00,false,
NL,2019,autumn,9,45.98,46.68,0.0000,91.00,false,
NL,2019,autumn,10,43.44,43.97,0.0000,91.00,false,
NL,2019,autumn,11,41.80,42.03,0.0000,91.00,false,
NL,2019,autumn,12,39.53,40.10,0.0000,91.00,false,
NL,2019,autumn,13,38.84,38.09,0.0000,91.00,false,
NL,2019,autumn,14,38.73,37.97,0.0000,91.00,false,
NL,2019,autumn,15,39.64,36.98,0.0000,91.00,false,
NL,2019,autumn,16,41.25,40.40,0.0000,91.00,false,
NL,2019,autumn,17,47.08,46.99,0.0000,91.00,false,
NL,2019,autumn,18,48.73,48.11,0.0000,91.00,false,
NL,2019,autumn,19,49.53,49.78,0.0000,91.00,false,
NL,2019,autumn,20,45.63,46.32,0.0000,91.00,false,
NL,2019,autumn,21,40.18,40.36,0.0000,91.00,false,
NL,2019,autumn,22,37.36,37.92,0.0000,91.00,false,
NL,2019,autumn,23,33.40,34.35,0.0000,91.00,false,
NL,2019,spring,0,37.55,37.11,0.0000,92.00,false,
NL,2019,spring,1,36.01,35.89,0.0000,92.00,false,
NL,2019,spring,2,34.93,35.00,0.0000,91.00,false,
NL,2019,spring,3,34.06,34.75,0.0000,92.00,false,
NL,2019,spring,4,33.95,34.41,0.0000,92.00,false,
NL,2019,spring,5,35.50,36.07,0.0000,92.00,false,
NL,2019,spring,6,40.74,41.09,0.0000,92.00,false,
NL,2019,spring,7,45.34,46.39,0.0000,92.00,false,
NL,2019,spring,8,47.86,48.88,0.0000,92.00,false,
NL,2019,spring,9,45.87,46.44,0.0000,92.00,false,
NL,2019,spring,10,43.45,44.18,0.0000,92.00,false,
NL,2019,spring,11,41.68,41.37,0.0000,92.00,false,
NL,2019,spring,12,39.76,39.91,0.0000,92.00,false,
NL,2019,spring,13,38.04,38.42,0.0000,92.00,false,
NL,2019,spring,14,36.49,37.00,0.0000,92.00,false,
NL,2019,spring,15,36.01,36.84,0.0000,92.00,false,
NL,2019,spring,16,36.92,37.49,0.0000,92.00,false,
NL,2019,spring,17,40.69,40.62,0.0000,92.00,false,
NL,2019,spring,18,44.23,44.14,0.0000,92.00,false,
NL,2019,spring,19,47.79,47.58,0.0000,92.00,false,
NL,2019,spring,20,46.84,46.39,0.0000,92.00,false,
NL,2019,spring,21,44.68,44.32,0.0000,92.00,false,
NL,2019,spring,22,43.59,42.67,0.0000,92.00,false,
NL,2019,spring,23,40.29,39.69,0.0000,92.00,false,
NL,2019,summer,0,34.54,34.32,0.0000,92.00,false,
NL,2019,summer,1,32.26,32.53,0.0000,92.00,false,
NL,2019,summer,2,30.98,30.92,0.0000,92.00,false,
NL,2019,summer,3,30.36,30.28,0.0000,92.00,false,
NL,2019,summer,4,29.87,30.00,0.0000,92.00,false,
NL,2019,summer,5,30.46,30.59,0.0000,92.00,false,
NL,2019,summer,6,35.91,36.61,0.0000,92.00,false,
NL,2019,summer,7,42.35,43.93,0.0000,92.00,false,
NL,2019,summer,8,43.78,44.85,0.0000,92.00,false,
NL,2019,summer,9,41.61,41.03,0.0000,92.00,false,
NL,2019,summer,10,38.65,38.41,0.0000,92.00,false,
NL,2019,summer,11,37.45,37.34,0.0000,92.00,false,
NL,2019,summer,12,35.28,35.08,0.0000,92.00,false,
NL,2019,summer,13,33.55,34.05,0.0000,92.00,false,
NL,2019,summer,14,32.54,33.31,0.0109,92.00,false,
NL,2019,summer,15,32.50,33.00,0.0109,92.00,false,
NL,2019,summer,16,33.89,33.86,0.0000,92.00,false,
NL,2019,summer,17,39.09,37.75,0.0000,92.00,false,
NL,2019,summer,18,44.32,42.60,0.0000,92.00,false,
NL,2019,summer,19,49.99,49.72,0.0000,92.00,false,
NL,2019,summer,20,50.25,50.73,0.0000,92.00,false,
NL,2019,summer,21,46.31,46.97,0.0000,92.00,false,
NL,2019,summer,22,43.07,43.34,0.0000,92.00,false,
NL,2019,summer,23,37.55,37.55,0.0000,92.00,false,
NL,2019,winter,0,40.27,40.00,0.0000,89.00,false,
NL,2019,winter,1,39.56,39.28,0.0000,90.00,false,
NL,2019,winter,2,38.04,38.36,0.0000,90.00,false,
NL,2019,winter,3,36.67,37.89,0.0111,90.00,false,
NL,2019,winter,4,35.99,36.89,0.0111,90.00,false,
NL,2019,winter,5,37.22,39.22,0.0111,90.00,false,
NL,2019,winter,6,43.59,46.31,0.0000,90.00,false,
NL,2019,winter,7,50.60,50.88,0.0000,90.00,false,
NL,2019,winter,8,54.39,54.35,0.0000,90.00,false,
NL,2019,winter,9,56.33,54.51,0.0000,90.00,false,
NL,2019,winter,10,54.71,53.02,0.0000,90.00,false,
NL,2019,winter,11,52.53,49.80,0.0000,90.00,false,
NL,2019,winter,12,50.08,48.40,0.0000,90.00,false,
NL,2019,winter,13,49.17,46.78,0.0000,90.00,false,
NL,2019,winter,14,48.99,46.17,0.0000,90.00,false,
NL,2019,winter,15,49.90,46.79,0.0000,90.00,false,
NL,2019,winter,16,52.05,49.55,0.0000,90.00,false,
NL,2019,winter,17,59.10,54.28,0.0000,90.00,false,
NL,2019,winter,18,57.38,53.00,0.0000,90.00,false,
NL,2019,winter,19,53.94,51.40,0.0000,90.00,false,
NL,2019,winter,20,49.51,49.72,0.0000,90.00,false,
NL,2019,winter,21,45.71,45.00,0.0000,90.00,false,
NL,2019,winter,22,44.00,44.40,0.0000,90.00,false,
NL,2019,winter,23,41.17,41.43,0.0000,90.00,false,
NL,2020,autumn,0,33.00,33.52,0.0000,91.00,false,
NL,2020,autumn,1,30.91,32.08,0.0000,91.00,false,
NL,2020,autumn,2,29.34,31.23,0.0109,92.00,false,
NL,2020,autumn,3,27.48,30.03,0.0330,91.00,false,
NL,2020,autumn,4,27.14,29.20,0.0330,91.00,false,
NL,2020,autumn,5,30.12,32.04,0.0110,91.00,false,
NL,2020,autumn,6,37.52,37.35,0.0000,91.00,false,
NL,2020,autumn,7,45.85,46.07,0.0000,91.00,false,
NL,2020,autumn,8,50.14,48.39,0.0000,91.00,false,
NL,2020,autumn,9,48.42,47.93,0.0000,91.00,false,
NL,2020,autumn,10,44.33,43.20,0.0000,91.00,false,
NL,2020,autumn,11,40.66,39.99,0.0000,91.00,false,
NL,2020,autumn,12,38.22,36.23,0.0110,91.00,false,
NL,2020,autumn,13,37.36,36.08,0.0110,91.00,false,
NL,2020,autumn,14,37.19,35.60,0.0110,91.00,false,
NL,2020,autumn,15,38.89,38.64,0.0110,91.00,false,
NL,2020,autumn,16,42.00,41.65,0.0000,91.00,false,
NL,2020,autumn,17,50.49,49.01,0.0000,91.00,false,
NL,2020,autumn,18,54.21,51.99,0.0000,91.00,false,
NL,2020,autumn,19,58.16,50.88,0.0000,91.00,false,
NL,2020,autumn,20,49.14,45.22,0.0000,91.00,false,
NL,2020,autumn,21,41.54,39.10,0.0000,91.00,false,
NL,2020,autumn,22,38.64,37.79,0.0000,91.00,false,
NL,2020,autumn,23,34.75,33.97,0.0000,91.00,false,
NL,2020,spring,0,19.69,20.10,0.0000,92.00,false,
NL,2020,spring,1,17.98,19.08,0.0000,92.00,false,
NL,2020,spring,2,16.84,18.20,0.0000,91.00,false,
NL,2020,spring,3,15.81,17.28,0.0217,92.00,false,
NL,2020,spring,4,15.69,17.63,0.0109,92.00,false,
NL,2020,spring,5,17.06,19.02,0.0217,92.00,false,
NL,2020,spring,6,20.87,22.42,0.0217,92.00,false,
NL,2020,spring,7,24.44,26.32,0.0217,92.00,false,
NL,2020,spring,8,25.11,26.87,0.0217,92.00,false,
NL,2020,spring,9,22.29,22.98,0.0217,92.00,false,
NL,2020,spring,10,19.26,20.00,0.0326,92.00,false,
NL,2020,spring,11,17.41,18.46,0.0543,92.00,false,
NL,2020,spring,12,16.36,17.52,0.0543,92.00,false,
NL,2020,spring,13,14.54,16.00,0.0870,92.00,false,
NL,2020,spring,14,12.51,15.00,0.1304,92.00,false,
NL,2020,spring,15,12.69,15.34,0.1087,92.00,false,
NL,2020,spring,16,15.46,17.03,0.0870,92.00,false,
NL,2020,spring,17,20.79,20.92,0.0217,92.00,false,
NL,2020,spring,18,27.31,26.03,0.0000,92.00,false,
NL,2020,spring,19,31.92,31.28,0.0000,92.00,false,
NL,2020,spring,20,31.07,30.89,0.0000,92.00,false,
NL,2020,spring,21,27.99,27.42,0.0000,92.00,false,
NL,2020,spring,22,25.74,25.17,0.0000,92.00,false,
NL,2020,spring,23,22.64,22.94,0.0000,92.00,false,
NL,2020,summer,0,29.69,30.69,0.0000,92.00,false,
NL,2020,summer,1,25.83,27.56,0.0000,92.00,false,
NL,2020,summer,2,24.03,26.01,0.0109,92.00,false,
NL,2020,summer,3,22.80,24.96,0.0109,92.00,false,
NL,2020,summer,4,22.45,24.57,0.0217,92.00,false,
NL,2020,summer,5,23.67,25.73,0.0109,92.00,false,
NL,2020,summer,6,28.34,29.97,0.0109,92.00,false,
NL,2020,summer,7,33.13,35.54,0.0109,92.00,false,
NL,2020,summer,8,34.78,37.18,0.0109,92.00,false,
NL,2020,summer,9,33.20,35.22,0.0109,92.00,false,
NL,2020,summer,10,30.34,33.27,0.0109,92.00,false,
NL,2020,summer,11,28.27,28.01,0.0109,92.00,false,
NL,2020,summer,12,25.67,23.49,0.0000,92.00,false,
NL,2020,summer,13,23.81,21.78,0.0326,92.00,false,
NL,2020,summer,14,23.21,21.54,0.0435,92.00,false,
NL,2020,summer,15,23.74,23.24,0.0435,92.00,false,
NL,2020,summer,16,26.12,26.77,0.0217,92.00,false,
NL,2020,summer,17,31.56,32.94,0.0109,92.00,false,
NL,2020,summer,18,36.85,37.58,0.0000,92.00,false,
NL,2020,summer,19,41.17,40.77,0.0000,92.00,false,
NL,2020,summer,20,40.67,40.73,0.0000,92.00,false,
NL,2020,summer,21,38.72,39.31,0.0000,92.00,false,
NL,2020,summer,22,37.33,38.42,0.0000,92.00,false,
NL,2020,summer,23,32.36,34.06,0.0000,92.00,false,
NL,2020,winter,0,30.54,29.62,0.0000,91.00,false,
NL,2020,winter,1,29.65,29.00,0.0000,91.00,false,
NL,2020,winter,2,27.71,28.00,0.0000,91.00,false,
NL,2020,winter,3,25.54,25.71,0.0000,91.00,false,
NL,2020,winter,4,24.69,25.45,0.0110,91.00,false,
NL,2020,winter,5,26.84,27.10,0.0110,91.00,false,
NL,2020,winter,6,33.07,33.44,0.0000,91.00,false,
NL,2020,winter,7,40.83,41.12,0.0000,91.00,false,
NL,2020,winter,8,45.28,43.80,0.0000,91.00,false,
NL,2020,winter,9,47.20,44.78,0.0000,91.00,false,
NL,2020,winter,10,46.66,43.51,0.0000,91.00,false,
NL,2020,winter,11,44.54,41.13,0.0000,91.00,false,
NL,2020,winter,12,43.32,40.87,0.0000,91.00,false,
NL,2020,winter,13,41.46,38.73,0.0000,91.00,false,
NL,2020,winter,14,40.98,38.00,0.0000,91.00,false,
NL,2020,winter,15,41.48,38.06,0.0000,91.00,false,
NL,2020,winter,16,43.69,42.24,0.0000,91.00,false,
NL,2020,winter,17,50.59,46.81,0.0000,91.00,false,
NL,2020,winter,18,50.33,45.86,0.0000,91.00,false,
NL,2020,winter,19,46.57,44.63,0.0000,91.00,false,
NL,2020,winter,20,39.72,39.38,0.0000,91.00,false,
NL,2020,winter,21,35.99,34.19,0.0000,91.00,false,
NL,2020,winter,22,35.21,33.90,0.0000,91.00,false,
NL,2020,winter,23,32.08,31.00,0.0000,91.00,false,
NL,2021,autumn,0,143.91,142.87,0.0000,91.00,false,
NL,2021,autumn,1,131.29,129.40,0.0110,91.00,false,
NL,2021,autumn,2,122.53,115.11,0.0109,92.00,false,
NL,2021,autumn,3,115.91,112.80,0.0220,91.00,false,
NL,2021,autumn,4,115.66,115.02,0.0110,91.00,false,
NL,2021,autumn,5,124.55,119.09,0.0110,91.00,false,
NL,2021,autumn,6,155.86,161.33,0.0000,91.00,false,
NL,2021,autumn,7,183.29,186.85,0.0000,91.00,false,
NL,2021,autumn,8,198.46,199.10,0.0000,91.00,false,
NL,2021,autumn,9,193.28,195.28,0.0000,91.00,false,
NL,2021,autumn,10,174.16,174.21,0.0000,91.00,false,
NL,2021,autumn,11,162.99,167.00,0.0000,91.00,false,
NL,2021,autumn,12,151.71,154.21,0.0000,91.00,false,
NL,2021,autumn,13,144.24,140.66,0.0000,91.00,false,
NL,2021,autumn,14,143.93,136.52,0.0000,91.00,false,
NL,2021,autumn,15,153.19,146.80,0.0000,91.00,false,
NL,2021,autumn,16,168.14,155.01,0.0000,91.00,false,
NL,2021,autumn,17,201.52,197.06,0.0000,91.00,false,
NL,2021,autumn,18,209.25,204.68,0.0000,91.00,false,
NL,2021,autumn,19,216.61,209.90,0.0000,91.00,false,
NL,2021,autumn,20,195.96,194.90,0.0000,91.00,false,
NL,2021,autumn,21,172.10,173.06,0.0000,91.00,false,
NL,2021,autumn,22,165.16,169.90,0.0000,91.00,false,
NL,2021,autumn,23,147.96,150.00,0.0000,91.00,false,
NL,2021,spring,0,52.73,52.85,0.0000,92.00,false,
NL,2021,spring,1,48.93,50.03,0.0000,92.00,false,
NL,2021,spring,2,46.83,49.68,0.0000,91.00,false,
NL,2021,spring,3,44.88,48.40,0.0109,92.00,false,
NL,2021,spring,4,45.08,48.65,0.0109,92.00,false,
NL,2021,spring,5,48.23,50.03,0.0217,92.00,false,
NL,2021,spring,6,57.41,59.30,0.0109,92.00,false,
NL,2021,spring,7,66.13,68.86,0.0000,92.00,false,
NL,2021,spring,8,69.88,71.38,0.0000,92.00,false,
NL,2021,spring,9,59.19,59.78,0.0109,92.00,false,
NL,2021,spring,10,50.02,50.95,0.0109,92.00,false,
NL,2021,spring,11,46.18,47.86,0.0326,92.00,false,
NL,2021,spring,12,43.11,46.30,0.0543,92.00,false,
NL,2021,spring,13,37.81,43.19,0.0870,92.00,false,
NL,2021,spring,14,34.32,42.02,0.1196,92.00,false,
NL,2021,spring,15,34.99,41.92,0.1087,92.00,false,
NL,2021,spring,16,39.29,45.40,0.0543,92.00,false,
NL,2021,spring,17,51.50,53.27,0.0109,92.00,false,
NL,2021,spring,18,63.50,63.47,0.0000,92.00,false,
NL,2021,spring,19,73.12,74.22,0.0000,92.00,false,
NL,2021,spring,20,72.84,72.71,0.0000,92.00,false,
NL,2021,spring,21,66.89,64.81,0.0000,92.00,false,
NL,2021,spring,22,62.36,60.49,0.0000,92.00,false,
NL,2021,spring,23,55.19,53.04,0.0000,92.00,false,
NL,2021,summer,0,79.09,80.79,0.0000,92.00,false,
NL,2021,summer,1,73.12,75.35,0.0000,92.00,false,
NL,2021,summer,2,70.37,73.05,0.0000,92.00,false,
NL,2021,summer,3,68.62,70.96,0.0000,92.00,false,
NL,2021,summer,4,68.36,70.07,0.0000,92.00,false,
NL,2021,summer,5,70.74,73.72,0.0000,92.00,false,
NL,2021,summer,6,82.70,85.24,0.0109,92.00,false,
NL,2021,summer,7,91.69,95.98,0.0000,92.00,false,
NL,2021,summer,8,94.35,98.27,0.0109,92.00,false,
NL,2021,summer,9,89.27,93.03,0.0109,92.00,false,
NL,2021,summer,10,82.41,84.28,0.0109,92.00,false,
NL,2021,summer,11,78.95,81.57,0.0109,92.00,false,
NL,2021,summer,12,75.75,79.37,0.0326,92.00,false,
NL,2021,summer,13,69.13,75.09,0.0326,92.00,false,
NL,2021,summer,14,65.52,74.04,0.0435,92.00,false,
NL,2021,summer,15,66.60,73.91,0.0435,92.00,false,
NL,2021,summer,16,70.53,76.41,0.0326,92.00,false,
NL,2021,summer,17,81.85,85.11,0.0109,92.00,false,
NL,2021,summer,18,92.12,93.34,0.0000,92.00,false,
NL,2021,summer,19,102.33,100.78,0.0000,92.00,false,
NL,2021,summer,20,105.19,101.49,0.0000,92.00,false,
NL,2021,summer,21,101.49,99.62,0.0000,92.00,false,
NL,2021,summer,22,97.34,95.09,0.0000,92.00,false,
NL,2021,summer,23,89.18,87.94,0.0000,92.00,false,
NL,2021,winter,0,96.70,47.14,0.0000,90.00,false,
NL,2021,winter,1,88.90,45.78,0.0000,90.00,false,
NL,2021,winter,2,83.94,44.89,0.0111,90.00,false,
NL,2021,winter,3,80.92,42.91,0.0222,90.00,false,
NL,2021,winter,4,80.01,43.91,0.0222,90.00,false,
NL,2021,winter,5,86.52,45.39,0.0111,90.00,false,
NL,2021,winter,6,103.66,52.25,0.0111,90.00,false,
NL,2021,winter,7,123.06,60.77,0.0000,90.00,false,
NL,2021,winter,8,136.12,67.04,0.0000,90.00,false,
NL,2021,winter,9,141.34,67.38,0.0000,90.00,false,
NL,2021,winter,10,135.63,65.68,0.0000,90.00,false,
NL,2021,winter,11,129.75,61.32,0.0000,90.00,false,
NL,2021,winter,12,123.57,60.13,0.0000,90.00,false,
NL,2021,winter,13,122.35,58.70,0.0000,90.00,false,
NL,2021,winter,14,126.28,58.99,0.0000,90.00,false,
NL,2021,winter,15,128.73,57.01,0.0000,90.00,false,
NL,2021,winter,16,135.00,63.26,0.0000,90.00,false,
NL,2021,winter,17,153.83,69.96,0.0000,90.00,false,
NL,2021,winter,18,145.09,71.38,0.0000,90.00,false,
NL,2021,winter,19,129.01,65.35,0.0000,90.00,false,
NL,2021,winter,20,119.36,57.79,0.0000,90.00,false,
NL,2021,winter,21,109.43,53.64,0.0000,90.00,false,
NL,2021,winter,22,105.17,52.02,0.0000,90.00,false,
NL,2021,winter,23,92.54,47.35,0.0000,90.00,false,
NL,2022,autumn,0,193.67,155.00,0.0000,91.00,false,
NL,2022,autumn,1,175.86,147.18,0.0110,91.00,false,
NL,2022,autumn,2,170.02,142.78,0.0000,92.00,false,
NL,2022,autumn,3,162.77,130.65,0.0000,91.00,false,
NL,2022,autumn,4,164.82,134.07,0.0110,91.00,false,
NL,2022,autumn,5,180.40,141.40,0.0000,91.00,false,
NL,2022,autumn,6,222.56,168.66,0.0000,91.00,false,
NL,2022,autumn,7,272.94,226.27,0.0000,91.00,false,
NL,2022,autumn,8,288.18,248.97,0.0000,91.00,false,
NL,2022,autumn,9,260.46,222.70,0.0000,91.00,false,
NL,2022,autumn,10,231.62,204.96,0.0000,91.00,false,
NL,2022,autumn,11,209.27,177.00,0.0110,91.00,false,
NL,2022,autumn,12,188.13,166.43,0.0110,91.00,false,
NL,2022,autumn,13,181.32,165.00,0.0220,91.00,false,
NL,2022,autumn,14,185.33,159.05,0.0220,91.00,false,
NL,2022,autumn,15,200.48,179.50,0.0000,91.00,false,
NL,2022,autumn,16,223.30,204.12,0.0000,91.00,false,
NL,2022,autumn,17,277.98,267.37,0.0000,91.00,false,
NL,2022,autumn,18,308.80,280.00,0.0000,91.00,false,
NL,2022,autumn,19,321.46,270.08,0.0000,91.00,false,
NL,2022,autumn,20,288.29,251.71,0.0000,91.00,false,
NL,2022,autumn,21,250.86,217.94,0.0000,91.00,false,
NL,2022,autumn,22,230.74,199.93,0.0000,91.00,false,
NL,2022,autumn,23,203.93,162.30,0.0000,91.00,false,
NL,2022,spring,0,219.55,206.26,0.0000,92.00,false,
NL,2022,spring,1,206.51,195.35,0.0000,92.00,false,
NL,2022,spring,2,202.21,191.73,0.0000,91.00,false,
NL,2022,spring,3,199.49,189.48,0.0000,92.00,false,
NL,2022,spring,4,198.37,191.78,0.0000,92.00,false,
NL,2022,spring,5,209.86,200.36,0.0000,92.00,false,
NL,2022,spring,6,236.63,229.11,0.0000,92.00,false,
NL,2022,spring,7,258.89,252.55,0.0000,92.00,false,
NL,2022,spring,8,256.85,255.28,0.0000,92.00,false,
NL,2022,spring,9,222.84,225.50,0.0109,92.00,false,
NL,2022,spring,10,189.95,199.32,0.0435,92.00,false,
NL,2022,spring,11,169.51,190.32,0.0543,92.00,false,
NL,2022,spring,12,149.32,179.18,0.0870,92.00,false,
NL,2022,spring,13,138.94,177.31,0.1196,92.00,false,
NL,2022,spring,14,140.09,176.75,0.0978,92.00,false,
NL,2022,spring,15,157.33,181.09,0.0870,92.00,false,
NL,2022,spring,16,180.51,189.12,0.0217,92.00,false,
NL,2022,spring,17,222.25,217.24,0.0109,92.00,false,
NL,2022,spring,18,258.09,245.02,0.0000,92.00,false,
NL,2022,spring,19,286.33,269.92,0.0000,92.00,false,
NL,2022,spring,20,276.63,266.10,0.0000,92.00,false,
NL,2022,spring,21,258.26,249.95,0.0000,92.00,false,
NL,2022,spring,22,246.30,240.02,0.0000,92.00,false,
NL,2022,spring,23,221.18,214.57,0.0000,92.00,false,
NL,2022,summer,0,344.58,329.87,0.0000,92.00,false,
NL,2022,summer,1,316.73,299.48,0.0000,92.00,false,
NL,2022,summer,2,304.56,292.92,0.0000,92.00,false,
NL,2022,summer,3,293.46,278.20,0.0000,92.00,false,
NL,2022,summer,4,292.32,273.39,0.0000,92.00,false,
NL,2022,summer,5,306.06,299.59,0.0000,92.00,false,
NL,2022,summer,6,354.40,358.54,0.0000,92.00,false,
NL,2022,summer,7,374.64,383.80,0.0000,92.00,false,
NL,2022,summer,8,368.32,377.42,0.0000,92.00,false,
NL,2022,summer,9,337.00,335.13,0.0109,92.00,false,
NL,2022,summer,10,297.83,293.59,0.0109,92.00,false,
NL,2022,summer,11,271.51,255.73,0.0109,92.00,false,
NL,2022,summer,12,236.66,220.88,0.0435,92.00,false,
NL,2022,summer,13,215.24,198.10,0.0870,92.00,false,
NL,2022,summer,14,212.04,188.79,0.0870,92.00,false,
NL,2022,summer,15,228.03,207.54,0.0761,92.00,false,
NL,2022,summer,16,257.47,230.41,0.0326,92.00,false,
NL,2022,summer,17,319.96,297.84,0.0000,92.00,false,
NL,2022,summer,18,372.18,356.44,0.0000,92.00,false,
NL,2022,summer,19,420.61,401.82,0.0000,92.00,false,
NL,2022,summer,20,438.31,422.94,0.0000,92.00,false,
NL,2022,summer,21,419.49,406.12,0.0000,92.00,false,
NL,2022,summer,22,403.04,395.31,0.0000,92.00,false,
NL,2022,summer,23,358.21,358.81,0.0000,92.00,false,
NL,2022,winter,0,178.49,179.26,0.0111,90.00,false,
NL,2022,winter,1,166.40,161.62,0.0222,90.00,false,
NL,2022,winter,2,159.54,161.88,0.0222,90.00,false,
NL,2022,winter,3,149.84,158.56,0.0333,90.00,false,
NL,2022,winter,4,149.00,159.41,0.0333,90.00,false,
NL,2022,winter,5,156.30,159.03,0.0333,90.00,false,
NL,2022,winter,6,179.65,178.55,0.0222,90.00,false,
NL,2022,winter,7,215.26,199.93,0.0111,90.00,false,
NL,2022,winter,8,243.06,226.00,0.0000,90.00,false,
NL,2022,winter,9,249.85,234.50,0.0000,90.00,false,
NL,2022,winter,10,231.75,218.11,0.0000,90.00,false,
NL,2022,winter,11,220.15,202.38,0.0111,90.00,false,
NL,2022,winter,12,208.29,193.79,0.0111,90.00,false,
NL,2022,winter,13,201.96,184.95,0.0111,90.00,false,
NL,2022,winter,14,211.82,183.05,0.0000,90.00,false,
NL,2022,winter,15,223.55,197.24,0.0000,90.00,false,
NL,2022,winter,16,232.20,199.95,0.0000,90.00,false,
NL,2022,winter,17,266.48,238.01,0.0000,90.00,false,
NL,2022,winter,18,268.88,243.65,0.0000,90.00,false,
NL,2022,winter,19,249.21,220.05,0.0000,90.00,false,
NL,2022,winter,20,226.88,213.10,0.0000,90.00,false,
NL,2022,winter,21,202.01,187.15,0.0000,90.00,false,
NL,2022,winter,22,195.03,185.17,0.0000,90.00,false,
NL,2022,winter,23,174.93,166.98,0.0000,90.00,false,
NL,2023,autumn,0,81.07,92.07,0.0110,91.00,false,
NL,2023,autumn,1,73.69,87.24,0.0549,91.00,false,
NL,2023,autumn,2,68.88,85.13,0.0652,92.00,false,
NL,2023,autumn,3,65.60,82.17,0.0659,91.00,false,
NL,2023,autumn,4,64.76,82.46,0.0659,91.00,false,
NL,2023,autumn,5,71.24,85.75,0.0330,91.00,false,
NL,2023,autumn,6,92.31,100.10,0.0220,91.00,false,
NL,2023,autumn,7,114.98,116.34,0.0110,91.00,false,
NL,2023,autumn,8,119.99,125.07,0.0110,91.00,false,
NL,2023,autumn,9,108.17,109.36,0.0110,91.00,false,
NL,2023,autumn,10,91.64,92.88,0.0110,91.00,false,
NL,2023,autumn,11,81.80,87.37,0.0549,91.00,false,
NL,2023,autumn,12,73.48,79.97,0.0989,91.00,false,
NL,2023,autumn,13,69.05,78.29,0.0989,91.00,false,
NL,2023,autumn,14,71.52,84.09,0.0879,91.00,false,
NL,2023,autumn,15,81.65,90.09,0.0549,91.00,false,
NL,2023,autumn,16,95.72,94.48,0.0220,91.00,false,
NL,2023,autumn,17,120.68,115.20,0.0000,91.00,false,
NL,2023,autumn,18,140.64,133.53,0.0000,91.00,false,
NL,2023,autumn,19,154.88,149.90,0.0000,91.00,false,
NL,2023,autumn,20,131.18,128.48,0.0000,91.00,false,
NL,2023,autumn,21,106.71,112.47,0.0000,91.00,false,
NL,2023,autumn,22,98.62,105.50,0.0000,91.00,false,
NL,2023,autumn,23,87.64,95.77,0.0110,91.00,false,
NL,2023,spring,0,99.10,100.39,0.0000,92.00,false,
NL,2023,spring,1,91.43,95.24,0.0000,92.00,false,
NL,2023,spring,2,89.22,95.40,0.0110,91.00,false,
NL,2023,spring,3,86.17,91.74,0.0109,92.00,false,
NL,2023,spring,4,86.29,91.54,0.0109,92.00,false,
NL,2023,spring,5,92.32,97.60,0.0109,92.00,false,
NL,2023,spring,6,105.98,107.10,0.0109,92.00,false,
NL,2023,spring,7,119.72,118.60,0.0109,92.00,false,
NL,2023,spring,8,121.04,120.00,0.0109,92.00,false,
NL,2023,spring,9,105.04,104.91,0.0326,92.00,false,
NL,2023,spring,10,88.06,92.39,0.0435,92.00,false,
NL,2023,spring,11,74.02,85.38,0.0978,92.00,false,
NL,2023,spring,12,59.75,77.53,0.1848,92.00,false,
NL,2023,spring,13,48.86,62.19,0.2174,92.00,false,
NL,2023,spring,14,45.96,68.77,0.2283,92.00,false,
NL,2023,spring,15,53.06,69.75,0.1848,92.00,false,
NL,2023,spring,16,70.13,80.47,0.1196,92.00,false,
NL,2023,spring,17,94.87,97.90,0.0217,92.00,false,
NL,2023,spring,18,115.97,114.53,0.0000,92.00,false,
NL,2023,spring,19,131.39,130.24,0.0000,92.00,false,
NL,2023,spring,20,130.87,130.24,0.0000,92.00,false,
NL,2023,spring,21,122.01,122.57,0.0000,92.00,false,
NL,2023,spring,22,112.98,115.56,0.0000,92.00,false,
NL,2023,spring,23,103.33,103.97,0.0000,92.00,false,
NL,2023,summer,0,97.80,99.23,0.0000,92.00,false,
NL,2023,summer,1,89.18,91.98,0.0000,92.00,false,
NL,2023,summer,2,84.11,88.86,0.0000,92.00,false,
NL,2023,summer,3,80.31,85.18,0.0217,92.00,false,
NL,2023,summer,4,79.58,85.72,0.0217,92.00,false,
NL,2023,summer,5,84.22,90.52,0.0217,92.00,false,
NL,2023,summer,6,94.94,98.61,0.0217,92.00,false,
NL,2023,summer,7,104.22,107.25,0.0217,92.00,false,
NL,2023,summer,8,101.72,108.75,0.0217,92.00,false,
NL,2023,summer,9,87.70,94.56,0.0326,92.00,false,
NL,2023,summer,10,72.90,84.19,0.0652,92.00,false,
NL,2023,summer,11,59.71,73.15,0.1196,92.00,false,
NL,2023,summer,12,45.93,64.62,0.1630,92.00,false,
NL,2023,summer,13,35.96,53.66,0.2065,92.00,false,
NL,2023,summer,14,34.91,51.44,0.1848,92.00,false,
NL,2023,summer,15,42.90,60.00,0.1848,92.00,false,
NL,2023,summer,16,58.45,74.33,0.1413,92.00,false,
NL,2023,summer,17,78.69,84.80,0.0652,92.00,false,
NL,2023,summer,18,99.15,99.43,0.0109,92.00,false,
NL,2023,summer,19,121.06,115.72,0.0000,92.00,false,
NL,2023,summer,20,133.98,130.00,0.0000,92.00,false,
NL,2023,summer,21,129.23,127.62,0.0000,92.00,false,
NL,2023,summer,22,117.96,119.00,0.0000,92.00,false,
NL,2023,summer,23,104.41,102.63,0.0000,92.00,false,
NL,2023,winter,0,91.91,102.64,0.0556,90.00,false,
NL,2023,winter,1,85.44,97.29,0.0889,90.00,false,
NL,2023,winter,2,81.00,94.10,0.0889,90.00,false,
NL,2023,winter,3,76.54,87.29,0.1111,90.00,false,
NL,2023,winter,4,75.79,85.69,0.1222,90.00,false,
NL,2023,winter,5,80.90,91.43,0.1000,90.00,false,
NL,2023,winter,6,97.63,102.28,0.0778,90.00,false,
NL,2023,winter,7,117.60,120.00,0.0444,90.00,false,
NL,2023,winter,8,135.93,146.65,0.0222,90.00,false,
NL,2023,winter,9,135.82,144.00,0.0222,90.00,false,
NL,2023,winter,10,122.79,125.35,0.0000,90.00,false,
NL,2023,winter,11,114.69,118.44,0.0000,90.00,false,
NL,2023,winter,12,107.63,116.78,0.0000,90.00,false,
NL,2023,winter,13,103.50,113.82,0.0222,90.00,false,
NL,2023,winter,14,108.37,114.33,0.0000,90.00,false,
NL,2023,winter,15,116.17,118.42,0.0000,90.00,false,
NL,2023,winter,16,124.17,126.84,0.0000,90.00,false,
NL,2023,winter,17,143.03,146.81,0.0000,90.00,false,
NL,2023,winter,18,149.48,156.75,0.0000,90.00,false,
NL,2023,winter,19,137.48,145.10,0.0000,90.00,false,
NL,2023,winter,20,126.42,129.90,0.0000,90.00,false,
NL,2023,winter,21,115.66,122.83,0.0000,90.00,false,
NL,2023,winter,22,109.13,117.00,0.0111,90.00,false,
NL,2023,winter,23,96.49,104.19,0.0111,90.00,false,
NL,2024,autumn,0,81.41,91.21,0.0220,91.00,false,
NL,2024,autumn,1,77.20,85.99,0.0330,91.00,false,
NL,2024,autumn,2,74.44,83.61,0.0543,92.00,false,
NL,2024,autumn,3,72.45,82.42,0.0549,91.00,false,
NL,2024,autumn,4,71.60,80.51,0.0549,91.00,false,
NL,2024,autumn,5,75.95,85.10,0.0440,91.00,false,
NL,2024,autumn,6,90.65,98.42,0.0220,91.00,false,
NL,2024,autumn,7,114.28,118.25,0.0110,91.00,false,
NL,2024,autumn,8,120.04,123.11,0.0000,91.00,false,
NL,2024,autumn,9,102.68,109.99,0.0000,91.00,false,
NL,2024,autumn,10,85.70,97.00,0.0220,91.00,false,
NL,2024,autumn,11,72.35,84.91,0.0440,91.00,false,
NL,2024,autumn,12,64.31,78.94,0.0879,91.00,false,
NL,2024,autumn,13,62.17,74.33,0.1429,91.00,false,
NL,2024,autumn,14,64.98,74.16,0.1538,91.00,false,
NL,2024,autumn,15,76.74,81.80,0.0659,91.00,false,
NL,2024,autumn,16,97.70,95.00,0.0220,91.00,false,
NL,2024,autumn,17,129.44,114.60,0.0000,91.00,false,
NL,2024,autumn,18,146.24,135.01,0.0000,91.00,false,
NL,2024,autumn,19,146.97,133.94,0.0000,91.00,false,
NL,2024,autumn,20,120.67,119.90,0.0000,91.00,false,
NL,2024,autumn,21,101.45,105.50,0.0000,91.00,false,
NL,2024,autumn,22,95.03,99.08,0.0000,91.00,false,
NL,2024,autumn,23,85.42,90.22,0.0000,91.00,false,
NL,2024,spring,0,69.89,71.24,0.0000,92.00,false,
NL,2024,spring,1,64.48,67.43,0.0000,92.00,false,
NL,2024,spring,2,61.43,67.01,0.0220,91.00,false,
NL,2024,spring,3,59.74,65.10,0.0217,92.00,false,
NL,2024,spring,4,59.89,64.47,0.0109,92.00,false,
NL,2024,spring,5,63.68,66.97,0.0109,92.00,false,
NL,2024,spring,6,74.76,77.50,0.0109,92.00,false,
NL,2024,spring,7,84.91,83.69,0.0109,92.00,false,
NL,2024,spring,8,78.60,82.57,0.0326,92.00,false,
NL,2024,spring,9,62.05,68.32,0.0543,92.00,false,
NL,2024,spring,10,47.80,54.61,0.1522,92.00,false,
NL,2024,spring,11,35.82,45.75,0.2174,92.00,false,
NL,2024,spring,12,25.25,35.88,0.2717,92.00,false,
NL,2024,spring,13,17.86,28.58,0.3043,92.00,false,
NL,2024,spring,14,19.01,32.25,0.3696,92.00,false,
NL,2024,spring,15,28.31,38.50,0.3261,92.00,false,
NL,2024,spring,16,42.11,56.69,0.1848,92.00,false,
NL,2024,spring,17,65.56,74.37,0.0543,92.00,false,
NL,2024,spring,18,87.27,87.90,0.0000,92.00,false,
NL,2024,spring,19,103.94,103.85,0.0000,92.00,false,
NL,2024,spring,20,105.76,109.00,0.0000,92.00,false,
NL,2024,spring,21,90.50,87.50,0.0000,92.00,false,
NL,2024,spring,22,79.96,78.75,0.0000,92.00,false,
NL,2024,spring,23,72.36,73.76,0.0000,92.00,false,
NL,2024,summer,0,87.94,92.33,0.0000,92.00,false,
NL,2024,summer,1,79.37,85.08,0.0000,92.00,false,
NL,2024,summer,2,75.60,82.65,0.0217,92.00,false,
NL,2024,summer,3,71.73,79.95,0.0217,92.00,false,
NL,2024,summer,4,71.61,80.66,0.0109,92.00,false,
NL,2024,summer,5,75.59,85.71,0.0109,92.00,false,
NL,2024,summer,6,91.22,101.91,0.0000,92.00,false,
NL,2024,summer,7,95.20,108.99,0.0217,92.00,false,
NL,2024,summer,8,83.40,98.41,0.0435,92.00,false,
NL,2024,summer,9,63.48,74.22,0.0978,92.00,false,
NL,2024,summer,10,45.10,55.25,0.2283,92.00,false,
NL,2024,summer,11,31.78,33.59,0.2500,92.00,false,
NL,2024,summer,12,21.82,23.57,0.3152,92.00,false,
NL,2024,summer,13,12.47,8.29,0.4130,92.00,false,
NL,2024,summer,14,9.29,4.55,0.4457,92.00,false,
NL,2024,summer,15,16.19,13.77,0.3804,92.00,false,
NL,2024,summer,16,30.52,36.15,0.2609,92.00,false,
NL,2024,summer,17,54.79,68.38,0.1630,92.00,false,
NL,2024,summer,18,83.19,90.01,0.0326,92.00,false,
NL,2024,summer,19,115.76,109.60,0.0109,92.00,false,
NL,2024,summer,20,142.01,133.14,0.0000,92.00,false,
NL,2024,summer,21,124.84,124.29,0.0000,92.00,false,
NL,2024,summer,22,106.87,108.98,0.0000,92.00,false,
NL,2024,summer,23,91.90,93.61,0.0000,92.00,false,
NL,2024,winter,0,64.83,66.77,0.0110,91.00,false,
NL,2024,winter,1,60.46,61.65,0.0110,91.00,false,
NL,2024,winter,2,57.72,60.73,0.0440,91.00,false,
NL,2024,winter,3,54.17,58.89,0.0549,91.00,false,
NL,2024,winter,4,53.86,57.35,0.0549,91.00,false,
NL,2024,winter,5,58.27,63.43,0.0549,91.00,false,
NL,2024,winter,6,68.60,71.05,0.0330,91.00,false,
NL,2024,winter,7,84.60,82.32,0.0110,91.00,false,
NL,2024,winter,8,103.08,94.90,0.0110,91.00,false,
NL,2024,winter,9,103.39,92.77,0.0000,91.00,false,
NL,2024,winter,10,95.62,83.71,0.0000,91.00,false,
NL,2024,winter,11,88.75,78.66,0.0000,91.00,false,
NL,2024,winter,12,83.34,72.21,0.0000,91.00,false,
NL,2024,winter,13,82.70,73.36,0.0000,91.00,false,
NL,2024,winter,14,87.22,75.38,0.0000,91.00,false,
NL,2024,winter,15,96.49,83.00,0.0000,91.00,false,
NL,2024,winter,16,106.64,86.62,0.0000,91.00,false,
NL,2024,winter,17,120.16,101.00,0.0000,91.00,false,
NL,2024,winter,18,117.94,103.63,0.0000,91.00,false,
NL,2024,winter,19,106.11,94.12,0.0000,91.00,false,
NL,2024,winter,20,91.27,80.15,0.0000,91.00,false,
NL,2024,winter,21,81.00,75.96,0.0000,91.00,false,
NL,2024,winter,22,77.15,75.39,0.0000,91.00,false,
NL,2024,winter,23,69.42,68.73,0.0000,91.00,false,
NL,2025,autumn,0,71.75,81.49,0.0330,91.00,false,
NL,2025,autumn,1,67.17,78.53,0.0385,91.00,false,
NL,2025,autumn,2,63.93,77.04,0.0543,92.00,false,
NL,2025,autumn,3,62.74,74.80,0.0659,91.00,false,
NL,2025,autumn,4,63.65,74.76,0.0659,91.00,false,
NL,2025,autumn,5,69.03,79.67,0.0549,91.00,false,
NL,2025,autumn,6,83.99,89.37,0.0275,91.00,false,
NL,2025,autumn,7,105.62,102.00,0.0220,91.00,false,
NL,2025,autumn,8,109.40,104.77,0.0330,91.00,false,
NL,2025,autumn,9,94.52,96.74,0.0192,91.00,false,
NL,2025,autumn,10,78.47,86.18,0.0687,91.00,false,
NL,2025,autumn,11,65.66,77.86,0.0852,91.00,false,
NL,2025,autumn,12,59.45,71.00,0.1429,91.00,false,
NL,2025,autumn,13,56.92,68.51,0.1758,91.00,false,
NL,2025,autumn,14,60.92,74.60,0.1758,91.00,false,
NL,2025,autumn,15,73.03,81.03,0.1236,91.00,false,
NL,2025,autumn,16,87.43,89.90,0.0659,91.00,false,
NL,2025,autumn,17,109.46,106.87,0.0082,91.00,false,
NL,2025,autumn,18,130.87,117.47,0.0027,91.00,false,
NL,2025,autumn,19,143.43,121.62,0.0000,91.00,false,
NL,2025,autumn,20,114.35,111.99,0.0000,91.00,false,
NL,2025,autumn,21,94.39,97.54,0.0055,91.00,false,
NL,2025,autumn,22,86.89,90.39,0.0082,91.00,false,
NL,2025,autumn,23,76.35,85.57,0.0110,91.00,false,
NL,2025,spring,0,92.19,95.00,0.0000,92.00,false,
NL,2025,spring,1,85.89,89.43,0.0000,92.00,false,
NL,2025,spring,2,84.59,87.78,0.0000,91.00,false,
NL,2025,spring,3,81.75,86.71,0.0000,92.00,false,
NL,2025,spring,4,82.51,88.95,0.0000,92.00,false,
NL,2025,spring,5,89.15,93.49,0.0000,92.00,false,
NL,2025,spring,6,105.39,108.91,0.0109,92.00,false,
NL,2025,spring,7,115.60,122.27,0.0109,92.00,false,
NL,2025,spring,8,102.57,106.48,0.0109,92.00,false,
NL,2025,spring,9,71.90,78.36,0.0652,92.00,false,
NL,2025,spring,10,43.66,40.92,0.1848,92.00,false,
NL,2025,spring,11,25.48,2.93,0.4239,92.00,false,
NL,2025,spring,12,8.45,-0.07,0.5543,92.00,false,
NL,2025,spring,13,-0.07,-2.00,0.6413,92.00,false,
NL,2025,spring,14,5.07,-0.69,0.5326,92.00,false,
NL,2025,spring,15,25.01,8.18,0.4565,92.00,false,
NL,2025,spring,16,46.23,52.76,0.3043,92.00,false,
NL,2025,spring,17,77.77,81.46,0.0543,92.00,false,
NL,2025,spring,18,112.76,100.78,0.0000,92.00,false,
NL,2025,spring,19,131.50,127.25,0.0000,92.00,false,
NL,2025,spring,20,137.22,135.69,0.0000,92.00,false,
NL,2025,spring,21,120.33,120.94,0.0000,92.00,false,
NL,2025,spring,22,106.51,108.10,0.0000,92.00,false,
NL,2025,spring,23,95.18,97.46,0.0000,92.00,false,
NL,2025,summer,0,96.84,96.55,0.0000,92.00,false,
NL,2025,summer,1,89.58,89.83,0.0000,92.00,false,
NL,2025,summer,2,86.32,87.62,0.0000,92.00,false,
NL,2025,summer,3,83.76,85.01,0.0000,92.00,false,
NL,2025,summer,4,84.48,86.00,0.0000,92.00,false,
NL,2025,summer,5,89.21,91.19,0.0000,92.00,false,
NL,2025,summer,6,98.04,101.24,0.0000,92.00,false,
NL,2025,summer,7,97.73,104.63,0.0000,92.00,false,
NL,2025,summer,8,89.38,99.64,0.0217,92.00,false,
NL,2025,summer,9,68.86,87.18,0.0761,92.00,false,
NL,2025,summer,10,47.70,62.47,0.2065,92.00,false,
NL,2025,summer,11,33.62,26.61,0.2609,92.00,false,
NL,2025,summer,12,22.71,6.58,0.3696,92.00,false,
NL,2025,summer,13,14.93,3.00,0.4565,92.00,false,
NL,2025,summer,14,12.99,1.10,0.4457,92.00,false,
NL,2025,summer,15,21.64,6.45,0.3804,92.00,false,
NL,2025,summer,16,35.03,30.92,0.2283,92.00,false,
NL,2025,summer,17,62.59,74.46,0.0652,92.00,false,
NL,2025,summer,18,89.14,94.72,0.0000,92.00,false,
NL,2025,summer,19,116.09,109.84,0.0000,92.00,false,
NL,2025,summer,20,142.03,124.55,0.0000,92.00,false,
NL,2025,summer,21,136.80,125.62,0.0000,92.00,false,
NL,2025,summer,22,118.39,114.91,0.0000,92.00,false,
NL,2025,summer,23,102.67,103.03,0.0000,92.00,false,
NL,2025,winter,0,92.18,90.78,0.0000,90.00,false,
NL,2025,winter,1,88.59,88.81,0.0000,90.00,false,
NL,2025,winter,2,85.26,85.66,0.0000,90.00,false,
NL,2025,winter,3,82.86,84.08,0.0000,90.00,false,
NL,2025,winter,4,81.79,83.29,0.0000,90.00,false,
NL,2025,winter,5,86.12,86.76,0.0111,90.00,false,
NL,2025,winter,6,98.98,93.79,0.0000,90.00,false,
NL,2025,winter,7,120.77,116.29,0.0000,90.00,false,
NL,2025,winter,8,139.39,129.00,0.0000,90.00,false,
NL,2025,winter,9,128.93,126.46,0.0000,90.00,false,
NL,2025,winter,10,115.27,113.87,0.0000,90.00,false,
NL,2025,winter,11,104.96,100.48,0.0000,90.00,false,
NL,2025,winter,12,100.07,94.68,0.0000,90.00,false,
NL,2025,winter,13,99.26,94.37,0.0000,90.00,false,
NL,2025,winter,14,104.97,98.18,0.0000,90.00,false,
NL,2025,winter,15,115.84,109.00,0.0000,90.00,false,
NL,2025,winter,16,127.94,123.77,0.0000,90.00,false,
NL,2025,winter,17,145.58,140.24,0.0000,90.00,false,
NL,2025,winter,18,145.68,142.04,0.0000,90.00,false,
NL,2025,winter,19,133.04,127.50,0.0000,90.00,false,
NL,2025,winter,20,119.69,118.12,0.0000,90.00,false,
NL,2025,winter,21,109.58,108.93,0.0000,90.00,false,
NL,2025,winter,22,105.16,105.23,0.0000,90.00,false,
NL,2025,winter,23,96.85,96.94,0.0000,90.00,false,
NL,2026,autumn,0,164.26,175.70,0.0000,33.00,true,current_year
NL,2026,autumn,1,157.27,168.33,0.0000,33.00,true,current_year
NL,2026,autumn,2,151.10,161.63,0.0000,33.00,true,current_year
NL,2026,autumn,3,147.25,161.73,0.0000,33.00,true,current_year
NL,2026,autumn,4,145.90,160.47,0.0000,33.00,true,current_year
NL,2026,autumn,5,154.23,167.44,0.0000,33.00,true,current_year
NL,2026,autumn,6,178.86,192.34,0.0000,33.00,true,current_year
NL,2026,autumn,7,200.72,210.39,0.0000,33.00,true,current_year
NL,2026,autumn,8,190.92,201.70,0.0000,33.00,true,current_year
NL,2026,autumn,9,157.58,168.88,0.0227,33.00,true,current_year
NL,2026,autumn,10,125.85,144.21,0.0682,33.00,true,current_year
NL,2026,autumn,11,94.32,97.12,0.1212,33.00,true,current_year
NL,2026,autumn,12,72.35,61.68,0.1212,33.00,true,current_year
NL,2026,autumn,13,62.43,41.09,0.1742,33.00,true,current_year
NL,2026,autumn,14,66.18,53.57,0.2045,33.00,true,current_year
NL,2026,autumn,15,83.30,85.86,0.1439,33.00,true,current_year
NL,2026,autumn,16,113.50,135.00,0.1061,33.00,true,current_year
NL,2026,autumn,17,159.92,178.35,0.0076,33.00,true,current_year
NL,2026,autumn,18,215.29,213.20,0.0000,33.00,true,current_year
NL,2026,autumn,19,258.73,237.11,0.0000,33.00,true,current_year
NL,2026,autumn,20,245.34,233.83,0.0000,33.00,true,current_year
NL,2026,autumn,21,213.55,218.00,0.0000,33.00,true,current_year
NL,2026,autumn,22,196.65,200.18,0.0000,33.00,true,current_year
NL,2026,autumn,23,177.51,181.59,0.0000,33.00,true,current_year
NL,2026,spring,0,109.59,116.85,0.0054,92.00,true,current_year
NL,2026,spring,1,103.95,109.90,0.0109,92.00,true,current_year
NL,2026,spring,2,101.52,108.81,0.0220,91.00,true,current_year
NL,2026,spring,3,100.64,107.84,0.0217,92.00,true,current_year
NL,2026,spring,4,102.34,108.88,0.0217,92.00,true,current_year
NL,2026,spring,5,107.49,112.86,0.0136,92.00,true,current_year
NL,2026,spring,6,122.73,127.50,0.0109,92.00,true,current_year
NL,2026,spring,7,130.14,132.23,0.0109,92.00,true,current_year
NL,2026,spring,8,115.34,119.66,0.0109,92.00,true,current_year
NL,2026,spring,9,85.31,91.82,0.0516,92.00,true,current_year
NL,2026,spring,10,56.13,61.95,0.1712,92.00,true,current_year
NL,2026,spring,11,34.95,26.42,0.3071,92.00,true,current_year
NL,2026,spring,12,20.07,10.92,0.3940,92.00,true,current_year
NL,2026,spring,13,8.69,3.35,0.4158,92.00,true,current_year
NL,2026,spring,14,13.55,7.51,0.3804,92.00,true,current_year
NL,2026,spring,15,32.70,33.78,0.3342,92.00,true,current_year
NL,2026,spring,16,59.87,66.59,0.2065,92.00,true,current_year
NL,2026,spring,17,97.12,100.76,0.0652,92.00,true,current_year
NL,2026,spring,18,133.57,128.12,0.0054,92.00,true,current_year
NL,2026,spring,19,153.37,153.53,0.0000,92.00,true,current_year
NL,2026,spring,20,155.77,151.21,0.0000,92.00,true,current_year
NL,2026,spring,21,141.44,141.05,0.0000,92.00,true,current_year
NL,2026,spring,22,128.24,129.82,0.0000,92.00,true,current_year
NL,2026,spring,23,114.88,120.00,0.0000,92.00,true,current_year
NL,2026,summer,0,144.13,147.44,0.0000,92.00,true,current_year
NL,2026,summer,1,135.22,139.61,0.0000,92.00,true,current_year
NL,2026,summer,2,128.65,133.75,0.0000,92.00,true,current_year
NL,2026,summer,3,125.05,130.45,0.0000,92.00,true,current_year
NL,2026,summer,4,124.77,131.53,0.0000,92.00,true,current_year
NL,2026,summer,5,129.71,135.69,0.0000,92.00,true,current_year
NL,2026,summer,6,140.46,149.15,0.0000,92.00,true,current_year
NL,2026,summer,7,138.87,147.31,0.0136,92.00,true,current_year
NL,2026,summer,8,125.21,135.28,0.0299,92.00,true,current_year
NL,2026,summer,9,98.30,112.42,0.0516,92.00,true,current_year
NL,2026,summer,10,71.68,87.13,0.1304,92.00,true,current_year
NL,2026,summer,11,49.72,51.46,0.2446,92.00,true,current_year
NL,2026,summer,12,35.00,20.82,0.3234,92.00,true,current_year
NL,2026,summer,13,27.33,8.08,0.3777,92.00,true,current_year
NL,2026,summer,14,27.09,7.87,0.3668,92.00,true,current_year
NL,2026,summer,15,37.80,20.10,0.3071,92.00,true,current_year
NL,2026,summer,16,59.39,67.57,0.1712,92.00,true,current_year
NL,2026,summer,17,93.10,103.85,0.0571,92.00,true,current_year
NL,2026,summer,18,131.09,134.73,0.0082,92.00,true,current_year
NL,2026,summer,19,173.89,166.36,0.0000,92.00,true,current_year
NL,2026,summer,20,204.04,182.40,0.0000,92.00,true,current_year
NL,2026,summer,21,200.01,181.48,0.0000,92.00,true,current_year
NL,2026,summer,22,177.18,170.03,0.0000,92.00,true,current_year
NL,2026,summer,23,154.13,154.66,0.0000,92.00,true,current_year
NL,2026,winter,0,88.19,89.50,0.0000,59.00,true,current_year
NL,2026,winter,1,85.78,87.56,0.0000,59.00,true,current_year
NL,2026,winter,2,83.04,86.40,0.0000,59.00,true,current_year
NL,2026,winter,3,80.40,84.00,0.0000,59.00,true,current_year
NL,2026,winter,4,80.01,83.52,0.0000,59.00,true,current_year
NL,2026,winter,5,82.58,86.13,0.0000,59.00,true,current_year
NL,2026,winter,6,90.85,94.25,0.0000,59.00,true,current_year
NL,2026,winter,7,104.50,101.08,0.0000,59.00,true,current_year
NL,2026,winter,8,116.57,109.35,0.0000,59.00,true,current_year
NL,2026,winter,9,115.42,112.03,0.0000,59.00,true,current_year
NL,2026,winter,10,106.76,104.96,0.0127,59.00,true,current_year
NL,2026,winter,11,98.87,98.28,0.0169,59.00,true,current_year
NL,2026,winter,12,93.85,95.07,0.0000,59.00,true,current_year
NL,2026,winter,13,92.71,93.92,0.0000,59.00,true,current_year
NL,2026,winter,14,96.66,96.82,0.0127,59.00,true,current_year
NL,2026,winter,15,105.04,103.84,0.0042,59.00,true,current_year
NL,2026,winter,16,116.10,111.09,0.0000,59.00,true,current_year
NL,2026,winter,17,130.82,124.26,0.0000,59.00,true,current_year
NL,2026,winter,18,129.92,126.35,0.0000,59.00,true,current_year
NL,2026,winter,19,121.18,119.72,0.0000,59.00,true,current_year
NL,2026,winter,20,108.38,109.37,0.0000,59.00,true,current_year
NL,2026,winter,21,99.96,98.99,0.0000,59.00,true,current_year
NL,2026,winter,22,97.57,96.62,0.0000,59.00,true,current_year
NL,2026,winter,23,90.23,92.00,0.0000,59.00,true,current_year
PL,2019,autumn,0,43.03,44.48,0.0000,11.00,true,pln_prices_excluded
PL,2019,autumn,1,42.37,42.70,0.0000,11.00,true,pln_prices_excluded
PL,2019,autumn,2,41.50,43.65,0.0000,11.00,true,pln_prices_excluded
PL,2019,autumn,3,40.63,41.92,0.0000,11.00,true,pln_prices_excluded
PL,2019,autumn,4,40.53,41.55,0.0000,11.00,true,pln_prices_excluded
PL,2019,autumn,5,43.36,44.88,0.0000,11.00,true,pln_prices_excluded
PL,2019,autumn,6,50.68,50.74,0.0000,11.00,true,pln_prices_excluded
PL,2019,autumn,7,53.17,54.64,0.0000,11.00,true,pln_prices_excluded
PL,2019,autumn,8,56.56,57.31,0.0000,11.00,true,pln_prices_excluded
PL,2019,autumn,9,56.16,57.55,0.0000,11.00,true,pln_prices_excluded
PL,2019,autumn,10,55.02,57.72,0.0000,11.00,true,pln_prices_excluded
PL,2019,autumn,11,57.22,58.10,0.0000,11.00,true,pln_prices_excluded
PL,2019,autumn,12,56.12,57.61,0.0000,11.00,true,pln_prices_excluded
PL,2019,autumn,13,56.60,57.17,0.0000,11.00,true,pln_prices_excluded
PL,2019,autumn,14,55.27,56.36,0.0000,11.00,true,pln_prices_excluded
PL,2019,autumn,15,56.15,56.34,0.0000,11.00,true,pln_prices_excluded
PL,2019,autumn,16,59.13,57.82,0.0000,11.00,true,pln_prices_excluded
PL,2019,autumn,17,58.12,57.91,0.0000,11.00,true,pln_prices_excluded
PL,2019,autumn,18,55.21,57.22,0.0000,11.00,true,pln_prices_excluded
PL,2019,autumn,19,53.55,54.89,0.0000,11.00,true,pln_prices_excluded
PL,2019,autumn,20,52.06,51.73,0.0000,11.00,true,pln_prices_excluded
PL,2019,autumn,21,46.89,46.62,0.0000,11.00,true,pln_prices_excluded
PL,2019,autumn,22,46.72,46.57,0.0000,11.00,true,pln_prices_excluded
PL,2019,autumn,23,43.86,44.79,0.0000,11.00,true,pln_prices_excluded
PL,2019,winter,0,36.86,39.48,0.0000,31.00,true,pln_prices_excluded
PL,2019,winter,1,34.34,37.33,0.0000,31.00,true,pln_prices_excluded
PL,2019,winter,2,32.92,32.98,0.0000,31.00,true,pln_prices_excluded
PL,2019,winter,3,32.24,32.95,0.0000,31.00,true,pln_prices_excluded
PL,2019,winter,4,33.22,34.66,0.0000,31.00,true,pln_prices_excluded
PL,2019,winter,5,35.66,37.39,0.0000,31.00,true,pln_prices_excluded
PL,2019,winter,6,43.08,46.92,0.0000,31.00,true,pln_prices_excluded
PL,2019,winter,7,45.47,48.22,0.0000,31.00,true,pln_prices_excluded
PL,2019,winter,8,48.34,51.16,0.0000,31.00,true,pln_prices_excluded
PL,2019,winter,9,49.75,51.32,0.0000,31.00,true,pln_prices_excluded
PL,2019,winter,10,49.03,51.14,0.0000,31.00,true,pln_prices_excluded
PL,2019,winter,11,49.32,53.02,0.0000,31.00,true,pln_prices_excluded
PL,2019,winter,12,49.79,53.51,0.0000,31.00,true,pln_prices_excluded
PL,2019,winter,13,49.70,52.49,0.0000,31.00,true,pln_prices_excluded
PL,2019,winter,14,49.43,53.23,0.0000,31.00,true,pln_prices_excluded
PL,2019,winter,15,50.39,53.66,0.0000,31.00,true,pln_prices_excluded
PL,2019,winter,16,53.09,54.48,0.0000,31.00,true,pln_prices_excluded
PL,2019,winter,17,52.09,54.56,0.0000,31.00,true,pln_prices_excluded
PL,2019,winter,18,50.83,53.32,0.0000,31.00,true,pln_prices_excluded
PL,2019,winter,19,50.17,53.64,0.0000,31.00,true,pln_prices_excluded
PL,2019,winter,20,48.34,50.03,0.0000,31.00,true,pln_prices_excluded
PL,2019,winter,21,43.30,44.15,0.0000,31.00,true,pln_prices_excluded
PL,2019,winter,22,43.06,44.21,0.0000,31.00,true,pln_prices_excluded
PL,2019,winter,23,38.98,39.57,0.0000,31.00,true,pln_prices_excluded
PL,2020,autumn,0,44.40,44.28,0.0000,91.00,false,
PL,2020,autumn,1,43.26,44.28,0.0000,91.00,false,
PL,2020,autumn,2,42.41,43.65,0.0000,92.00,false,
PL,2020,autumn,3,42.35,43.77,0.0000,91.00,false,
PL,2020,autumn,4,43.14,43.87,0.0000,91.00,false,
PL,2020,autumn,5,44.47,44.45,0.0000,91.00,false,
PL,2020,autumn,6,51.79,53.38,0.0000,91.00,false,
PL,2020,autumn,7,53.36,51.86,0.0000,91.00,false,
PL,2020,autumn,8,58.30,59.22,0.0000,91.00,false,
PL,2020,autumn,9,58.43,59.01,0.0000,91.00,false,
PL,2020,autumn,10,57.24,58.41,0.0000,91.00,false,
PL,2020,autumn,11,57.70,58.96,0.0000,91.00,false,
PL,2020,autumn,12,57.65,58.66,0.0000,91.00,false,
PL,2020,autumn,13,57.29,58.96,0.0000,91.00,false,
PL,2020,autumn,14,55.92,56.03,0.0000,91.00,false,
PL,2020,autumn,15,56.70,56.92,0.0000,91.00,false,
PL,2020,autumn,16,58.95,58.60,0.0000,91.00,false,
PL,2020,autumn,17,61.20,61.04,0.0000,91.00,false,
PL,2020,autumn,18,61.18,62.11,0.0000,91.00,false,
PL,2020,autumn,19,62.81,62.47,0.0000,91.00,false,
PL,2020,autumn,20,58.53,58.18,0.0000,91.00,false,
PL,2020,autumn,21,50.59,49.79,0.0000,91.00,false,
PL,2020,autumn,22,51.19,51.61,0.0000,91.00,false,
PL,2020,autumn,23,46.77,45.74,0.0000,91.00,false,
PL,2020,spring,0,32.57,33.89,0.0000,92.00,false,
PL,2020,spring,1,31.36,32.66,0.0000,92.00,false,
PL,2020,spring,2,30.58,32.38,0.0000,91.00,false,
PL,2020,spring,3,30.03,31.80,0.0000,92.00,false,
PL,2020,spring,4,30.05,31.88,0.0000,92.00,false,
PL,2020,spring,5,30.24,31.70,0.0000,92.00,false,
PL,2020,spring,6,35.57,36.19,0.0000,92.00,false,
PL,2020,spring,7,37.53,38.61,0.0000,92.00,false,
PL,2020,spring,8,39.66,40.75,0.0000,92.00,false,
PL,2020,spring,9,39.94,40.15,0.0000,92.00,false,
PL,2020,spring,10,38.86,38.65,0.0000,92.00,false,
PL,2020,spring,11,39.18,39.37,0.0000,92.00,false,
PL,2020,spring,12,39.22,39.66,0.0000,92.00,false,
PL,2020,spring,13,39.03,38.96,0.0000,92.00,false,
PL,2020,spring,14,37.27,36.77,0.0000,92.00,false,
PL,2020,spring,15,36.21,36.16,0.0000,92.00,false,
PL,2020,spring,16,36.02,36.42,0.0000,92.00,false,
PL,2020,spring,17,36.60,36.57,0.0000,92.00,false,
PL,2020,spring,18,39.21,37.58,0.0000,92.00,false,
PL,2020,spring,19,41.01,39.23,0.0000,92.00,false,
PL,2020,spring,20,41.01,41.23,0.0000,92.00,false,
PL,2020,spring,21,37.88,37.33,0.0000,92.00,false,
PL,2020,spring,22,37.93,37.31,0.0000,92.00,false,
PL,2020,spring,23,33.78,33.31,0.0000,92.00,false,
PL,2020,summer,0,44.30,44.41,0.0000,92.00,false,
PL,2020,summer,1,43.92,44.05,0.0000,92.00,false,
PL,2020,summer,2,43.62,43.94,0.0000,92.00,false,
PL,2020,summer,3,43.54,43.88,0.0000,92.00,false,
PL,2020,summer,4,43.12,43.83,0.0000,92.00,false,
PL,2020,summer,5,42.99,43.77,0.0000,92.00,false,
PL,2020,summer,6,48.86,49.59,0.0000,92.00,false,
PL,2020,summer,7,49.54,49.72,0.0000,92.00,false,
PL,2020,summer,8,53.47,52.39,0.0000,92.00,false,
PL,2020,summer,9,54.46,53.22,0.0000,92.00,false,
PL,2020,summer,10,54.46,53.02,0.0000,92.00,false,
PL,2020,summer,11,55.99,56.51,0.0000,92.00,false,
PL,2020,summer,12,56.49,57.49,0.0000,92.00,false,
PL,2020,summer,13,55.27,54.23,0.0000,92.00,false,
PL,2020,summer,14,53.11,51.68,0.0000,92.00,false,
PL,2020,summer,15,51.87,51.12,0.0000,92.00,false,
PL,2020,summer,16,50.80,50.63,0.0000,92.00,false,
PL,2020,summer,17,50.22,49.92,0.0000,92.00,false,
PL,2020,summer,18,50.25,50.13,0.0000,92.00,false,
PL,2020,summer,19,51.86,51.00,0.0000,92.00,false,
PL,2020,summer,20,51.76,50.76,0.0000,92.00,false,
PL,2020,summer,21,50.22,49.80,0.0000,92.00,false,
PL,2020,summer,22,51.12,51.80,0.0000,92.00,false,
PL,2020,summer,23,46.17,45.30,0.0000,92.00,false,
PL,2020,winter,0,37.92,37.34,0.0000,91.00,false,
PL,2020,winter,1,35.61,36.08,0.0000,91.00,false,
PL,2020,winter,2,34.03,34.78,0.0000,91.00,false,
PL,2020,winter,3,33.71,34.58,0.0000,91.00,false,
PL,2020,winter,4,34.49,34.98,0.0000,91.00,false,
PL,2020,winter,5,37.64,37.12,0.0000,91.00,false,
PL,2020,winter,6,46.88,48.46,0.0000,91.00,false,
PL,2020,winter,7,48.73,47.72,0.0000,91.00,false,
PL,2020,winter,8,51.64,50.35,0.0000,91.00,false,
PL,2020,winter,9,53.53,51.78,0.0000,91.00,false,
PL,2020,winter,10,53.23,52.85,0.0000,91.00,false,
PL,2020,winter,11,53.69,51.79,0.0000,91.00,false,
PL,2020,winter,12,54.25,53.17,0.0000,91.00,false,
PL,2020,winter,13,54.03,53.06,0.0000,91.00,false,
PL,2020,winter,14,53.21,51.10,0.0000,91.00,false,
PL,2020,winter,15,53.18,50.80,0.0000,91.00,false,
PL,2020,winter,16,56.10,53.67,0.0000,91.00,false,
PL,2020,winter,17,57.43,55.13,0.0000,91.00,false,
PL,2020,winter,18,55.61,53.30,0.0000,91.00,false,
PL,2020,winter,19,53.98,52.38,0.0000,91.00,false,
PL,2020,winter,20,50.20,48.78,0.0000,91.00,false,
PL,2020,winter,21,43.89,42.11,0.0000,91.00,false,
PL,2020,winter,22,44.71,46.41,0.0000,91.00,false,
PL,2020,winter,23,39.28,38.17,0.0000,91.00,false,
PL,2021,autumn,0,88.08,91.80,0.0000,91.00,false,
PL,2021,autumn,1,84.69,88.46,0.0000,91.00,false,
PL,2021,autumn,2,82.84,87.64,0.0000,92.00,false,
PL,2021,autumn,3,82.21,87.52,0.0000,91.00,false,
PL,2021,autumn,4,83.92,88.81,0.0000,91.00,false,
PL,2021,autumn,5,88.32,93.16,0.0000,91.00,false,
PL,2021,autumn,6,101.68,101.25,0.0000,91.00,false,
PL,2021,autumn,7,106.52,103.81,0.0000,91.00,false,
PL,2021,autumn,8,118.53,117.37,0.0000,91.00,false,
PL,2021,autumn,9,120.15,118.35,0.0000,91.00,false,
PL,2021,autumn,10,112.67,109.63,0.0000,91.00,false,
PL,2021,autumn,11,112.23,110.99,0.0000,91.00,false,
PL,2021,autumn,12,108.99,106.47,0.0000,91.00,false,
PL,2021,autumn,13,107.57,101.56,0.0000,91.00,false,
PL,2021,autumn,14,106.75,99.93,0.0000,91.00,false,
PL,2021,autumn,15,112.92,103.62,0.0000,91.00,false,
PL,2021,autumn,16,123.61,112.90,0.0000,91.00,false,
PL,2021,autumn,17,131.38,125.38,0.0000,91.00,false,
PL,2021,autumn,18,139.20,134.51,0.0000,91.00,false,
PL,2021,autumn,19,147.54,145.19,0.0000,91.00,false,
PL,2021,autumn,20,131.68,132.28,0.0000,91.00,false,
PL,2021,autumn,21,102.07,100.07,0.0000,91.00,false,
PL,2021,autumn,22,100.14,98.59,0.0000,91.00,false,
PL,2021,autumn,23,90.97,93.35,0.0000,91.00,false,
PL,2021,spring,0,56.63,57.27,0.0000,92.00,false,
PL,2021,spring,1,54.41,55.18,0.0000,92.00,false,
PL,2021,spring,2,53.90,55.01,0.0000,91.00,false,
PL,2021,spring,3,53.36,54.71,0.0000,92.00,false,
PL,2021,spring,4,53.38,54.36,0.0000,92.00,false,
PL,2021,spring,5,54.94,56.11,0.0000,92.00,false,
PL,2021,spring,6,62.57,65.90,0.0000,92.00,false,
PL,2021,spring,7,66.18,67.71,0.0000,92.00,false,
PL,2021,spring,8,68.48,70.68,0.0000,92.00,false,
PL,2021,spring,9,65.57,67.54,0.0000,92.00,false,
PL,2021,spring,10,62.84,63.82,0.0000,92.00,false,
PL,2021,spring,11,62.51,62.49,0.0000,92.00,false,
PL,2021,spring,12,61.41,61.29,0.0000,92.00,false,
PL,2021,spring,13,60.56,60.13,0.0000,92.00,false,
PL,2021,spring,14,58.52,57.57,0.0000,92.00,false,
PL,2021,spring,15,58.85,58.10,0.0000,92.00,false,
PL,2021,spring,16,60.08,59.89,0.0000,92.00,false,
PL,2021,spring,17,62.32,61.43,0.0000,92.00,false,
PL,2021,spring,18,67.24,67.89,0.0000,92.00,false,
PL,2021,spring,19,71.71,72.55,0.0000,92.00,false,
PL,2021,spring,20,71.83,72.22,0.0000,92.00,false,
PL,2021,spring,21,67.01,66.97,0.0000,92.00,false,
PL,2021,spring,22,64.48,63.70,0.0000,92.00,false,
PL,2021,spring,23,58.59,58.11,0.0000,92.00,false,
PL,2021,summer,0,75.91,78.01,0.0000,92.00,false,
PL,2021,summer,1,72.24,73.47,0.0000,92.00,false,
PL,2021,summer,2,70.25,70.97,0.0000,92.00,false,
PL,2021,summer,3,69.20,70.06,0.0000,92.00,false,
PL,2021,summer,4,68.96,69.40,0.0000,92.00,false,
PL,2021,summer,5,71.10,71.28,0.0000,92.00,false,
PL,2021,summer,6,78.26,81.33,0.0000,92.00,false,
PL,2021,summer,7,81.42,85.07,0.0000,92.00,false,
PL,2021,summer,8,84.60,87.32,0.0000,92.00,false,
PL,2021,summer,9,84.14,87.29,0.0000,92.00,false,
PL,2021,summer,10,81.87,83.87,0.0000,92.00,false,
PL,2021,summer,11,82.00,84.31,0.0000,92.00,false,
PL,2021,summer,12,81.50,84.16,0.0000,92.00,false,
PL,2021,summer,13,79.49,81.81,0.0000,92.00,false,
PL,2021,summer,14,77.74,81.36,0.0000,92.00,false,
PL,2021,summer,15,77.91,81.14,0.0000,92.00,false,
PL,2021,summer,16,79.34,82.92,0.0000,92.00,false,
PL,2021,summer,17,82.80,85.79,0.0000,92.00,false,
PL,2021,summer,18,87.66,89.59,0.0000,92.00,false,
PL,2021,summer,19,92.26,93.23,0.0000,92.00,false,
PL,2021,summer,20,93.35,94.19,0.0000,92.00,false,
PL,2021,summer,21,89.71,90.43,0.0000,92.00,false,
PL,2021,summer,22,86.19,87.26,0.0000,92.00,false,
PL,2021,summer,23,80.35,82.82,0.0000,92.00,false,
PL,2021,winter,0,74.35,49.50,0.0000,90.00,false,
PL,2021,winter,1,71.19,49.41,0.0000,90.00,false,
PL,2021,winter,2,69.16,49.13,0.0000,90.00,false,
PL,2021,winter,3,68.11,48.55,0.0000,90.00,false,
PL,2021,winter,4,69.87,48.65,0.0000,90.00,false,
PL,2021,winter,5,75.75,50.54,0.0000,90.00,false,
PL,2021,winter,6,88.76,63.03,0.0000,90.00,false,
PL,2021,winter,7,91.37,65.71,0.0000,90.00,false,
PL,2021,winter,8,110.36,70.40,0.0000,90.00,false,
PL,2021,winter,9,117.42,71.37,0.0000,90.00,false,
PL,2021,winter,10,116.63,70.82,0.0000,90.00,false,
PL,2021,winter,11,119.04,70.33,0.0000,90.00,false,
PL,2021,winter,12,117.36,69.68,0.0000,90.00,false,
PL,2021,winter,13,118.85,69.62,0.0000,90.00,false,
PL,2021,winter,14,116.55,67.65,0.0000,90.00,false,
PL,2021,winter,15,118.55,66.89,0.0000,90.00,false,
PL,2021,winter,16,125.19,68.13,0.0000,90.00,false,
PL,2021,winter,17,126.34,73.22,0.0000,90.00,false,
PL,2021,winter,18,121.15,71.86,0.0000,90.00,false,
PL,2021,winter,19,114.09,67.96,0.0000,90.00,false,
PL,2021,winter,20,100.23,63.82,0.0000,90.00,false,
PL,2021,winter,21,83.75,59.11,0.0000,90.00,false,
PL,2021,winter,22,86.15,57.85,0.0000,90.00,false,
PL,2021,winter,23,75.92,50.89,0.0000,90.00,false,
PL,2022,autumn,0,139.69,132.49,0.0000,91.00,false,
PL,2022,autumn,1,133.67,134.21,0.0000,91.00,false,
PL,2022,autumn,2,131.01,128.46,0.0000,92.00,false,
PL,2022,autumn,3,130.62,126.80,0.0000,91.00,false,
PL,2022,autumn,4,133.27,133.09,0.0000,91.00,false,
PL,2022,autumn,5,141.27,142.07,0.0000,91.00,false,
PL,2022,autumn,6,166.92,162.95,0.0000,91.00,false,
PL,2022,autumn,7,175.46,167.92,0.0000,91.00,false,
PL,2022,autumn,8,178.01,172.37,0.0000,91.00,false,
PL,2022,autumn,9,165.58,162.12,0.0000,91.00,false,
PL,2022,autumn,10,150.14,144.03,0.0000,91.00,false,
PL,2022,autumn,11,146.66,143.41,0.0000,91.00,false,
PL,2022,autumn,12,144.20,139.11,0.0000,91.00,false,
PL,2022,autumn,13,144.81,137.89,0.0000,91.00,false,
PL,2022,autumn,14,148.29,143.89,0.0000,91.00,false,
PL,2022,autumn,15,158.33,154.26,0.0000,91.00,false,
PL,2022,autumn,16,173.98,167.69,0.0000,91.00,false,
PL,2022,autumn,17,186.79,178.83,0.0000,91.00,false,
PL,2022,autumn,18,202.30,191.18,0.0000,91.00,false,
PL,2022,autumn,19,215.98,199.51,0.0000,91.00,false,
PL,2022,autumn,20,204.79,196.70,0.0000,91.00,false,
PL,2022,autumn,21,170.48,170.19,0.0000,91.00,false,
PL,2022,autumn,22,160.90,159.16,0.0000,91.00,false,
PL,2022,autumn,23,136.44,134.06,0.0000,91.00,false,
PL,2022,spring,0,131.61,130.23,0.0000,92.00,false,
PL,2022,spring,1,123.96,123.02,0.0000,92.00,false,
PL,2022,spring,2,121.63,120.72,0.0000,91.00,false,
PL,2022,spring,3,121.65,121.16,0.0000,92.00,false,
PL,2022,spring,4,124.81,120.33,0.0000,92.00,false,
PL,2022,spring,5,129.50,132.60,0.0000,92.00,false,
PL,2022,spring,6,143.71,143.36,0.0000,92.00,false,
PL,2022,spring,7,136.71,135.58,0.0000,92.00,false,
PL,2022,spring,8,138.57,137.55,0.0000,92.00,false,
PL,2022,spring,9,125.87,126.33,0.0000,92.00,false,
PL,2022,spring,10,114.80,116.75,0.0000,92.00,false,
PL,2022,spring,11,110.69,111.38,0.0000,92.00,false,
PL,2022,spring,12,108.66,107.60,0.0000,92.00,false,
PL,2022,spring,13,105.78,103.91,0.0000,92.00,false,
PL,2022,spring,14,106.72,106.94,0.0000,92.00,false,
PL,2022,spring,15,111.59,115.70,0.0000,92.00,false,
PL,2022,spring,16,124.60,125.55,0.0000,92.00,false,
PL,2022,spring,17,146.98,141.18,0.0000,92.00,false,
PL,2022,spring,18,173.81,170.36,0.0000,92.00,false,
PL,2022,spring,19,195.84,195.80,0.0000,92.00,false,
PL,2022,spring,20,197.63,195.67,0.0000,92.00,false,
PL,2022,spring,21,161.61,155.21,0.0000,92.00,false,
PL,2022,spring,22,156.53,156.03,0.0000,92.00,false,
PL,2022,spring,23,138.53,138.12,0.0000,92.00,false,
PL,2022,summer,0,218.98,215.92,0.0000,92.00,false,
PL,2022,summer,1,196.84,191.33,0.0000,92.00,false,
PL,2022,summer,2,188.29,184.42,0.0000,92.00,false,
PL,2022,summer,3,185.60,180.22,0.0000,92.00,false,
PL,2022,summer,4,183.07,176.16,0.0000,92.00,false,
PL,2022,summer,5,182.90,175.65,0.0000,92.00,false,
PL,2022,summer,6,224.51,225.27,0.0000,92.00,false,
PL,2022,summer,7,226.30,215.21,0.0000,92.00,false,
PL,2022,summer,8,240.08,217.71,0.0000,92.00,false,
PL,2022,summer,9,205.53,190.30,0.0000,92.00,false,
PL,2022,summer,10,172.70,153.92,0.0000,92.00,false,
PL,2022,summer,11,164.89,147.35,0.0000,92.00,false,
PL,2022,summer,12,160.94,138.32,0.0000,92.00,false,
PL,2022,summer,13,156.83,131.85,0.0000,92.00,false,
PL,2022,summer,14,157.85,133.92,0.0000,92.00,false,
PL,2022,summer,15,171.46,149.12,0.0000,92.00,false,
PL,2022,summer,16,193.84,180.99,0.0000,92.00,false,
PL,2022,summer,17,236.20,227.77,0.0000,92.00,false,
PL,2022,summer,18,299.35,268.17,0.0000,92.00,false,
PL,2022,summer,19,364.61,338.33,0.0000,92.00,false,
PL,2022,summer,20,386.81,342.43,0.0000,92.00,false,
PL,2022,summer,21,347.00,334.59,0.0000,92.00,false,
PL,2022,summer,22,312.28,291.38,0.0000,92.00,false,
PL,2022,summer,23,225.94,226.09,0.0000,92.00,false,
PL,2022,winter,0,120.36,109.83,0.0000,90.00,false,
PL,2022,winter,1,113.32,101.50,0.0000,90.00,false,
PL,2022,winter,2,110.61,99.94,0.0000,90.00,false,
PL,2022,winter,3,109.21,99.86,0.0000,90.00,false,
PL,2022,winter,4,112.49,102.25,0.0000,90.00,false,
PL,2022,winter,5,120.47,113.82,0.0000,90.00,false,
PL,2022,winter,6,139.48,131.48,0.0000,90.00,false,
PL,2022,winter,7,142.12,127.63,0.0000,90.00,false,
PL,2022,winter,8,158.66,142.10,0.0000,90.00,false,
PL,2022,winter,9,166.12,149.72,0.0000,90.00,false,
PL,2022,winter,10,162.08,147.80,0.0000,90.00,false,
PL,2022,winter,11,162.71,145.09,0.0000,90.00,false,
PL,2022,winter,12,161.78,142.37,0.0000,90.00,false,
PL,2022,winter,13,162.04,146.43,0.0000,90.00,false,
PL,2022,winter,14,161.62,146.45,0.0000,90.00,false,
PL,2022,winter,15,163.98,145.49,0.0000,90.00,false,
PL,2022,winter,16,170.12,151.10,0.0000,90.00,false,
PL,2022,winter,17,175.51,152.28,0.0000,90.00,false,
PL,2022,winter,18,170.87,149.07,0.0000,90.00,false,
PL,2022,winter,19,164.51,139.75,0.0000,90.00,false,
PL,2022,winter,20,153.39,134.26,0.0000,90.00,false,
PL,2022,winter,21,134.79,120.52,0.0000,90.00,false,
PL,2022,winter,22,139.19,130.89,0.0000,90.00,false,
PL,2022,winter,23,122.68,112.12,0.0000,90.00,false,
PL,2023,autumn,0,83.93,91.84,0.0220,91.00,false,
PL,2023,autumn,1,80.37,91.17,0.0220,91.00,false,
PL,2023,autumn,2,78.07,88.90,0.0217,92.00,false,
PL,2023,autumn,3,78.57,88.82,0.0220,91.00,false,
PL,2023,autumn,4,79.41,89.04,0.0220,91.00,false,
PL,2023,autumn,5,84.70,93.26,0.0110,91.00,false,
PL,2023,autumn,6,105.73,107.13,0.0220,91.00,false,
PL,2023,autumn,7,116.20,110.50,0.0110,91.00,false,
PL,2023,autumn,8,115.37,116.84,0.0110,91.00,false,
PL,2023,autumn,9,104.90,104.39,0.0110,91.00,false,
PL,2023,autumn,10,94.11,94.59,0.0110,91.00,false,
PL,2023,autumn,11,88.85,91.78,0.0110,91.00,false,
PL,2023,autumn,12,86.41,90.16,0.0220,91.00,false,
PL,2023,autumn,13,85.87,89.69,0.0220,91.00,false,
PL,2023,autumn,14,91.84,95.25,0.0110,91.00,false,
PL,2023,autumn,15,103.04,101.80,0.0110,91.00,false,
PL,2023,autumn,16,115.05,108.55,0.0110,91.00,false,
PL,2023,autumn,17,127.82,128.88,0.0000,91.00,false,
PL,2023,autumn,18,137.34,136.40,0.0000,91.00,false,
PL,2023,autumn,19,142.44,139.93,0.0000,91.00,false,
PL,2023,autumn,20,131.22,131.47,0.0000,91.00,false,
PL,2023,autumn,21,109.54,113.40,0.0000,91.00,false,
PL,2023,autumn,22,98.97,103.97,0.0000,91.00,false,
PL,2023,autumn,23,88.02,95.43,0.0000,91.00,false,
PL,2023,spring,0,112.94,112.07,0.0000,92.00,false,
PL,2023,spring,1,109.06,110.38,0.0000,92.00,false,
PL,2023,spring,2,109.06,110.34,0.0000,91.00,false,
PL,2023,spring,3,108.09,109.12,0.0000,92.00,false,
PL,2023,spring,4,108.46,109.97,0.0000,92.00,false,
PL,2023,spring,5,111.15,111.29,0.0000,92.00,false,
PL,2023,spring,6,121.50,122.41,0.0000,92.00,false,
PL,2023,spring,7,127.81,126.59,0.0000,92.00,false,
PL,2023,spring,8,125.19,125.42,0.0000,92.00,false,
PL,2023,spring,9,114.65,116.94,0.0000,92.00,false,
PL,2023,spring,10,104.65,109.01,0.0000,92.00,false,
PL,2023,spring,11,100.46,108.69,0.0000,92.00,false,
PL,2023,spring,12,98.11,105.64,0.0000,92.00,false,
PL,2023,spring,13,98.39,106.77,0.0000,92.00,false,
PL,2023,spring,14,99.42,107.43,0.0000,92.00,false,
PL,2023,spring,15,104.55,111.51,0.0000,92.00,false,
PL,2023,spring,16,113.52,114.21,0.0000,92.00,false,
PL,2023,spring,17,126.00,125.12,0.0000,92.00,false,
PL,2023,spring,18,135.01,131.56,0.0000,92.00,false,
PL,2023,spring,19,143.59,140.81,0.0000,92.00,false,
PL,2023,spring,20,144.54,144.44,0.0000,92.00,false,
PL,2023,spring,21,131.70,132.43,0.0000,92.00,false,
PL,2023,spring,22,122.75,123.32,0.0000,92.00,false,
PL,2023,spring,23,113.71,113.15,0.0000,92.00,false,
PL,2023,summer,0,105.98,107.12,0.0000,92.00,false,
PL,2023,summer,1,101.05,103.21,0.0000,92.00,false,
PL,2023,summer,2,100.23,101.87,0.0000,92.00,false,
PL,2023,summer,3,100.51,102.35,0.0000,92.00,false,
PL,2023,summer,4,99.32,101.27,0.0000,92.00,false,
PL,2023,summer,5,99.32,101.38,0.0000,92.00,false,
PL,2023,summer,6,114.96,115.99,0.0000,92.00,false,
PL,2023,summer,7,121.07,126.23,0.0000,92.00,false,
PL,2023,summer,8,119.84,123.71,0.0000,92.00,false,
PL,2023,summer,9,109.52,113.39,0.0000,92.00,false,
PL,2023,summer,10,96.56,105.67,0.0000,92.00,false,
PL,2023,summer,11,94.32,104.03,0.0109,92.00,false,
PL,2023,summer,12,94.00,104.58,0.0109,92.00,false,
PL,2023,summer,13,94.52,104.27,0.0109,92.00,false,
PL,2023,summer,14,95.06,106.52,0.0109,92.00,false,
PL,2023,summer,15,103.34,107.74,0.0109,92.00,false,
PL,2023,summer,16,113.24,112.14,0.0000,92.00,false,
PL,2023,summer,17,128.59,131.57,0.0000,92.00,false,
PL,2023,summer,18,140.85,144.89,0.0000,92.00,false,
PL,2023,summer,19,149.19,154.93,0.0000,92.00,false,
PL,2023,summer,20,153.56,159.14,0.0000,92.00,false,
PL,2023,summer,21,144.51,145.49,0.0000,92.00,false,
PL,2023,summer,22,132.47,130.45,0.0000,92.00,false,
PL,2023,summer,23,115.19,113.98,0.0000,92.00,false,
PL,2023,winter,0,94.73,97.13,0.0111,90.00,false,
PL,2023,winter,1,91.61,96.92,0.0111,90.00,false,
PL,2023,winter,2,90.48,95.45,0.0111,90.00,false,
PL,2023,winter,3,90.46,93.78,0.0111,90.00,false,
PL,2023,winter,4,90.77,92.38,0.0111,90.00,false,
PL,2023,winter,5,95.79,97.77,0.0111,90.00,false,
PL,2023,winter,6,110.63,115.23,0.0111,90.00,false,
PL,2023,winter,7,121.62,124.94,0.0111,90.00,false,
PL,2023,winter,8,128.29,131.84,0.0111,90.00,false,
PL,2023,winter,9,127.78,136.45,0.0111,90.00,false,
PL,2023,winter,10,122.91,127.94,0.0111,90.00,false,
PL,2023,winter,11,122.28,128.15,0.0111,90.00,false,
PL,2023,winter,12,120.33,126.21,0.0111,90.00,false,
PL,2023,winter,13,121.92,132.10,0.0111,90.00,false,
PL,2023,winter,14,124.15,131.29,0.0000,90.00,false,
PL,2023,winter,15,128.53,132.45,0.0000,90.00,false,
PL,2023,winter,16,134.22,142.20,0.0000,90.00,false,
PL,2023,winter,17,137.34,142.07,0.0000,90.00,false,
PL,2023,winter,18,136.32,141.53,0.0000,90.00,false,
PL,2023,winter,19,135.02,141.47,0.0000,90.00,false,
PL,2023,winter,20,126.75,129.27,0.0000,90.00,false,
PL,2023,winter,21,115.54,118.21,0.0000,90.00,false,
PL,2023,winter,22,111.68,111.25,0.0000,90.00,false,
PL,2023,winter,23,99.77,100.05,0.0000,90.00,false,
PL,2024,autumn,0,83.08,93.31,0.0549,91.00,false,
PL,2024,autumn,1,78.53,86.79,0.0440,91.00,false,
PL,2024,autumn,2,76.26,85.67,0.0435,92.00,false,
PL,2024,autumn,3,75.98,85.09,0.0440,91.00,false,
PL,2024,autumn,4,78.05,86.64,0.0220,91.00,false,
PL,2024,autumn,5,86.82,92.21,0.0110,91.00,false,
PL,2024,autumn,6,116.48,117.48,0.0110,91.00,false,
PL,2024,autumn,7,135.80,136.44,0.0110,91.00,false,
PL,2024,autumn,8,124.70,126.32,0.0000,91.00,false,
PL,2024,autumn,9,103.77,104.74,0.0110,91.00,false,
PL,2024,autumn,10,86.61,92.72,0.0220,91.00,false,
PL,2024,autumn,11,77.09,83.27,0.0659,91.00,false,
PL,2024,autumn,12,72.45,80.60,0.0989,91.00,false,
PL,2024,autumn,13,75.31,80.12,0.1319,91.00,false,
PL,2024,autumn,14,82.27,87.94,0.1099,91.00,false,
PL,2024,autumn,15,100.02,96.69,0.0330,91.00,false,
PL,2024,autumn,16,133.99,117.87,0.0000,91.00,false,
PL,2024,autumn,17,163.65,146.35,0.0000,91.00,false,
PL,2024,autumn,18,178.22,156.47,0.0000,91.00,false,
PL,2024,autumn,19,189.23,170.05,0.0000,91.00,false,
PL,2024,autumn,20,139.87,128.32,0.0000,91.00,false,
PL,2024,autumn,21,109.19,109.82,0.0000,91.00,false,
PL,2024,autumn,22,97.59,98.91,0.0000,91.00,false,
PL,2024,autumn,23,85.74,88.35,0.0000,91.00,false,
PL,2024,spring,0,79.92,79.08,0.0000,92.00,false,
PL,2024,spring,1,78.60,77.42,0.0000,92.00,false,
PL,2024,spring,2,78.13,77.46,0.0000,91.00,false,
PL,2024,spring,3,77.74,77.10,0.0000,92.00,false,
PL,2024,spring,4,78.09,77.68,0.0000,92.00,false,
PL,2024,spring,5,79.43,79.75,0.0000,92.00,false,
PL,2024,spring,6,89.71,88.84,0.0000,92.00,false,
PL,2024,spring,7,91.95,93.41,0.0000,92.00,false,
PL,2024,spring,8,85.89,87.06,0.0109,92.00,false,
PL,2024,spring,9,72.38,77.29,0.0326,92.00,false,
PL,2024,spring,10,61.02,71.34,0.0543,92.00,false,
PL,2024,spring,11,56.70,70.89,0.0761,92.00,false,
PL,2024,spring,12,54.29,70.22,0.1087,92.00,false,
PL,2024,spring,13,54.88,69.96,0.1087,92.00,false,
PL,2024,spring,14,59.04,71.25,0.0870,92.00,false,
PL,2024,spring,15,66.74,75.82,0.0435,92.00,false,
PL,2024,spring,16,79.12,82.60,0.0217,92.00,false,
PL,2024,spring,17,90.39,90.63,0.0000,92.00,false,
PL,2024,spring,18,102.28,99.39,0.0000,92.00,false,
PL,2024,spring,19,113.26,115.63,0.0000,92.00,false,
PL,2024,spring,20,112.82,111.94,0.0000,92.00,false,
PL,2024,spring,21,101.04,98.93,0.0000,92.00,false,
PL,2024,spring,22,89.16,86.16,0.0000,92.00,false,
PL,2024,spring,23,81.79,79.99,0.0000,92.00,false,
PL,2024,summer,0,111.13,108.96,0.0000,92.00,false,
PL,2024,summer,1,97.64,96.41,0.0000,92.00,false,
PL,2024,summer,2,93.13,92.24,0.0000,92.00,false,
PL,2024,summer,3,92.70,91.40,0.0000,92.00,false,
PL,2024,summer,4,92.28,91.72,0.0000,92.00,false,
PL,2024,summer,5,95.64,97.74,0.0000,92.00,false,
PL,2024,summer,6,114.35,119.78,0.0109,92.00,false,
PL,2024,summer,7,116.57,121.19,0.0109,92.00,false,
PL,2024,summer,8,104.24,110.66,0.0109,92.00,false,
PL,2024,summer,9,80.56,85.23,0.0543,92.00,false,
PL,2024,summer,10,62.54,72.19,0.1196,92.00,false,
PL,2024,summer,11,55.86,66.12,0.1304,92.00,false,
PL,2024,summer,12,51.91,64.02,0.1630,92.00,false,
PL,2024,summer,13,51.05,66.93,0.1848,92.00,false,
PL,2024,summer,14,54.31,67.57,0.1522,92.00,false,
PL,2024,summer,15,66.89,77.05,0.1087,92.00,false,
PL,2024,summer,16,84.76,87.98,0.0435,92.00,false,
PL,2024,summer,17,108.86,110.19,0.0217,92.00,false,
PL,2024,summer,18,148.05,141.13,0.0000,92.00,false,
PL,2024,summer,19,193.85,165.02,0.0000,92.00,false,
PL,2024,summer,20,221.19,202.63,0.0000,92.00,false,
PL,2024,summer,21,176.44,152.51,0.0000,92.00,false,
PL,2024,summer,22,134.45,125.54,0.0000,92.00,false,
PL,2024,summer,23,108.67,107.10,0.0000,92.00,false,
PL,2024,winter,0,70.99,73.16,0.0220,91.00,false,
PL,2024,winter,1,68.50,70.75,0.0110,91.00,false,
PL,2024,winter,2,67.14,70.09,0.0220,91.00,false,
PL,2024,winter,3,66.48,71.62,0.0220,91.00,false,
PL,2024,winter,4,68.07,72.64,0.0110,91.00,false,
PL,2024,winter,5,74.09,75.74,0.0000,91.00,false,
PL,2024,winter,6,91.91,89.59,0.0000,91.00,false,
PL,2024,winter,7,105.18,94.89,0.0000,91.00,false,
PL,2024,winter,8,111.96,99.23,0.0000,91.00,false,
PL,2024,winter,9,107.72,93.59,0.0000,91.00,false,
PL,2024,winter,10,98.61,91.69,0.0000,91.00,false,
PL,2024,winter,11,97.41,87.38,0.0000,91.00,false,
PL,2024,winter,12,98.21,86.90,0.0000,91.00,false,
PL,2024,winter,13,101.37,91.83,0.0000,91.00,false,
PL,2024,winter,14,105.79,95.00,0.0000,91.00,false,
PL,2024,winter,15,110.40,99.19,0.0000,91.00,false,
PL,2024,winter,16,115.90,105.12,0.0000,91.00,false,
PL,2024,winter,17,115.04,107.98,0.0000,91.00,false,
PL,2024,winter,18,110.57,106.98,0.0000,91.00,false,
PL,2024,winter,19,107.14,103.93,0.0000,91.00,false,
PL,2024,winter,20,99.98,97.58,0.0000,91.00,false,
PL,2024,winter,21,89.48,86.29,0.0000,91.00,false,
PL,2024,winter,22,84.36,80.09,0.0000,91.00,false,
PL,2024,winter,23,74.21,75.38,0.0000,91.00,false,
PL,2025,autumn,0,92.35,96.11,0.0000,91.00,false,
PL,2025,autumn,1,89.31,94.86,0.0055,91.00,false,
PL,2025,autumn,2,86.69,93.56,0.0109,92.00,false,
PL,2025,autumn,3,86.99,93.73,0.0137,91.00,false,
PL,2025,autumn,4,88.97,97.20,0.0137,91.00,false,
PL,2025,autumn,5,94.58,101.77,0.0055,91.00,false,
PL,2025,autumn,6,117.05,116.91,0.0055,91.00,false,
PL,2025,autumn,7,138.26,123.50,0.0000,91.00,false,
PL,2025,autumn,8,129.66,120.34,0.0027,91.00,false,
PL,2025,autumn,9,109.69,105.14,0.0082,91.00,false,
PL,2025,autumn,10,92.75,93.68,0.0110,91.00,false,
PL,2025,autumn,11,84.36,89.60,0.0330,91.00,false,
PL,2025,autumn,12,82.48,89.56,0.0330,91.00,false,
PL,2025,autumn,13,86.07,91.16,0.0330,91.00,false,
PL,2025,autumn,14,100.07,102.53,0.0220,91.00,false,
PL,2025,autumn,15,115.61,105.74,0.0165,91.00,false,
PL,2025,autumn,16,136.79,117.34,0.0000,91.00,false,
PL,2025,autumn,17,150.05,139.87,0.0000,91.00,false,
PL,2025,autumn,18,161.45,143.33,0.0000,91.00,false,
PL,2025,autumn,19,190.75,155.67,0.0000,91.00,false,
PL,2025,autumn,20,144.44,133.43,0.0000,91.00,false,
PL,2025,autumn,21,112.77,111.11,0.0000,91.00,false,
PL,2025,autumn,22,104.52,105.71,0.0000,91.00,false,
PL,2025,autumn,23,94.69,99.38,0.0027,91.00,false,
PL,2025,spring,0,101.14,102.23,0.0000,92.00,false,
PL,2025,spring,1,95.62,98.81,0.0000,92.00,false,
PL,2025,spring,2,93.30,97.22,0.0000,91.00,false,
PL,2025,spring,3,93.31,96.47,0.0000,92.00,false,
PL,2025,spring,4,95.73,98.14,0.0000,92.00,false,
PL,2025,spring,5,101.17,101.16,0.0000,92.00,false,
PL,2025,spring,6,118.67,122.57,0.0000,92.00,false,
PL,2025,spring,7,123.90,126.58,0.0000,92.00,false,
PL,2025,spring,8,104.62,108.88,0.0217,92.00,false,
PL,2025,spring,9,76.05,87.85,0.0652,92.00,false,
PL,2025,spring,10,49.80,55.73,0.1739,92.00,false,
PL,2025,spring,11,34.24,12.55,0.3043,92.00,false,
PL,2025,spring,12,27.84,5.53,0.3913,92.00,false,
PL,2025,spring,13,25.78,3.48,0.3913,92.00,false,
PL,2025,spring,14,33.94,22.58,0.2935,92.00,false,
PL,2025,spring,15,55.97,72.86,0.2283,92.00,false,
PL,2025,spring,16,81.02,92.03,0.1196,92.00,false,
PL,2025,spring,17,113.12,111.04,0.0000,92.00,false,
PL,2025,spring,18,140.10,135.23,0.0000,92.00,false,
PL,2025,spring,19,153.32,150.27,0.0000,92.00,false,
PL,2025,spring,20,170.09,154.31,0.0000,92.00,false,
PL,2025,spring,21,130.75,130.51,0.0000,92.00,false,
PL,2025,spring,22,114.30,115.44,0.0000,92.00,false,
PL,2025,spring,23,102.61,105.14,0.0000,92.00,false,
PL,2025,summer,0,102.36,103.26,0.0000,92.00,false,
PL,2025,summer,1,96.58,98.49,0.0000,92.00,false,
PL,2025,summer,2,92.97,93.71,0.0109,92.00,false,
PL,2025,summer,3,91.91,93.98,0.0000,92.00,false,
PL,2025,summer,4,91.46,93.35,0.0000,92.00,false,
PL,2025,summer,5,95.76,96.93,0.0000,92.00,false,
PL,2025,summer,6,105.73,108.13,0.0000,92.00,false,
PL,2025,summer,7,105.79,108.56,0.0000,92.00,false,
PL,2025,summer,8,92.57,101.54,0.0109,92.00,false,
PL,2025,summer,9,71.14,87.39,0.0870,92.00,false,
PL,2025,summer,10,50.20,63.00,0.1630,92.00,false,
PL,2025,summer,11,39.64,39.96,0.1848,92.00,false,
PL,2025,summer,12,31.59,22.32,0.2717,92.00,false,
PL,2025,summer,13,29.52,18.09,0.2826,92.00,false,
PL,2025,summer,14,34.07,27.34,0.2500,92.00,false,
PL,2025,summer,15,48.57,60.91,0.1304,92.00,false,
PL,2025,summer,16,67.54,82.43,0.1087,92.00,false,
PL,2025,summer,17,93.56,96.56,0.0109,92.00,false,
PL,2025,summer,18,124.15,117.49,0.0000,92.00,false,
PL,2025,summer,19,157.05,146.42,0.0000,92.00,false,
PL,2025,summer,20,190.90,181.13,0.0000,92.00,false,
PL,2025,summer,21,152.24,143.26,0.0000,92.00,false,
PL,2025,summer,22,120.34,118.24,0.0000,92.00,false,
PL,2025,summer,23,105.05,104.11,0.0000,92.00,false,
PL,2025,winter,0,101.89,106.35,0.0111,90.00,false,
PL,2025,winter,1,98.13,103.99,0.0111,90.00,false,
PL,2025,winter,2,95.55,101.79,0.0111,90.00,false,
PL,2025,winter,3,94.60,101.10,0.0111,90.00,false,
PL,2025,winter,4,96.42,103.62,0.0111,90.00,false,
PL,2025,winter,5,101.22,105.97,0.0000,90.00,false,
PL,2025,winter,6,119.67,120.34,0.0000,90.00,false,
PL,2025,winter,7,141.56,135.99,0.0000,90.00,false,
PL,2025,winter,8,147.12,141.51,0.0111,90.00,false,
PL,2025,winter,9,131.68,126.14,0.0111,90.00,false,
PL,2025,winter,10,116.61,117.38,0.0111,90.00,false,
PL,2025,winter,11,110.92,111.01,0.0111,90.00,false,
PL,2025,winter,12,108.87,109.81,0.0111,90.00,false,
PL,2025,winter,13,115.55,112.34,0.0111,90.00,false,
PL,2025,winter,14,122.33,116.99,0.0000,90.00,false,
PL,2025,winter,15,135.60,128.86,0.0000,90.00,false,
PL,2025,winter,16,152.30,145.01,0.0000,90.00,false,
PL,2025,winter,17,154.30,147.94,0.0000,90.00,false,
PL,2025,winter,18,150.48,144.68,0.0000,90.00,false,
PL,2025,winter,19,144.51,139.51,0.0000,90.00,false,
PL,2025,winter,20,131.08,125.62,0.0000,90.00,false,
PL,2025,winter,21,116.42,113.62,0.0000,90.00,false,
PL,2025,winter,22,113.62,113.91,0.0000,90.00,false,
PL,2025,winter,23,105.04,106.65,0.0000,90.00,false,
PL,2026,autumn,0,154.20,158.97,0.0000,33.00,true,current_year
PL,2026,autumn,1,148.09,157.00,0.0000,33.00,true,current_year
PL,2026,autumn,2,143.56,149.04,0.0000,33.00,true,current_year
PL,2026,autumn,3,142.42,150.61,0.0000,33.00,true,current_year
PL,2026,autumn,4,144.11,153.50,0.0000,33.00,true,current_year
PL,2026,autumn,5,150.11,157.35,0.0000,33.00,true,current_year
PL,2026,autumn,6,183.48,182.78,0.0000,33.00,true,current_year
PL,2026,autumn,7,202.80,197.00,0.0000,33.00,true,current_year
PL,2026,autumn,8,158.54,160.12,0.0000,33.00,true,current_year
PL,2026,autumn,9,116.72,116.70,0.0000,33.00,true,current_year
PL,2026,autumn,10,94.26,102.92,0.0682,33.00,true,current_year
PL,2026,autumn,11,76.31,84.35,0.1439,33.00,true,current_year
PL,2026,autumn,12,58.49,53.46,0.2121,33.00,true,current_year
PL,2026,autumn,13,60.76,51.66,0.1515,33.00,true,current_year
PL,2026,autumn,14,74.88,81.68,0.0909,33.00,true,current_year
PL,2026,autumn,15,99.97,110.33,0.0530,33.00,true,current_year
PL,2026,autumn,16,131.42,146.11,0.0076,33.00,true,current_year
PL,2026,autumn,17,187.69,195.00,0.0000,33.00,true,current_year
PL,2026,autumn,18,231.43,229.69,0.0000,33.00,true,current_year
PL,2026,autumn,19,281.14,252.42,0.0000,33.00,true,current_year
PL,2026,autumn,20,248.78,241.69,0.0000,33.00,true,current_year
PL,2026,autumn,21,194.16,205.91,0.0000,33.00,true,current_year
PL,2026,autumn,22,172.77,179.81,0.0000,33.00,true,current_year
PL,2026,autumn,23,155.90,155.70,0.0000,33.00,true,current_year
PL,2026,spring,0,114.86,117.00,0.0054,92.00,true,current_year
PL,2026,spring,1,109.00,111.21,0.0000,92.00,true,current_year
PL,2026,spring,2,106.68,109.80,0.0027,91.00,true,current_year
PL,2026,spring,3,106.72,108.49,0.0000,92.00,true,current_year
PL,2026,spring,4,108.95,110.49,0.0000,92.00,true,current_year
PL,2026,spring,5,114.53,117.96,0.0054,92.00,true,current_year
PL,2026,spring,6,128.59,133.60,0.0109,92.00,true,current_year
PL,2026,spring,7,127.90,133.36,0.0190,92.00,true,current_year
PL,2026,spring,8,100.61,113.22,0.0408,92.00,true,current_year
PL,2026,spring,9,68.35,81.97,0.1277,92.00,true,current_year
PL,2026,spring,10,41.82,41.54,0.2690,92.00,true,current_year
PL,2026,spring,11,27.25,9.16,0.3560,92.00,true,current_year
PL,2026,spring,12,15.98,6.61,0.4185,92.00,true,current_year
PL,2026,spring,13,12.73,9.79,0.3750,92.00,true,current_year
PL,2026,spring,14,23.07,27.44,0.3152,92.00,true,current_year
PL,2026,spring,15,47.92,71.64,0.2201,92.00,true,current_year
PL,2026,spring,16,79.16,96.52,0.1223,92.00,true,current_year
PL,2026,spring,17,114.05,115.19,0.0435,92.00,true,current_year
PL,2026,spring,18,145.73,138.08,0.0109,92.00,true,current_year
PL,2026,spring,19,164.51,162.51,0.0000,92.00,true,current_year
PL,2026,spring,20,167.95,161.33,0.0000,92.00,true,current_year
PL,2026,spring,21,144.21,138.77,0.0000,92.00,true,current_year
PL,2026,spring,22,130.38,129.95,0.0000,92.00,true,current_year
PL,2026,spring,23,118.82,119.66,0.0000,92.00,true,current_year
PL,2026,summer,0,141.12,141.48,0.0000,92.00,true,current_year
PL,2026,summer,1,133.98,134.34,0.0000,92.00,true,current_year
PL,2026,summer,2,128.21,128.01,0.0000,92.00,true,current_year
PL,2026,summer,3,125.91,125.97,0.0000,92.00,true,current_year
PL,2026,summer,4,126.00,127.66,0.0000,92.00,true,current_year
PL,2026,summer,5,129.28,132.93,0.0000,92.00,true,current_year
PL,2026,summer,6,140.67,140.45,0.0000,92.00,true,current_year
PL,2026,summer,7,137.16,137.67,0.0109,92.00,true,current_year
PL,2026,summer,8,116.38,121.92,0.0190,92.00,true,current_year
PL,2026,summer,9,89.81,105.79,0.0652,92.00,true,current_year
PL,2026,summer,10,66.97,82.52,0.1413,92.00,true,current_year
PL,2026,summer,11,52.29,62.43,0.1984,92.00,true,current_year
PL,2026,summer,12,43.04,40.86,0.2228,92.00,true,current_year
PL,2026,summer,13,41.03,30.81,0.2364,92.00,true,current_year
PL,2026,summer,14,46.86,39.92,0.2391,92.00,true,current_year
PL,2026,summer,15,61.58,71.37,0.1576,92.00,true,current_year
PL,2026,summer,16,83.62,96.88,0.0652,92.00,true,current_year
PL,2026,summer,17,117.11,115.92,0.0299,92.00,true,current_year
PL,2026,summer,18,157.70,148.39,0.0054,92.00,true,current_year
PL,2026,summer,19,204.49,179.94,0.0000,92.00,true,current_year
PL,2026,summer,20,226.39,197.82,0.0000,92.00,true,current_year
PL,2026,summer,21,203.24,183.47,0.0000,92.00,true,current_year
PL,2026,summer,22,169.44,168.17,0.0000,92.00,true,current_year
PL,2026,summer,23,146.76,147.60,0.0000,92.00,true,current_year
PL,2026,winter,0,102.21,105.89,0.0085,59.00,true,current_year
PL,2026,winter,1,99.03,102.35,0.0085,59.00,true,current_year
PL,2026,winter,2,97.49,100.76,0.0127,59.00,true,current_year
PL,2026,winter,3,96.95,101.03,0.0085,59.00,true,current_year
PL,2026,winter,4,97.15,100.93,0.0000,59.00,true,current_year
PL,2026,winter,5,100.70,105.24,0.0085,59.00,true,current_year
PL,2026,winter,6,119.64,118.97,0.0042,59.00,true,current_year
PL,2026,winter,7,153.49,137.82,0.0127,59.00,true,current_year
PL,2026,winter,8,159.66,141.79,0.0169,59.00,true,current_year
PL,2026,winter,9,149.75,132.22,0.0169,59.00,true,current_year
PL,2026,winter,10,130.00,121.64,0.0297,59.00,true,current_year
PL,2026,winter,11,128.99,115.48,0.0339,59.00,true,current_year
PL,2026,winter,12,125.99,112.19,0.0297,59.00,true,current_year
PL,2026,winter,13,131.16,116.12,0.0169,59.00,true,current_year
PL,2026,winter,14,136.20,124.91,0.0127,59.00,true,current_year
PL,2026,winter,15,155.18,139.11,0.0042,59.00,true,current_year
PL,2026,winter,16,169.44,144.18,0.0000,59.00,true,current_year
PL,2026,winter,17,177.26,154.92,0.0000,59.00,true,current_year
PL,2026,winter,18,164.26,148.27,0.0000,59.00,true,current_year
PL,2026,winter,19,158.44,143.15,0.0000,59.00,true,current_year
PL,2026,winter,20,143.75,131.96,0.0000,59.00,true,current_year
PL,2026,winter,21,117.57,118.41,0.0000,59.00,true,current_year
PL,2026,winter,22,109.18,111.94,0.0085,59.00,true,current_year
PL,2026,winter,23,101.17,105.71,0.0085,59.00,true,current_year
PT,2019,autumn,0,40.16,40.00,0.0000,91.00,false,
PT,2019,autumn,1,37.90,38.69,0.0000,92.00,false,
PT,2019,autumn,2,36.53,36.35,0.0000,91.00,false,
PT,2019,autumn,3,36.10,35.99,0.0000,91.00,false,
PT,2019,autumn,4,37.18,38.07,0.0000,91.00,false,
PT,2019,autumn,5,40.22,40.61,0.0000,91.00,false,
PT,2019,autumn,6,45.03,47.00,0.0000,91.00,false,
PT,2019,autumn,7,46.26,49.36,0.0000,91.00,false,
PT,2019,autumn,8,47.62,50.14,0.0000,91.00,false,
PT,2019,autumn,9,46.71,48.62,0.0000,91.00,false,
PT,2019,autumn,10,45.58,46.90,0.0000,91.00,false,
PT,2019,autumn,11,44.96,46.14,0.0000,91.00,false,
PT,2019,autumn,12,44.53,45.56,0.0000,91.00,false,
PT,2019,autumn,13,42.90,43.21,0.0000,91.00,false,
PT,2019,autumn,14,42.11,41.75,0.0000,91.00,false,
PT,2019,autumn,15,42.65,42.60,0.0000,91.00,false,
PT,2019,autumn,16,44.96,45.16,0.0000,91.00,false,
PT,2019,autumn,17,48.04,48.01,0.0000,91.00,false,
PT,2019,autumn,18,50.74,51.61,0.0000,91.00,false,
PT,2019,autumn,19,51.27,51.83,0.0000,91.00,false,
PT,2019,autumn,20,49.71,50.17,0.0000,91.00,false,
PT,2019,autumn,21,46.06,46.96,0.0000,91.00,false,
PT,2019,autumn,22,42.82,43.80,0.0000,91.00,false,
PT,2019,autumn,23,42.66,43.01,0.0000,91.00,false,
PT,2019,spring,0,47.42,47.79,0.0000,92.00,false,
PT,2019,spring,1,44.98,44.01,0.0000,91.00,false,
PT,2019,spring,2,44.03,43.72,0.0000,92.00,false,
PT,2019,spring,3,43.68,43.53,0.0000,92.00,false,
PT,2019,spring,4,44.94,45.29,0.0000,92.00,false,
PT,2019,spring,5,48.08,49.36,0.0000,92.00,false,
PT,2019,spring,6,50.55,52.77,0.0000,92.00,false,
PT,2019,spring,7,52.38,54.48,0.0000,92.00,false,
PT,2019,spring,8,53.25,54.71,0.0000,92.00,false,
PT,2019,spring,9,52.53,53.74,0.0000,92.00,false,
PT,2019,spring,10,51.97,53.19,0.0000,92.00,false,
PT,2019,spring,11,51.90,53.02,0.0000,92.00,false,
PT,2019,spring,12,50.92,52.58,0.0000,92.00,false,
PT,2019,spring,13,49.22,51.01,0.0000,92.00,false,
PT,2019,spring,14,47.65,49.55,0.0000,92.00,false,
PT,2019,spring,15,46.57,48.15,0.0000,92.00,false,
PT,2019,spring,16,46.84,48.98,0.0000,92.00,false,
PT,2019,spring,17,47.68,50.11,0.0000,92.00,false,
PT,2019,spring,18,50.14,51.71,0.0000,92.00,false,
PT,2019,spring,19,53.28,54.92,0.0000,92.00,false,
PT,2019,spring,20,55.77,56.43,0.0000,92.00,false,
PT,2019,spring,21,53.36,54.90,0.0000,92.00,false,
PT,2019,spring,22,51.31,53.30,0.0000,92.00,false,
PT,2019,spring,23,50.10,52.88,0.0000,92.00,false,
PT,2019,summer,0,47.03,47.93,0.0000,92.00,false,
PT,2019,summer,1,44.75,45.40,0.0000,92.00,false,
PT,2019,summer,2,43.92,44.03,0.0000,92.00,false,
PT,2019,summer,3,43.72,44.04,0.0000,92.00,false,
PT,2019,summer,4,44.58,45.09,0.0000,92.00,false,
PT,2019,summer,5,45.06,45.44,0.0000,92.00,false,
PT,2019,summer,6,46.39,46.55,0.0000,92.00,false,
PT,2019,summer,7,48.77,49.00,0.0000,92.00,false,
PT,2019,summer,8,49.80,50.91,0.0000,92.00,false,
PT,2019,summer,9,49.56,50.14,0.0000,92.00,false,
PT,2019,summer,10,49.66,50.00,0.0000,92.00,false,
PT,2019,summer,11,50.34,50.51,0.0000,92.00,false,
PT,2019,summer,12,50.68,50.49,0.0000,92.00,false,
PT,2019,summer,13,49.35,48.78,0.0000,92.00,false,
PT,2019,summer,14,47.66,46.98,0.0000,92.00,false,
PT,2019,summer,15,46.81,46.34,0.0000,92.00,false,
PT,2019,summer,16,46.78,46.39,0.0000,92.00,false,
PT,2019,summer,17,46.77,46.14,0.0000,92.00,false,
PT,2019,summer,18,47.46,46.97,0.0000,92.00,false,
PT,2019,summer,19,48.96,49.45,0.0000,92.00,false,
PT,2019,summer,20,51.53,51.33,0.0000,92.00,false,
PT,2019,summer,21,51.28,51.15,0.0000,92.00,false,
PT,2019,summer,22,48.56,48.98,0.0000,92.00,false,
PT,2019,summer,23,49.70,50.58,0.0000,92.00,false,
PT,2019,winter,0,45.57,50.70,0.0000,90.00,false,
PT,2019,winter,1,42.55,48.33,0.0000,90.00,false,
PT,2019,winter,2,40.67,46.19,0.0000,90.00,false,
PT,2019,winter,3,39.71,45.76,0.0000,90.00,false,
PT,2019,winter,4,40.47,46.69,0.0000,90.00,false,
PT,2019,winter,5,43.92,50.41,0.0000,90.00,false,
PT,2019,winter,6,49.77,56.41,0.0000,90.00,false,
PT,2019,winter,7,52.04,58.64,0.0000,90.00,false,
PT,2019,winter,8,53.86,59.07,0.0000,90.00,false,
PT,2019,winter,9,54.45,59.30,0.0000,90.00,false,
PT,2019,winter,10,53.46,57.47,0.0000,90.00,false,
PT,2019,winter,11,52.65,56.85,0.0000,90.00,false,
PT,2019,winter,12,52.05,55.93,0.0000,90.00,false,
PT,2019,winter,13,50.46,54.26,0.0000,90.00,false,
PT,2019,winter,14,49.49,53.73,0.0000,90.00,false,
PT,2019,winter,15,50.00,53.74,0.0000,90.00,false,
PT,2019,winter,16,52.99,55.24,0.0000,90.00,false,
PT,2019,winter,17,56.28,58.05,0.0000,90.00,false,
PT,2019,winter,18,58.05,61.31,0.0000,90.00,false,
PT,2019,winter,19,57.61,62.00,0.0000,90.00,false,
PT,2019,winter,20,55.95,60.57,0.0000,90.00,false,
PT,2019,winter,21,53.85,58.83,0.0000,90.00,false,
PT,2019,winter,22,50.60,55.17,0.0000,90.00,false,
PT,2019,winter,23,48.62,53.21,0.0000,90.00,false,
PT,2020,autumn,0,35.31,35.54,0.0000,91.00,false,
PT,2020,autumn,1,33.19,34.07,0.0000,92.00,false,
PT,2020,autumn,2,32.26,33.02,0.0000,91.00,false,
PT,2020,autumn,3,31.98,32.80,0.0000,91.00,false,
PT,2020,autumn,4,33.34,33.57,0.0000,91.00,false,
PT,2020,autumn,5,38.21,40.11,0.0000,91.00,false,
PT,2020,autumn,6,42.00,44.83,0.0000,91.00,false,
PT,2020,autumn,7,43.33,46.22,0.0000,91.00,false,
PT,2020,autumn,8,43.75,46.00,0.0000,91.00,false,
PT,2020,autumn,9,42.23,44.47,0.0000,91.00,false,
PT,2020,autumn,10,41.14,42.67,0.0000,91.00,false,
PT,2020,autumn,11,40.83,42.04,0.0000,91.00,false,
PT,2020,autumn,12,40.24,42.31,0.0000,91.00,false,
PT,2020,autumn,13,38.76,41.64,0.0000,91.00,false,
PT,2020,autumn,14,37.91,40.05,0.0000,91.00,false,
PT,2020,autumn,15,38.68,40.85,0.0000,91.00,false,
PT,2020,autumn,16,41.01,44.00,0.0000,91.00,false,
PT,2020,autumn,17,43.99,45.92,0.0000,91.00,false,
PT,2020,autumn,18,47.05,49.00,0.0000,91.00,false,
PT,2020,autumn,19,49.13,50.00,0.0000,91.00,false,
PT,2020,autumn,20,46.87,47.96,0.0000,91.00,false,
PT,2020,autumn,21,43.41,44.30,0.0000,91.00,false,
PT,2020,autumn,22,39.80,40.37,0.0000,91.00,false,
PT,2020,autumn,23,38.29,39.55,0.0000,91.00,false,
PT,2020,spring,0,21.28,21.40,0.0000,92.00,false,
PT,2020,spring,1,19.98,20.01,0.0000,91.00,false,
PT,2020,spring,2,19.27,19.33,0.0000,92.00,false,
PT,2020,spring,3,18.88,18.98,0.0000,92.00,false,
PT,2020,spring,4,19.38,19.70,0.0000,92.00,false,
PT,2020,spring,5,21.05,22.38,0.0000,92.00,false,
PT,2020,spring,6,22.10,23.01,0.0000,92.00,false,
PT,2020,spring,7,22.73,23.70,0.0000,92.00,false,
PT,2020,spring,8,23.15,24.21,0.0000,92.00,false,
PT,2020,spring,9,22.49,23.97,0.0000,92.00,false,
PT,2020,spring,10,22.47,23.10,0.0000,92.00,false,
PT,2020,spring,11,22.65,23.91,0.0000,92.00,false,
PT,2020,spring,12,22.79,24.22,0.0000,92.00,false,
PT,2020,spring,13,22.09,23.83,0.0000,92.00,false,
PT,2020,spring,14,20.47,21.99,0.0000,92.00,false,
PT,2020,spring,15,19.73,19.99,0.0000,92.00,false,
PT,2020,spring,16,20.23,20.94,0.0000,92.00,false,
PT,2020,spring,17,22.13,22.85,0.0000,92.00,false,
PT,2020,spring,18,24.98,24.99,0.0000,92.00,false,
PT,2020,spring,19,26.86,26.49,0.0000,92.00,false,
PT,2020,spring,20,28.04,28.04,0.0000,92.00,false,
PT,2020,spring,21,26.63,26.72,0.0000,92.00,false,
PT,2020,spring,22,24.57,24.53,0.0000,92.00,false,
PT,2020,spring,23,23.27,23.60,0.0000,92.00,false,
PT,2020,summer,0,31.90,31.33,0.0000,92.00,false,
PT,2020,summer,1,30.11,29.47,0.0000,92.00,false,
PT,2020,summer,2,29.41,29.19,0.0000,92.00,false,
PT,2020,summer,3,29.17,29.01,0.0000,92.00,false,
PT,2020,summer,4,30.14,30.04,0.0000,92.00,false,
PT,2020,summer,5,32.28,32.97,0.0000,92.00,false,
PT,2020,summer,6,34.38,35.89,0.0000,92.00,false,
PT,2020,summer,7,35.40,37.18,0.0000,92.00,false,
PT,2020,summer,8,35.63,36.97,0.0000,92.00,false,
PT,2020,summer,9,34.77,36.13,0.0000,92.00,false,
PT,2020,summer,10,34.63,36.01,0.0000,92.00,false,
PT,2020,summer,11,35.15,36.16,0.0000,92.00,false,
PT,2020,summer,12,35.06,36.08,0.0000,92.00,false,
PT,2020,summer,13,33.94,35.00,0.0000,92.00,false,
PT,2020,summer,14,31.90,31.99,0.0000,92.00,false,
PT,2020,summer,15,31.33,30.62,0.0000,92.00,false,
PT,2020,summer,16,32.25,33.02,0.0000,92.00,false,
PT,2020,summer,17,33.78,34.64,0.0000,92.00,false,
PT,2020,summer,18,35.66,36.92,0.0000,92.00,false,
PT,2020,summer,19,37.24,37.67,0.0000,92.00,false,
PT,2020,summer,20,38.59,39.14,0.0000,92.00,false,
PT,2020,summer,21,38.73,39.56,0.0000,92.00,false,
PT,2020,summer,22,35.59,36.17,0.0000,92.00,false,
PT,2020,summer,23,34.98,34.78,0.0000,92.00,false,
PT,2020,winter,0,34.46,34.79,0.0000,91.00,false,
PT,2020,winter,1,31.98,32.19,0.0000,91.00,false,
PT,2020,winter,2,30.45,31.00,0.0000,91.00,false,
PT,2020,winter,3,29.93,30.65,0.0000,91.00,false,
PT,2020,winter,4,31.34,31.51,0.0000,91.00,false,
PT,2020,winter,5,34.67,34.85,0.0000,91.00,false,
PT,2020,winter,6,39.61,40.25,0.0000,91.00,false,
PT,2020,winter,7,41.85,43.15,0.0000,91.00,false,
PT,2020,winter,8,43.38,44.33,0.0000,91.00,false,
PT,2020,winter,9,43.30,43.51,0.0000,91.00,false,
PT,2020,winter,10,42.17,42.37,0.0000,91.00,false,
PT,2020,winter,11,41.09,41.45,0.0000,91.00,false,
PT,2020,winter,12,40.40,40.38,0.0000,91.00,false,
PT,2020,winter,13,38.99,39.63,0.0000,91.00,false,
PT,2020,winter,14,38.35,38.43,0.0000,91.00,false,
PT,2020,winter,15,39.65,40.01,0.0000,91.00,false,
PT,2020,winter,16,42.71,42.51,0.0000,91.00,false,
PT,2020,winter,17,45.95,45.25,0.0000,91.00,false,
PT,2020,winter,18,47.95,47.30,0.0000,91.00,false,
PT,2020,winter,19,48.16,48.00,0.0000,91.00,false,
PT,2020,winter,20,46.53,46.50,0.0000,91.00,false,
PT,2020,winter,21,43.40,43.03,0.0000,91.00,false,
PT,2020,winter,22,39.73,40.00,0.0000,91.00,false,
PT,2020,winter,23,37.60,38.01,0.0000,91.00,false,
PT,2021,autumn,0,175.44,173.80,0.0000,91.00,false,
PT,2021,autumn,1,165.90,165.61,0.0000,92.00,false,
PT,2021,autumn,2,161.56,160.00,0.0000,91.00,false,
PT,2021,autumn,3,159.80,159.87,0.0000,91.00,false,
PT,2021,autumn,4,165.03,163.92,0.0000,91.00,false,
PT,2021,autumn,5,179.13,181.00,0.0000,91.00,false,
PT,2021,autumn,6,194.79,196.66,0.0000,91.00,false,
PT,2021,autumn,7,199.73,198.41,0.0000,91.00,false,
PT,2021,autumn,8,197.30,199.99,0.0000,91.00,false,
PT,2021,autumn,9,187.30,186.68,0.0000,91.00,false,
PT,2021,autumn,10,177.62,178.34,0.0000,91.00,false,
PT,2021,autumn,11,174.78,177.91,0.0000,91.00,false,
PT,2021,autumn,12,171.60,176.52,0.0000,91.00,false,
PT,2021,autumn,13,167.56,173.57,0.0000,91.00,false,
PT,2021,autumn,14,162.48,167.40,0.0000,91.00,false,
PT,2021,autumn,15,168.28,173.05,0.0000,91.00,false,
PT,2021,autumn,16,184.65,188.51,0.0000,91.00,false,
PT,2021,autumn,17,201.01,205.57,0.0000,91.00,false,
PT,2021,autumn,18,212.91,217.60,0.0000,91.00,false,
PT,2021,autumn,19,217.74,218.40,0.0000,91.00,false,
PT,2021,autumn,20,211.13,205.00,0.0000,91.00,false,
PT,2021,autumn,21,198.06,195.48,0.0000,91.00,false,
PT,2021,autumn,22,185.92,181.00,0.0000,91.00,false,
PT,2021,autumn,23,186.34,183.00,0.0000,91.00,false,
PT,2021,spring,0,57.31,62.32,0.0000,92.00,false,
PT,2021,spring,1,55.40,60.74,0.0000,91.00,false,
PT,2021,spring,2,54.16,58.68,0.0000,92.00,false,
PT,2021,spring,3,53.69,57.39,0.0000,92.00,false,
PT,2021,spring,4,55.51,58.75,0.0000,92.00,false,
PT,2021,spring,5,60.37,61.44,0.0000,92.00,false,
PT,2021,spring,6,64.29,67.49,0.0000,92.00,false,
PT,2021,spring,7,66.20,68.21,0.0000,92.00,false,
PT,2021,spring,8,64.67,66.07,0.0000,92.00,false,
PT,2021,spring,9,60.75,62.36,0.0000,92.00,false,
PT,2021,spring,10,58.23,59.86,0.0000,92.00,false,
PT,2021,spring,11,56.99,60.29,0.0000,92.00,false,
PT,2021,spring,12,54.29,56.65,0.0000,92.00,false,
PT,2021,spring,13,50.93,54.06,0.0000,92.00,false,
PT,2021,spring,14,47.92,51.69,0.0000,92.00,false,
PT,2021,spring,15,47.19,52.98,0.0000,92.00,false,
PT,2021,spring,16,50.69,56.23,0.0000,92.00,false,
PT,2021,spring,17,56.72,61.05,0.0000,92.00,false,
PT,2021,spring,18,65.77,68.56,0.0000,92.00,false,
PT,2021,spring,19,71.01,75.00,0.0000,92.00,false,
PT,2021,spring,20,72.11,77.79,0.0000,92.00,false,
PT,2021,spring,21,68.35,73.10,0.0000,92.00,false,
PT,2021,spring,22,64.23,67.02,0.0000,92.00,false,
PT,2021,spring,23,61.99,65.44,0.0000,92.00,false,
PT,2021,summer,0,93.64,92.00,0.0000,92.00,false,
PT,2021,summer,1,90.70,89.10,0.0000,92.00,false,
PT,2021,summer,2,90.18,88.93,0.0000,92.00,false,
PT,2021,summer,3,89.85,88.78,0.0000,92.00,false,
PT,2021,summer,4,91.40,89.76,0.0000,92.00,false,
PT,2021,summer,5,95.30,93.57,0.0000,92.00,false,
PT,2021,summer,6,98.31,97.37,0.0000,92.00,false,
PT,2021,summer,7,100.20,100.18,0.0000,92.00,false,
PT,2021,summer,8,98.03,98.30,0.0000,92.00,false,
PT,2021,summer,9,94.81,95.00,0.0000,92.00,false,
PT,2021,summer,10,93.61,93.06,0.0000,92.00,false,
PT,2021,summer,11,93.05,93.04,0.0000,92.00,false,
PT,2021,summer,12,92.53,93.22,0.0000,92.00,false,
PT,2021,summer,13,90.23,90.37,0.0000,92.00,false,
PT,2021,summer,14,85.41,86.93,0.0000,92.00,false,
PT,2021,summer,15,83.22,84.36,0.0000,92.00,false,
PT,2021,summer,16,85.61,88.05,0.0000,92.00,false,
PT,2021,summer,17,89.54,91.28,0.0000,92.00,false,
PT,2021,summer,18,96.41,96.00,0.0000,92.00,false,
PT,2021,summer,19,101.65,99.93,0.0000,92.00,false,
PT,2021,summer,20,104.43,101.55,0.0000,92.00,false,
PT,2021,summer,21,103.63,102.95,0.0000,92.00,false,
PT,2021,summer,22,98.75,95.55,0.0000,92.00,false,
PT,2021,summer,23,97.69,96.28,0.0000,92.00,false,
PT,2021,winter,0,98.61,50.38,0.0111,90.00,false,
PT,2021,winter,1,91.97,47.78,0.0111,90.00,false,
PT,2021,winter,2,84.99,41.85,0.0111,90.00,false,
PT,2021,winter,3,82.42,41.95,0.0000,90.00,false,
PT,2021,winter,4,87.05,44.46,0.0000,90.00,false,
PT,2021,winter,5,95.45,51.32,0.0000,90.00,false,
PT,2021,winter,6,109.60,60.33,0.0000,90.00,false,
PT,2021,winter,7,117.61,65.13,0.0000,90.00,false,
PT,2021,winter,8,120.99,68.65,0.0000,90.00,false,
PT,2021,winter,9,118.69,71.79,0.0000,90.00,false,
PT,2021,winter,10,113.51,68.32,0.0000,90.00,false,
PT,2021,winter,11,111.03,66.91,0.0000,90.00,false,
PT,2021,winter,12,110.29,65.49,0.0000,90.00,false,
PT,2021,winter,13,108.18,65.39,0.0000,90.00,false,
PT,2021,winter,14,107.41,64.10,0.0000,90.00,false,
PT,2021,winter,15,112.74,66.77,0.0000,90.00,false,
PT,2021,winter,16,124.21,69.69,0.0000,90.00,false,
PT,2021,winter,17,134.41,81.02,0.0000,90.00,false,
PT,2021,winter,18,140.44,84.41,0.0000,90.00,false,
PT,2021,winter,19,140.78,77.79,0.0000,90.00,false,
PT,2021,winter,20,133.92,75.40,0.0000,90.00,false,
PT,2021,winter,21,123.60,70.57,0.0000,90.00,false,
PT,2021,winter,22,112.36,64.40,0.0000,90.00,false,
PT,2021,winter,23,108.15,57.97,0.0111,90.00,false,
PT,2022,autumn,0,121.17,120.00,0.0000,91.00,false,
PT,2022,autumn,1,113.52,112.85,0.0000,92.00,false,
PT,2022,autumn,2,108.91,105.95,0.0000,91.00,false,
PT,2022,autumn,3,107.61,103.00,0.0000,91.00,false,
PT,2022,autumn,4,110.91,104.51,0.0000,91.00,false,
PT,2022,autumn,5,121.58,119.66,0.0000,91.00,false,
PT,2022,autumn,6,142.07,139.14,0.0000,91.00,false,
PT,2022,autumn,7,149.51,145.00,0.0000,91.00,false,
PT,2022,autumn,8,141.77,135.00,0.0000,91.00,false,
PT,2022,autumn,9,122.24,117.30,0.0000,91.00,false,
PT,2022,autumn,10,111.19,108.18,0.0000,91.00,false,
PT,2022,autumn,11,108.11,104.57,0.0000,91.00,false,
PT,2022,autumn,12,106.04,100.65,0.0000,91.00,false,
PT,2022,autumn,13,100.88,100.00,0.0000,91.00,false,
PT,2022,autumn,14,98.49,100.50,0.0000,91.00,false,
PT,2022,autumn,15,103.92,107.79,0.0000,91.00,false,
PT,2022,autumn,16,117.70,120.77,0.0000,91.00,false,
PT,2022,autumn,17,136.31,137.70,0.0000,91.00,false,
PT,2022,autumn,18,159.54,156.31,0.0000,91.00,false,
PT,2022,autumn,19,181.85,182.17,0.0000,91.00,false,
PT,2022,autumn,20,181.24,180.00,0.0000,91.00,false,
PT,2022,autumn,21,155.69,149.26,0.0000,91.00,false,
PT,2022,autumn,22,134.59,131.00,0.0000,91.00,false,
PT,2022,autumn,23,135.42,139.05,0.0000,91.00,false,
PT,2022,spring,0,216.51,202.93,0.0000,92.00,false,
PT,2022,spring,1,209.12,197.56,0.0000,91.00,false,
PT,2022,spring,2,202.98,193.73,0.0000,92.00,false,
PT,2022,spring,3,202.26,194.35,0.0000,92.00,false,
PT,2022,spring,4,210.32,200.07,0.0000,92.00,false,
PT,2022,spring,5,230.77,219.49,0.0000,92.00,false,
PT,2022,spring,6,247.50,237.19,0.0000,92.00,false,
PT,2022,spring,7,249.52,238.81,0.0000,92.00,false,
PT,2022,spring,8,239.17,229.38,0.0000,92.00,false,
PT,2022,spring,9,222.73,211.79,0.0000,92.00,false,
PT,2022,spring,10,207.75,199.44,0.0000,92.00,false,
PT,2022,spring,11,202.56,195.00,0.0000,92.00,false,
PT,2022,spring,12,195.96,190.73,0.0000,92.00,false,
PT,2022,spring,13,187.82,186.89,0.0000,92.00,false,
PT,2022,spring,14,182.69,182.06,0.0000,92.00,false,
PT,2022,spring,15,185.44,179.97,0.0000,92.00,false,
PT,2022,spring,16,197.05,189.57,0.0000,92.00,false,
PT,2022,spring,17,214.88,200.51,0.0000,92.00,false,
PT,2022,spring,18,242.29,226.99,0.0000,92.00,false,
PT,2022,spring,19,266.16,250.01,0.0000,92.00,false,
PT,2022,spring,20,269.17,255.49,0.0000,92.00,false,
PT,2022,spring,21,254.95,242.59,0.0000,92.00,false,
PT,2022,spring,22,237.09,222.37,0.0000,92.00,false,
PT,2022,spring,23,231.12,216.24,0.0000,92.00,false,
PT,2022,summer,0,164.89,161.35,0.0000,92.00,false,
PT,2022,summer,1,156.46,151.50,0.0000,92.00,false,
PT,2022,summer,2,151.67,148.31,0.0000,92.00,false,
PT,2022,summer,3,151.30,147.75,0.0000,92.00,false,
PT,2022,summer,4,154.78,152.51,0.0000,92.00,false,
PT,2022,summer,5,161.76,154.72,0.0000,92.00,false,
PT,2022,summer,6,169.62,163.63,0.0000,92.00,false,
PT,2022,summer,7,167.11,162.50,0.0000,92.00,false,
PT,2022,summer,8,156.92,150.75,0.0000,92.00,false,
PT,2022,summer,9,148.65,147.12,0.0000,92.00,false,
PT,2022,summer,10,145.13,143.19,0.0000,92.00,false,
PT,2022,summer,11,144.56,146.18,0.0000,92.00,false,
PT,2022,summer,12,145.57,145.25,0.0000,92.00,false,
PT,2022,summer,13,140.49,140.82,0.0000,92.00,false,
PT,2022,summer,14,134.57,133.15,0.0000,92.00,false,
PT,2022,summer,15,132.20,130.21,0.0000,92.00,false,
PT,2022,summer,16,133.52,132.13,0.0000,92.00,false,
PT,2022,summer,17,139.63,138.29,0.0000,92.00,false,
PT,2022,summer,18,154.19,151.65,0.0000,92.00,false,
PT,2022,summer,19,176.98,167.95,0.0000,92.00,false,
PT,2022,summer,20,190.58,180.02,0.0000,92.00,false,
PT,2022,summer,21,190.14,180.33,0.0000,92.00,false,
PT,2022,summer,22,176.51,169.52,0.0000,92.00,false,
PT,2022,summer,23,176.35,170.14,0.0000,92.00,false,
PT,2022,winter,0,150.57,175.00,0.0000,90.00,false,
PT,2022,winter,1,143.50,166.40,0.0000,90.00,false,
PT,2022,winter,2,137.40,161.53,0.0111,90.00,false,
PT,2022,winter,3,135.48,159.05,0.0111,90.00,false,
PT,2022,winter,4,140.08,166.22,0.0111,90.00,false,
PT,2022,winter,5,153.11,173.60,0.0000,90.00,false,
PT,2022,winter,6,170.12,200.13,0.0000,90.00,false,
PT,2022,winter,7,178.82,209.98,0.0000,90.00,false,
PT,2022,winter,8,178.92,205.14,0.0000,90.00,false,
PT,2022,winter,9,170.34,196.09,0.0000,90.00,false,
PT,2022,winter,10,161.44,183.26,0.0000,90.00,false,
PT,2022,winter,11,157.09,177.42,0.0000,90.00,false,
PT,2022,winter,12,154.26,173.26,0.0000,90.00,false,
PT,2022,winter,13,150.23,163.16,0.0000,90.00,false,
PT,2022,winter,14,148.49,161.61,0.0000,90.00,false,
PT,2022,winter,15,155.49,163.04,0.0000,90.00,false,
PT,2022,winter,16,173.54,186.77,0.0000,90.00,false,
PT,2022,winter,17,196.84,214.02,0.0000,90.00,false,
PT,2022,winter,18,206.95,232.45,0.0000,90.00,false,
PT,2022,winter,19,204.51,226.33,0.0000,90.00,false,
PT,2022,winter,20,193.63,217.48,0.0000,90.00,false,
PT,2022,winter,21,178.20,204.81,0.0000,90.00,false,
PT,2022,winter,22,163.72,189.28,0.0000,90.00,false,
PT,2022,winter,23,162.83,189.60,0.0111,90.00,false,
PT,2023,autumn,0,81.93,94.29,0.0110,91.00,false,
PT,2023,autumn,1,77.37,90.05,0.0217,92.00,false,
PT,2023,autumn,2,76.03,89.32,0.0220,91.00,false,
PT,2023,autumn,3,74.77,90.00,0.0330,91.00,false,
PT,2023,autumn,4,76.78,92.00,0.0220,91.00,false,
PT,2023,autumn,5,86.80,101.70,0.0110,91.00,false,
PT,2023,autumn,6,98.59,114.43,0.0110,91.00,false,
PT,2023,autumn,7,103.51,116.61,0.0110,91.00,false,
PT,2023,autumn,8,93.28,105.00,0.0110,91.00,false,
PT,2023,autumn,9,79.01,90.75,0.0110,91.00,false,
PT,2023,autumn,10,70.40,83.00,0.0110,91.00,false,
PT,2023,autumn,11,67.08,80.00,0.0110,91.00,false,
PT,2023,autumn,12,65.19,78.32,0.0110,91.00,false,
PT,2023,autumn,13,62.48,74.99,0.0220,91.00,false,
PT,2023,autumn,14,62.96,73.27,0.0330,91.00,false,
PT,2023,autumn,15,70.38,80.01,0.0220,91.00,false,
PT,2023,autumn,16,83.05,91.57,0.0000,91.00,false,
PT,2023,autumn,17,99.81,110.02,0.0000,91.00,false,
PT,2023,autumn,18,112.11,124.00,0.0000,91.00,false,
PT,2023,autumn,19,120.03,128.46,0.0000,91.00,false,
PT,2023,autumn,20,113.07,122.69,0.0000,91.00,false,
PT,2023,autumn,21,101.97,117.00,0.0000,91.00,false,
PT,2023,autumn,22,93.54,109.08,0.0110,91.00,false,
PT,2023,autumn,23,88.11,103.83,0.0000,91.00,false,
PT,2023,spring,0,87.81,90.43,0.0000,92.00,false,
PT,2023,spring,1,84.64,87.48,0.0000,91.00,false,
PT,2023,spring,2,82.06,84.53,0.0000,92.00,false,
PT,2023,spring,3,80.20,83.94,0.0000,92.00,false,
PT,2023,spring,4,84.41,87.63,0.0000,92.00,false,
PT,2023,spring,5,92.96,98.23,0.0000,92.00,false,
PT,2023,spring,6,104.30,107.95,0.0000,92.00,false,
PT,2023,spring,7,102.96,104.61,0.0000,92.00,false,
PT,2023,spring,8,85.88,92.55,0.0000,92.00,false,
PT,2023,spring,9,68.54,71.21,0.0109,92.00,false,
PT,2023,spring,10,63.11,68.01,0.0109,92.00,false,
PT,2023,spring,11,59.41,63.10,0.0109,92.00,false,
PT,2023,spring,12,55.25,58.30,0.0109,92.00,false,
PT,2023,spring,13,50.35,52.31,0.0326,92.00,false,
PT,2023,spring,14,47.49,45.11,0.0435,92.00,false,
PT,2023,spring,15,47.72,45.16,0.0543,92.00,false,
PT,2023,spring,16,54.35,52.23,0.0435,92.00,false,
PT,2023,spring,17,65.91,66.00,0.0217,92.00,false,
PT,2023,spring,18,89.93,89.18,0.0000,92.00,false,
PT,2023,spring,19,114.57,117.10,0.0000,92.00,false,
PT,2023,spring,20,118.59,122.39,0.0000,92.00,false,
PT,2023,spring,21,110.49,115.35,0.0000,92.00,false,
PT,2023,spring,22,99.69,102.64,0.0000,92.00,false,
PT,2023,spring,23,94.56,97.54,0.0000,92.00,false,
PT,2023,summer,0,102.00,101.60,0.0000,92.00,false,
PT,2023,summer,1,97.07,96.42,0.0000,92.00,false,
PT,2023,summer,2,95.40,95.19,0.0000,92.00,false,
PT,2023,summer,3,93.53,92.12,0.0000,92.00,false,
PT,2023,summer,4,96.16,94.86,0.0000,92.00,false,
PT,2023,summer,5,103.64,103.38,0.0000,92.00,false,
PT,2023,summer,6,108.86,109.09,0.0000,92.00,false,
PT,2023,summer,7,106.32,106.78,0.0000,92.00,false,
PT,2023,summer,8,94.95,99.06,0.0000,92.00,false,
PT,2023,summer,9,84.49,89.89,0.0109,92.00,false,
PT,2023,summer,10,81.95,85.68,0.0109,92.00,false,
PT,2023,summer,11,80.62,84.93,0.0109,92.00,false,
PT,2023,summer,12,79.06,82.78,0.0109,92.00,false,
PT,2023,summer,13,75.48,80.30,0.0109,92.00,false,
PT,2023,summer,14,73.62,79.04,0.0000,92.00,false,
PT,2023,summer,15,74.19,78.63,0.0217,92.00,false,
PT,2023,summer,16,79.52,82.90,0.0000,92.00,false,
PT,2023,summer,17,86.42,85.91,0.0000,92.00,false,
PT,2023,summer,18,100.70,100.08,0.0000,92.00,false,
PT,2023,summer,19,115.72,115.50,0.0000,92.00,false,
PT,2023,summer,20,123.73,124.76,0.0000,92.00,false,
PT,2023,summer,21,121.75,123.09,0.0000,92.00,false,
PT,2023,summer,22,113.92,115.03,0.0000,92.00,false,
PT,2023,summer,23,109.20,107.85,0.0000,92.00,false,
PT,2023,winter,0,78.74,82.59,0.0111,90.00,false,
PT,2023,winter,1,74.13,77.71,0.0111,90.00,false,
PT,2023,winter,2,70.80,72.40,0.0111,90.00,false,
PT,2023,winter,3,69.60,69.70,0.0222,90.00,false,
PT,2023,winter,4,72.65,70.01,0.0222,90.00,false,
PT,2023,winter,5,80.96,83.90,0.0111,90.00,false,
PT,2023,winter,6,93.30,98.08,0.0111,90.00,false,
PT,2023,winter,7,102.77,108.35,0.0111,90.00,false,
PT,2023,winter,8,99.30,102.26,0.0111,90.00,false,
PT,2023,winter,9,89.41,91.02,0.0111,90.00,false,
PT,2023,winter,10,82.75,85.59,0.0111,90.00,false,
PT,2023,winter,11,79.51,81.96,0.0111,90.00,false,
PT,2023,winter,12,76.83,76.62,0.0000,90.00,false,
PT,2023,winter,13,75.07,76.66,0.0000,90.00,false,
PT,2023,winter,14,74.87,74.01,0.0000,90.00,false,
PT,2023,winter,15,82.07,87.05,0.0000,90.00,false,
PT,2023,winter,16,99.17,106.17,0.0000,90.00,false,
PT,2023,winter,17,114.45,120.17,0.0000,90.00,false,
PT,2023,winter,18,127.62,134.85,0.0000,90.00,false,
PT,2023,winter,19,127.49,136.57,0.0000,90.00,false,
PT,2023,winter,20,117.41,122.63,0.0000,90.00,false,
PT,2023,winter,21,104.35,106.17,0.0000,90.00,false,
PT,2023,winter,22,93.14,95.34,0.0000,90.00,false,
PT,2023,winter,23,87.16,91.91,0.0000,90.00,false,
PT,2024,autumn,0,82.26,85.98,0.0000,91.00,false,
PT,2024,autumn,1,78.39,85.63,0.0000,92.00,false,
PT,2024,autumn,2,75.55,83.83,0.0000,91.00,false,
PT,2024,autumn,3,73.21,82.47,0.0000,91.00,false,
PT,2024,autumn,4,75.51,81.59,0.0000,91.00,false,
PT,2024,autumn,5,85.22,93.14,0.0000,91.00,false,
PT,2024,autumn,6,98.56,102.98,0.0000,91.00,false,
PT,2024,autumn,7,104.64,109.38,0.0000,91.00,false,
PT,2024,autumn,8,90.59,100.00,0.0000,91.00,false,
PT,2024,autumn,9,72.09,73.61,0.0220,91.00,false,
PT,2024,autumn,10,60.60,65.82,0.0769,91.00,false,
PT,2024,autumn,11,56.60,60.00,0.0879,91.00,false,
PT,2024,autumn,12,52.50,52.98,0.0879,91.00,false,
PT,2024,autumn,13,50.31,51.20,0.1209,91.00,false,
PT,2024,autumn,14,51.67,50.24,0.0879,91.00,false,
PT,2024,autumn,15,59.79,60.20,0.0879,91.00,false,
PT,2024,autumn,16,74.09,77.42,0.0330,91.00,false,
PT,2024,autumn,17,94.39,96.27,0.0000,91.00,false,
PT,2024,autumn,18,113.97,116.86,0.0000,91.00,false,
PT,2024,autumn,19,122.24,122.81,0.0000,91.00,false,
PT,2024,autumn,20,117.09,119.80,0.0000,91.00,false,
PT,2024,autumn,21,103.71,106.00,0.0000,91.00,false,
PT,2024,autumn,22,96.17,100.00,0.0000,91.00,false,
PT,2024,autumn,23,88.29,93.10,0.0000,91.00,false,
PT,2024,spring,0,25.12,18.92,0.0978,92.00,false,
PT,2024,spring,1,23.22,17.20,0.1319,91.00,false,
PT,2024,spring,2,22.46,14.76,0.1630,92.00,false,
PT,2024,spring,3,21.84,14.35,0.1630,92.00,false,
PT,2024,spring,4,23.21,17.19,0.1630,92.00,false,
PT,2024,spring,5,26.07,21.73,0.0761,92.00,false,
PT,2024,spring,6,33.99,33.88,0.0652,92.00,false,
PT,2024,spring,7,30.17,25.67,0.0652,92.00,false,
PT,2024,spring,8,17.04,6.55,0.1739,92.00,false,
PT,2024,spring,9,10.17,1.65,0.3478,92.00,false,
PT,2024,spring,10,7.54,0.44,0.3804,92.00,false,
PT,2024,spring,11,6.61,0.13,0.4674,92.00,false,
PT,2024,spring,12,5.32,0.01,0.5000,92.00,false,
PT,2024,spring,13,4.59,0.00,0.5543,92.00,false,
PT,2024,spring,14,3.89,0.00,0.5652,92.00,false,
PT,2024,spring,15,4.39,0.00,0.5435,92.00,false,
PT,2024,spring,16,7.03,0.47,0.4348,92.00,false,
PT,2024,spring,17,13.20,3.25,0.2717,92.00,false,
PT,2024,spring,18,27.19,15.38,0.0652,92.00,false,
PT,2024,spring,19,42.02,35.00,0.0000,92.00,false,
PT,2024,spring,20,49.77,43.56,0.0000,92.00,false,
PT,2024,spring,21,41.53,38.86,0.0000,92.00,false,
PT,2024,spring,22,32.62,34.54,0.0217,92.00,false,
PT,2024,spring,23,29.11,24.85,0.0326,92.00,false,
PT,2024,summer,0,89.74,99.85,0.0000,92.00,false,
PT,2024,summer,1,86.27,96.76,0.0000,92.00,false,
PT,2024,summer,2,86.16,96.05,0.0000,92.00,false,
PT,2024,summer,3,84.78,96.48,0.0000,92.00,false,
PT,2024,summer,4,85.86,96.69,0.0000,92.00,false,
PT,2024,summer,5,90.83,100.00,0.0000,92.00,false,
PT,2024,summer,6,96.78,107.53,0.0000,92.00,false,
PT,2024,summer,7,86.11,100.44,0.0326,92.00,false,
PT,2024,summer,8,70.15,74.00,0.0978,92.00,false,
PT,2024,summer,9,55.68,63.72,0.1413,92.00,false,
PT,2024,summer,10,48.12,54.54,0.1413,92.00,false,
PT,2024,summer,11,45.23,50.10,0.1522,92.00,false,
PT,2024,summer,12,44.16,47.58,0.1739,92.00,false,
PT,2024,summer,13,42.34,41.90,0.1957,92.00,false,
PT,2024,summer,14,42.53,46.37,0.2174,92.00,false,
PT,2024,summer,15,41.86,47.22,0.2174,92.00,false,
PT,2024,summer,16,46.53,49.65,0.1522,92.00,false,
PT,2024,summer,17,55.91,59.11,0.0652,92.00,false,
PT,2024,summer,18,75.59,81.34,0.0217,92.00,false,
PT,2024,summer,19,94.93,105.00,0.0000,92.00,false,
PT,2024,summer,20,114.64,117.67,0.0000,92.00,false,
PT,2024,summer,21,111.10,113.97,0.0000,92.00,false,
PT,2024,summer,22,100.26,105.60,0.0000,92.00,false,
PT,2024,summer,23,96.80,104.05,0.0000,92.00,false,
PT,2024,winter,0,68.79,65.00,0.0000,91.00,false,
PT,2024,winter,1,64.87,64.91,0.0110,91.00,false,
PT,2024,winter,2,61.88,62.04,0.0110,91.00,false,
PT,2024,winter,3,60.39,58.50,0.0110,91.00,false,
PT,2024,winter,4,62.33,60.06,0.0110,91.00,false,
PT,2024,winter,5,69.76,69.13,0.0000,91.00,false,
PT,2024,winter,6,80.74,82.06,0.0000,91.00,false,
PT,2024,winter,7,88.29,90.75,0.0000,91.00,false,
PT,2024,winter,8,83.54,86.66,0.0000,91.00,false,
PT,2024,winter,9,72.54,71.08,0.0000,91.00,false,
PT,2024,winter,10,64.36,61.99,0.0440,91.00,false,
PT,2024,winter,11,61.18,59.87,0.0549,91.00,false,
PT,2024,winter,12,59.65,56.47,0.0549,91.00,false,
PT,2024,winter,13,59.80,54.44,0.0549,91.00,false,
PT,2024,winter,14,61.68,59.71,0.0769,91.00,false,
PT,2024,winter,15,70.63,65.13,0.0440,91.00,false,
PT,2024,winter,16,84.95,79.09,0.0000,91.00,false,
PT,2024,winter,17,96.05,94.94,0.0000,91.00,false,
PT,2024,winter,18,102.08,103.14,0.0000,91.00,false,
PT,2024,winter,19,106.88,105.34,0.0000,91.00,false,
PT,2024,winter,20,97.68,95.89,0.0000,91.00,false,
PT,2024,winter,21,88.89,86.57,0.0000,91.00,false,
PT,2024,winter,22,80.79,75.75,0.0000,91.00,false,
PT,2024,winter,23,74.08,71.82,0.0000,91.00,false,
PT,2025,autumn,0,72.71,79.02,0.0000,91.00,false,
PT,2025,autumn,1,68.26,74.82,0.0000,92.00,false,
PT,2025,autumn,2,65.56,72.27,0.0110,91.00,false,
PT,2025,autumn,3,64.65,70.00,0.0110,91.00,false,
PT,2025,autumn,4,67.37,74.00,0.0082,91.00,false,
PT,2025,autumn,5,75.76,83.09,0.0000,91.00,false,
PT,2025,autumn,6,89.78,96.10,0.0000,91.00,false,
PT,2025,autumn,7,91.37,93.53,0.0000,91.00,false,
PT,2025,autumn,8,67.28,72.66,0.0027,91.00,false,
PT,2025,autumn,9,40.58,38.10,0.0137,91.00,false,
PT,2025,autumn,10,27.16,19.19,0.0797,91.00,false,
PT,2025,autumn,11,23.83,16.59,0.1264,91.00,false,
PT,2025,autumn,12,21.55,15.65,0.1346,91.00,false,
PT,2025,autumn,13,21.01,15.10,0.1346,91.00,false,
PT,2025,autumn,14,25.12,17.64,0.1374,91.00,false,
PT,2025,autumn,15,34.61,27.56,0.1264,91.00,false,
PT,2025,autumn,16,53.62,53.13,0.0742,91.00,false,
PT,2025,autumn,17,75.73,82.97,0.0110,91.00,false,
PT,2025,autumn,18,100.82,102.83,0.0000,91.00,false,
PT,2025,autumn,19,116.20,110.00,0.0000,91.00,false,
PT,2025,autumn,20,113.07,109.81,0.0000,91.00,false,
PT,2025,autumn,21,95.48,100.96,0.0000,91.00,false,
PT,2025,autumn,22,85.10,91.85,0.0000,91.00,false,
PT,2025,autumn,23,80.81,88.77,0.0000,91.00,false,
PT,2025,spring,0,35.48,30.05,0.0000,92.00,false,
PT,2025,spring,1,32.73,24.00,0.0000,91.00,false,
PT,2025,spring,2,30.04,20.69,0.0000,92.00,false,
PT,2025,spring,3,29.29,20.92,0.0000,92.00,false,
PT,2025,spring,4,31.26,25.79,0.0000,92.00,false,
PT,2025,spring,5,36.84,30.18,0.0000,92.00,false,
PT,2025,spring,6,50.26,35.67,0.0000,92.00,false,
PT,2025,spring,7,43.94,34.17,0.0326,92.00,false,
PT,2025,spring,8,30.10,20.10,0.0652,92.00,false,
PT,2025,spring,9,22.15,12.01,0.1413,92.00,false,
PT,2025,spring,10,17.15,5.10,0.1957,92.00,false,
PT,2025,spring,11,14.86,4.95,0.2609,92.00,false,
PT,2025,spring,12,13.46,4.51,0.3261,92.00,false,
PT,2025,spring,13,12.46,3.60,0.3587,92.00,false,
PT,2025,spring,14,12.95,3.71,0.3696,92.00,false,
PT,2025,spring,15,14.76,3.95,0.3370,92.00,false,
PT,2025,spring,16,18.60,4.78,0.2609,92.00,false,
PT,2025,spring,17,28.75,10.03,0.1196,92.00,false,
PT,2025,spring,18,51.10,33.26,0.0217,92.00,false,
PT,2025,spring,19,69.31,52.58,0.0000,92.00,false,
PT,2025,spring,20,78.68,77.30,0.0000,92.00,false,
PT,2025,spring,21,67.06,57.41,0.0000,92.00,false,
PT,2025,spring,22,52.21,42.59,0.0000,92.00,false,
PT,2025,spring,23,42.56,36.07,0.0000,92.00,false,
PT,2025,summer,0,96.43,104.66,0.0000,92.00,false,
PT,2025,summer,1,92.38,101.27,0.0000,92.00,false,
PT,2025,summer,2,89.46,100.59,0.0000,92.00,false,
PT,2025,summer,3,88.05,99.89,0.0000,92.00,false,
PT,2025,summer,4,90.41,101.06,0.0000,92.00,false,
PT,2025,summer,5,95.83,104.17,0.0000,92.00,false,
PT,2025,summer,6,99.57,107.34,0.0000,92.00,false,
PT,2025,summer,7,86.00,97.58,0.0000,92.00,false,
PT,2025,summer,8,57.38,56.03,0.0326,92.00,false,
PT,2025,summer,9,38.17,30.25,0.0870,92.00,false,
PT,2025,summer,10,29.28,17.90,0.0870,92.00,false,
PT,2025,summer,11,25.92,15.00,0.1304,92.00,false,
PT,2025,summer,12,22.79,6.28,0.1522,92.00,false,
PT,2025,summer,13,21.28,5.79,0.1630,92.00,false,
PT,2025,summer,14,21.85,5.79,0.1739,92.00,false,
PT,2025,summer,15,24.84,6.17,0.1630,92.00,false,
PT,2025,summer,16,34.02,20.79,0.0978,92.00,false,
PT,2025,summer,17,49.84,50.08,0.0435,92.00,false,
PT,2025,summer,18,77.44,86.69,0.0000,92.00,false,
PT,2025,summer,19,102.77,109.95,0.0000,92.00,false,
PT,2025,summer,20,125.72,125.92,0.0000,92.00,false,
PT,2025,summer,21,123.03,123.34,0.0000,92.00,false,
PT,2025,summer,22,106.32,110.58,0.0000,92.00,false,
PT,2025,summer,23,103.74,109.88,0.0000,92.00,false,
PT,2025,winter,0,86.15,87.79,0.0000,90.00,false,
PT,2025,winter,1,81.26,84.20,0.0000,90.00,false,
PT,2025,winter,2,76.80,80.80,0.0000,90.00,false,
PT,2025,winter,3,74.51,79.88,0.0000,90.00,false,
PT,2025,winter,4,78.15,84.44,0.0000,90.00,false,
PT,2025,winter,5,88.91,95.98,0.0000,90.00,false,
PT,2025,winter,6,105.09,106.64,0.0000,90.00,false,
PT,2025,winter,7,116.47,113.99,0.0000,90.00,false,
PT,2025,winter,8,103.20,102.99,0.0000,90.00,false,
PT,2025,winter,9,86.64,88.95,0.0000,90.00,false,
PT,2025,winter,10,75.34,80.66,0.0000,90.00,false,
PT,2025,winter,11,69.69,76.08,0.0000,90.00,false,
PT,2025,winter,12,66.37,72.64,0.0000,90.00,false,
PT,2025,winter,13,64.85,71.21,0.0111,90.00,false,
PT,2025,winter,14,68.79,74.61,0.0000,90.00,false,
PT,2025,winter,15,80.98,84.88,0.0000,90.00,false,
PT,2025,winter,16,102.27,105.02,0.0000,90.00,false,
PT,2025,winter,17,123.88,122.67,0.0000,90.00,false,
PT,2025,winter,18,134.45,131.26,0.0000,90.00,false,
PT,2025,winter,19,135.00,134.06,0.0000,90.00,false,
PT,2025,winter,20,123.00,123.37,0.0000,90.00,false,
PT,2025,winter,21,113.04,112.74,0.0000,90.00,false,
PT,2025,winter,22,102.47,102.96,0.0000,90.00,false,
PT,2025,winter,23,94.29,100.03,0.0000,90.00,false,
PT,2026,autumn,0,188.05,192.68,0.0000,33.00,true,current_year
PT,2026,autumn,1,182.70,185.97,0.0000,33.00,true,current_year
PT,2026,autumn,2,180.07,183.95,0.0000,33.00,true,current_year
PT,2026,autumn,3,178.69,183.74,0.0000,33.00,true,current_year
PT,2026,autumn,4,181.80,183.92,0.0000,33.00,true,current_year
PT,2026,autumn,5,194.68,192.28,0.0000,33.00,true,current_year
PT,2026,autumn,6,211.36,211.45,0.0000,33.00,true,current_year
PT,2026,autumn,7,205.87,205.32,0.0000,33.00,true,current_year
PT,2026,autumn,8,153.24,165.02,0.0000,33.00,true,current_year
PT,2026,autumn,9,89.67,96.66,0.0530,33.00,true,current_year
PT,2026,autumn,10,52.72,39.16,0.1288,33.00,true,current_year
PT,2026,autumn,11,39.33,22.46,0.1591,33.00,true,current_year
PT,2026,autumn,12,30.98,14.55,0.1591,33.00,true,current_year
PT,2026,autumn,13,32.89,17.35,0.1742,33.00,true,current_year
PT,2026,autumn,14,36.51,23.79,0.1667,33.00,true,current_year
PT,2026,autumn,15,48.94,40.60,0.1061,33.00,true,current_year
PT,2026,autumn,16,83.41,95.25,0.0379,33.00,true,current_year
PT,2026,autumn,17,140.49,151.10,0.0000,33.00,true,current_year
PT,2026,autumn,18,207.86,211.19,0.0000,33.00,true,current_year
PT,2026,autumn,19,236.54,237.84,0.0000,33.00,true,current_year
PT,2026,autumn,20,230.60,227.32,0.0000,33.00,true,current_year
PT,2026,autumn,21,207.31,207.81,0.0000,33.00,true,current_year
PT,2026,autumn,22,192.55,192.07,0.0000,33.00,true,current_year
PT,2026,autumn,23,194.81,196.61,0.0000,32.00,true,current_year
PT,2026,spring,0,64.69,72.84,0.0000,92.00,true,current_year
PT,2026,spring,1,60.52,63.84,0.0000,91.00,true,current_year
PT,2026,spring,2,56.56,58.58,0.0000,92.00,true,current_year
PT,2026,spring,3,55.80,54.74,0.0000,92.00,true,current_year
PT,2026,spring,4,59.10,59.73,0.0000,92.00,true,current_year
PT,2026,spring,5,66.47,66.93,0.0000,92.00,true,current_year
PT,2026,spring,6,74.61,76.87,0.0000,92.00,true,current_year
PT,2026,spring,7,60.94,62.36,0.0299,92.00,true,current_year
PT,2026,spring,8,33.73,24.04,0.1467,92.00,true,current_year
PT,2026,spring,9,14.42,2.49,0.3288,92.00,true,current_year
PT,2026,spring,10,6.85,0.33,0.4375,92.00,true,current_year
PT,2026,spring,11,4.63,0.00,0.5761,92.00,true,current_year
PT,2026,spring,12,3.84,0.00,0.6332,92.00,true,current_year
PT,2026,spring,13,3.89,0.00,0.7011,92.00,true,current_year
PT,2026,spring,14,4.39,0.00,0.6821,92.00,true,current_year
PT,2026,spring,15,5.66,0.00,0.5978,92.00,true,current_year
PT,2026,spring,16,11.11,0.98,0.3886,92.00,true,current_year
PT,2026,spring,17,27.21,13.03,0.1440,92.00,true,current_year
PT,2026,spring,18,61.39,55.07,0.0190,92.00,true,current_year
PT,2026,spring,19,88.73,90.09,0.0000,92.00,true,current_year
PT,2026,spring,20,97.29,99.45,0.0000,92.00,true,current_year
PT,2026,spring,21,89.28,93.63,0.0000,92.00,true,current_year
PT,2026,spring,22,76.94,83.33,0.0000,92.00,true,current_year
PT,2026,spring,23,72.60,81.84,0.0000,92.00,true,current_year
PT,2026,summer,0,142.38,155.69,0.0000,92.00,true,current_year
PT,2026,summer,1,139.17,149.90,0.0000,92.00,true,current_year
PT,2026,summer,2,136.32,147.20,0.0000,92.00,true,current_year
PT,2026,summer,3,134.79,149.24,0.0000,92.00,true,current_year
PT,2026,summer,4,136.43,150.23,0.0000,92.00,true,current_year
PT,2026,summer,5,143.76,152.92,0.0000,92.00,true,current_year
PT,2026,summer,6,144.83,153.74,0.0000,92.00,true,current_year
PT,2026,summer,7,120.91,126.92,0.0082,92.00,true,current_year
PT,2026,summer,8,79.79,91.11,0.0815,92.00,true,current_year
PT,2026,summer,9,50.49,38.54,0.1739,92.00,true,current_year
PT,2026,summer,10,38.02,13.01,0.2418,92.00,true,current_year
PT,2026,summer,11,32.19,6.08,0.3016,92.00,true,current_year
PT,2026,summer,12,27.68,2.09,0.3315,92.00,true,current_year
PT,2026,summer,13,26.54,1.70,0.3560,92.00,true,current_year
PT,2026,summer,14,24.04,1.35,0.3696,92.00,true,current_year
PT,2026,summer,15,28.16,3.30,0.3207,92.00,true,current_year
PT,2026,summer,16,41.37,32.49,0.2201,92.00,true,current_year
PT,2026,summer,17,61.49,76.83,0.0598,92.00,true,current_year
PT,2026,summer,18,103.69,111.58,0.0027,92.00,true,current_year
PT,2026,summer,19,145.91,150.84,0.0000,92.00,true,current_year
PT,2026,summer,20,170.79,172.45,0.0000,92.00,true,current_year
PT,2026,summer,21,165.75,171.99,0.0000,92.00,true,current_year
PT,2026,summer,22,153.16,159.32,0.0000,92.00,true,current_year
PT,2026,summer,23,149.55,159.84,0.0000,92.00,true,current_year
PT,2026,winter,0,36.65,19.91,0.1949,59.00,true,current_year
PT,2026,winter,1,33.63,12.45,0.2246,59.00,true,current_year
PT,2026,winter,2,31.06,10.49,0.2627,59.00,true,current_year
PT,2026,winter,3,29.79,9.39,0.2669,59.00,true,current_year
PT,2026,winter,4,31.39,10.53,0.2542,59.00,true,current_year
PT,2026,winter,5,35.47,21.31,0.1949,59.00,true,current_year
PT,2026,winter,6,42.76,28.71,0.1314,59.00,true,current_year
PT,2026,winter,7,47.44,32.77,0.0975,59.00,true,current_year
PT,2026,winter,8,44.53,17.45,0.0975,59.00,true,current_year
PT,2026,winter,9,37.42,9.95,0.1017,59.00,true,current_year
PT,2026,winter,10,33.06,6.89,0.1568,59.00,true,current_year
PT,2026,winter,11,30.65,3.90,0.1907,59.00,true,current_year
PT,2026,winter,12,29.65,3.78,0.2161,59.00,true,current_year
PT,2026,winter,13,29.95,3.69,0.1949,59.00,true,current_year
PT,2026,winter,14,31.73,3.78,0.1822,59.00,true,current_year
PT,2026,winter,15,36.42,6.86,0.1398,59.00,true,current_year
PT,2026,winter,16,45.55,20.94,0.0763,59.00,true,current_year
PT,2026,winter,17,56.96,37.29,0.0085,59.00,true,current_year
PT,2026,winter,18,68.89,75.96,0.0000,59.00,true,current_year
PT,2026,winter,19,75.22,87.60,0.0000,59.00,true,current_year
PT,2026,winter,20,68.32,73.60,0.0000,59.00,true,current_year
PT,2026,winter,21,54.69,41.63,0.0000,59.00,true,current_year
PT,2026,winter,22,45.60,30.96,0.0000,59.00,true,current_year
PT,2026,winter,23,40.79,24.34,0.0932,59.00,true,current_year
