doc,quote,table,where,expr,fmt,agg,position
README.md,![Negative prices went from rare to routine: 5 of 8 zones topped 500 hours in 2025; before 2023 no zone ever exceeded 298](docs/figures/q1_negative_hours_by_zone.svg),fct_negative_hours,local_year=2025,negative_hours > 500,.0f,sum,1
README.md,![Negative prices went from rare to routine: 5 of 8 zones topped 500 hours in 2025; before 2023 no zone ever exceeded 298](docs/figures/q1_negative_hours_by_zone.svg),none,,threshold in the sentence,,,3
README.md,![Negative prices went from rare to routine: 5 of 8 zones topped 500 hours in 2025; before 2023 no zone ever exceeded 298](docs/figures/q1_negative_hours_by_zone.svg),fct_negative_hours,local_year=2019|2020|2021|2022,negative_hours,num0,max,6
README.md,"- **Rare → routine.** In 2025, 5 of the 8 zones had more than 500 negative hours (hourly mean price below 0, the convention of RTE and REE); before 2023 no zone ever exceeded 298 (Germany, 2020). Checked against RTE (France 2023 to 2025 exact) and published German counts (2019 to 2024 exact).",fct_negative_hours,local_year=2025,negative_hours > 500,.0f,sum,2
README.md,"- **Rare → routine.** In 2025, 5 of the 8 zones had more than 500 negative hours (hourly mean price below 0, the convention of RTE and REE); before 2023 no zone ever exceeded 298 (Germany, 2020). Checked against RTE (France 2023 to 2025 exact) and published German counts (2019 to 2024 exact).",none,,threshold in the sentence,,,4
README.md,"- **Rare → routine.** In 2025, 5 of the 8 zones had more than 500 negative hours (hourly mean price below 0, the convention of RTE and REE); before 2023 no zone ever exceeded 298 (Germany, 2020). Checked against RTE (France 2023 to 2025 exact) and published German counts (2019 to 2024 exact).",fct_negative_hours,local_year=2019|2020|2021|2022,negative_hours,num0,max,7
README.md,"- **2026, like for like.** From 1 Jan to 2 Oct, 2026 had more negative hours than the same dates of 2025 in Spain (747 vs 535), Portugal, France and Poland, and fewer in Germany (471 vs 525), the Netherlands and Belgium.",fct_ytd_comparison,zone=ES;local_year=2026,negative_hours,num2,,6
README.md,"- **2026, like for like.** From 1 Jan to 2 Oct, 2026 had more negative hours than the same dates of 2025 in Spain (747 vs 535), Portugal, France and Poland, and fewer in Germany (471 vs 525), the Netherlands and Belgium.",fct_ytd_comparison,zone=ES;local_year=2025,negative_hours,num2,,7
README.md,"- **2026, like for like.** From 1 Jan to 2 Oct, 2026 had more negative hours than the same dates of 2025 in Spain (747 vs 535), Portugal, France and Poland, and fewer in Germany (471 vs 525), the Netherlands and Belgium.",fct_ytd_comparison,zone=DE_LU;local_year=2026,negative_hours,num2,,8
README.md,"- **2026, like for like.** From 1 Jan to 2 Oct, 2026 had more negative hours than the same dates of 2025 in Spain (747 vs 535), Portugal, France and Poland, and fewer in Germany (471 vs 525), the Netherlands and Belgium.",fct_ytd_comparison,zone=DE_LU;local_year=2025,negative_hours,num2,,9
README.md,"- **Frequency ≠ depth.** Spain had nearly as many negative hours as Germany in 2025 (556 vs 576), but they averaged −2.11 €/MWh vs −10.92.",fct_negative_hours,zone=ES;local_year=2025,negative_hours,num2,,2
README.md,"- **Frequency ≠ depth.** Spain had nearly as many negative hours as Germany in 2025 (556 vs 576), but they averaged −2.11 €/MWh vs −10.92.",fct_negative_hours,zone=DE_LU;local_year=2025,negative_hours,num2,,3
README.md,"- **Frequency ≠ depth.** Spain had nearly as many negative hours as Germany in 2025 (556 vs 576), but they averaged −2.11 €/MWh vs −10.92.",fct_negative_hours,zone=ES;local_year=2025,avg_price_negative_periods,num2,,4
README.md,"- **Frequency ≠ depth.** Spain had nearly as many negative hours as Germany in 2025 (556 vs 576), but they averaged −2.11 €/MWh vs −10.92.",fct_negative_hours,zone=DE_LU;local_year=2025,avg_price_negative_periods,num2,,5
README.md,"- **Spain and Portugal split in 2025.** Portugal had 200 negative hours to Spain's 556, mostly because of May 2025, when imports from Spain were capped after the 28 April blackout (REN, via Bloomberg).",fct_negative_hours,zone=PT;local_year=2025,negative_hours,num2,,2
README.md,"- **Spain and Portugal split in 2025.** Portugal had 200 negative hours to Spain's 556, mostly because of May 2025, when imports from Spain were capped after the 28 April blackout (REN, via Bloomberg).",fct_negative_hours,zone=ES;local_year=2025,negative_hours,num2,,3
README.md,"![In 2025 solar earned only 51% to 59% of the average power price in 5 of 8 zones, down from 92% to 102% in 2019](docs/figures/q2_solar_capture_rate_by_zone.svg)",fct_capture_prices,local_year=2025;zone=BE|DE_LU|PT|ES|FR,solar_capture_rate * 100,.0f,min,2
README.md,"![In 2025 solar earned only 51% to 59% of the average power price in 5 of 8 zones, down from 92% to 102% in 2019](docs/figures/q2_solar_capture_rate_by_zone.svg)",fct_capture_prices,local_year=2025;zone=BE|DE_LU|PT|ES|FR,solar_capture_rate * 100,.0f,max,3
README.md,"![In 2025 solar earned only 51% to 59% of the average power price in 5 of 8 zones, down from 92% to 102% in 2019](docs/figures/q2_solar_capture_rate_by_zone.svg)",fct_capture_prices,local_year=2025,solar_capture_rate < 0.6,.0f,sum,4
README.md,"![In 2025 solar earned only 51% to 59% of the average power price in 5 of 8 zones, down from 92% to 102% in 2019](docs/figures/q2_solar_capture_rate_by_zone.svg)",fct_capture_prices,local_year=2019;zone=BE|DE_LU|PT|ES|FR,solar_capture_rate * 100,.0f,min,6
README.md,"![In 2025 solar earned only 51% to 59% of the average power price in 5 of 8 zones, down from 92% to 102% in 2019](docs/figures/q2_solar_capture_rate_by_zone.svg)",fct_capture_prices,local_year=2019;zone=BE|DE_LU|PT|ES|FR,solar_capture_rate * 100,.0f,max,7
README.md,"- **Solar earns about half the average price.** In 2025 its capture rate was 51 to 59% in Belgium, Germany, Portugal, Spain and France, down from 92 to 102% in 2019. Germany's 2024 solar capture price (46.23 €/MWh) matches the published German solar market value.",fct_capture_prices,local_year=2025;zone=BE|DE_LU|PT|ES|FR,solar_capture_rate * 100,.0f,min,2
README.md,"- **Solar earns about half the average price.** In 2025 its capture rate was 51 to 59% in Belgium, Germany, Portugal, Spain and France, down from 92 to 102% in 2019. Germany's 2024 solar capture price (46.23 €/MWh) matches the published German solar market value.",fct_capture_prices,local_year=2025;zone=BE|DE_LU|PT|ES|FR,solar_capture_rate * 100,.0f,max,3
README.md,"- **Solar earns about half the average price.** In 2025 its capture rate was 51 to 59% in Belgium, Germany, Portugal, Spain and France, down from 92 to 102% in 2019. Germany's 2024 solar capture price (46.23 €/MWh) matches the published German solar market value.",fct_capture_prices,local_year=2019;zone=BE|DE_LU|PT|ES|FR,solar_capture_rate * 100,.0f,min,4
README.md,"- **Solar earns about half the average price.** In 2025 its capture rate was 51 to 59% in Belgium, Germany, Portugal, Spain and France, down from 92 to 102% in 2019. Germany's 2024 solar capture price (46.23 €/MWh) matches the published German solar market value.",fct_capture_prices,local_year=2019;zone=BE|DE_LU|PT|ES|FR,solar_capture_rate * 100,.0f,max,5
README.md,"- **Solar earns about half the average price.** In 2025 its capture rate was 51 to 59% in Belgium, Germany, Portugal, Spain and France, down from 92 to 102% in 2019. Germany's 2024 solar capture price (46.23 €/MWh) matches the published German solar market value.",fct_capture_prices,zone=DE_LU;local_year=2024,solar_capture_price,num2,,8
README.md,"- **More solar, less value, everywhere.** In all 7 zones with usable data (the Netherlands left out; Poland from 2021, its first full year of solar data), solar's share rose and its capture rate fell from 2019 to 2025 (Spain: 6% solar at 102% → 20% at 55%).",none,,count of zones with usable solar data (NL out),,,1
README.md,"- **More solar, less value, everywhere.** In all 7 zones with usable data (the Netherlands left out; Poland from 2021, its first full year of solar data), solar's share rose and its capture rate fell from 2019 to 2025 (Spain: 6% solar at 102% → 20% at 55%).",fct_capture_prices,zone=ES;local_year=2019,solar_share * 100,.0f,,5
README.md,"- **More solar, less value, everywhere.** In all 7 zones with usable data (the Netherlands left out; Poland from 2021, its first full year of solar data), solar's share rose and its capture rate fell from 2019 to 2025 (Spain: 6% solar at 102% → 20% at 55%).",fct_capture_prices,zone=ES;local_year=2019,solar_capture_rate * 100,.0f,,6
README.md,"- **More solar, less value, everywhere.** In all 7 zones with usable data (the Netherlands left out; Poland from 2021, its first full year of solar data), solar's share rose and its capture rate fell from 2019 to 2025 (Spain: 6% solar at 102% → 20% at 55%).",fct_capture_prices,zone=ES;local_year=2025,solar_share * 100,.0f,,7
README.md,"- **More solar, less value, everywhere.** In all 7 zones with usable data (the Netherlands left out; Poland from 2021, its first full year of solar data), solar's share rose and its capture rate fell from 2019 to 2025 (Spain: 6% solar at 102% → 20% at 55%).",fct_capture_prices,zone=ES;local_year=2025,solar_capture_rate * 100,.0f,,8
README.md,"- **2026, like for like.** Over the same dates (1 Jan to 2 Oct), the solar capture rate rose in 2026 in Belgium (47.6% → 55.7%), Germany (48.0% → 51.8%), the Netherlands and North Italy, and fell in Spain, Portugal, France and Poland. No cause is claimed.",fct_ytd_comparison,zone=BE;local_year=2025,solar_capture_rate * 100,.1f,,5
README.md,"- **2026, like for like.** Over the same dates (1 Jan to 2 Oct), the solar capture rate rose in 2026 in Belgium (47.6% → 55.7%), Germany (48.0% → 51.8%), the Netherlands and North Italy, and fell in Spain, Portugal, France and Poland. No cause is claimed.",fct_ytd_comparison,zone=BE;local_year=2026,solar_capture_rate * 100,.1f,,6
README.md,"- **2026, like for like.** Over the same dates (1 Jan to 2 Oct), the solar capture rate rose in 2026 in Belgium (47.6% → 55.7%), Germany (48.0% → 51.8%), the Netherlands and North Italy, and fell in Spain, Portugal, France and Poland. No cause is claimed.",fct_ytd_comparison,zone=DE_LU;local_year=2025,solar_capture_rate * 100,.1f,,7
README.md,"- **2026, like for like.** Over the same dates (1 Jan to 2 Oct), the solar capture rate rose in 2026 in Belgium (47.6% → 55.7%), Germany (48.0% → 51.8%), the Netherlands and North Italy, and fell in Spain, Portugal, France and Poland. No cause is claimed.",fct_ytd_comparison,zone=DE_LU;local_year=2026,solar_capture_rate * 100,.1f,,8
README.md,"- **Wind holds up.** Wind kept 86 to 97% of the average price in 2025 in 7 zones. North Italy's 102% is left out: wind is 0.3% of its reported generation, too little to compare.",fct_capture_prices,local_year=2025;zone=BE|DE_LU|ES|FR|NL|PL|PT,wind_capture_rate * 100,.0f,min,1
README.md,"- **Wind holds up.** Wind kept 86 to 97% of the average price in 2025 in 7 zones. North Italy's 102% is left out: wind is 0.3% of its reported generation, too little to compare.",fct_capture_prices,local_year=2025;zone=BE|DE_LU|ES|FR|NL|PL|PT,wind_capture_rate * 100,.0f,max,2
README.md,"- **Wind holds up.** Wind kept 86 to 97% of the average price in 2025 in 7 zones. North Italy's 102% is left out: wind is 0.3% of its reported generation, too little to compare.",none,,count of zones in the wind range,,,4
README.md,"- **Wind holds up.** Wind kept 86 to 97% of the average price in 2025 in 7 zones. North Italy's 102% is left out: wind is 0.3% of its reported generation, too little to compare.",fct_capture_prices,zone=IT_NORD;local_year=2025,wind_capture_rate * 100,.0f,,5
README.md,"- **Wind holds up.** Wind kept 86 to 97% of the average price in 2025 in 7 zones. North Italy's 102% is left out: wind is 0.3% of its reported generation, too little to compare.",fct_capture_prices,zone=IT_NORD;local_year=2025,wind_share * 100,.1f,,6
README.md,"- **Caveat:** generation is *as reported to ENTSO-E*. For France it is 6% below the national figure (23.3 vs 24.8 TWh of solar in 2024, RTE); the Netherlands' solar series misses ~98% of Dutch solar, so NL solar figures are indicative only (its wind series is usable). Capture prices match each generation period to the price over the same span (15-min where both are 15-min, from Oct 2025).",fct_capture_prices,zone=FR;local_year=2024,(1 - solar_mwh / 1e6 / 24.8) * 100,.0f,,1
README.md,"- **Caveat:** generation is *as reported to ENTSO-E*. For France it is 6% below the national figure (23.3 vs 24.8 TWh of solar in 2024, RTE); the Netherlands' solar series misses ~98% of Dutch solar, so NL solar figures are indicative only (its wind series is usable). Capture prices match each generation period to the price over the same span (15-min where both are 15-min, from Oct 2025).",fct_capture_prices,zone=FR;local_year=2024,solar_mwh / 1e6,.1f,,2
README.md,"- **Caveat:** generation is *as reported to ENTSO-E*. For France it is 6% below the national figure (23.3 vs 24.8 TWh of solar in 2024, RTE); the Netherlands' solar series misses ~98% of Dutch solar, so NL solar figures are indicative only (its wind series is usable). Capture prices match each generation period to the price over the same span (15-min where both are 15-min, from Oct 2025).",none,,external: RTE Bilan électrique 2024,,,3
README.md,"- **Caveat:** generation is *as reported to ENTSO-E*. For France it is 6% below the national figure (23.3 vs 24.8 TWh of solar in 2024, RTE); the Netherlands' solar series misses ~98% of Dutch solar, so NL solar figures are indicative only (its wind series is usable). Capture prices match each generation period to the price over the same span (15-min where both are 15-min, from Oct 2025).",none,,external: 0.49 TWh on ENTSO-E vs 22 TWh in CBS statistics,,,5
README.md,"![Day-ahead arbitrage paid most in Poland in 2025: up to €86k per MW, vs €37k in North Italy](docs/figures/q3_revenue_by_zone_2025.svg)",fct_battery_arbitrage,zone=PL;local_year=2025;battery_duration_h=2,revenue_eur_per_mw / 1000,.0f,,2
README.md,"![Day-ahead arbitrage paid most in Poland in 2025: up to €86k per MW, vs €37k in North Italy](docs/figures/q3_revenue_by_zone_2025.svg)",fct_battery_arbitrage,zone=IT_NORD;local_year=2025;battery_duration_h=2,revenue_eur_per_mw / 1000,.0f,,3
README.md,"- **Up to €86k per MW in 2025.** A 1 MW / 2 MWh battery trading the day-ahead market could have earned at most €85.6k per MW in Poland, €76.1k in Germany and the Netherlands, and €36.6k in North Italy. Germany 2024 (€66k) is the same order of magnitude as a published day-ahead-only estimate (~€70k, Gridcog; its assumptions are not published).",fct_battery_arbitrage,zone=PL;local_year=2025;battery_duration_h=2,revenue_eur_per_mw / 1000,.0f,,1
README.md,"- **Up to €86k per MW in 2025.** A 1 MW / 2 MWh battery trading the day-ahead market could have earned at most €85.6k per MW in Poland, €76.1k in Germany and the Netherlands, and €36.6k in North Italy. Germany 2024 (€66k) is the same order of magnitude as a published day-ahead-only estimate (~€70k, Gridcog; its assumptions are not published).",fct_battery_arbitrage,zone=PL;local_year=2025;battery_duration_h=2,revenue_eur_per_mw / 1000,.1f,,5
README.md,"- **Up to €86k per MW in 2025.** A 1 MW / 2 MWh battery trading the day-ahead market could have earned at most €85.6k per MW in Poland, €76.1k in Germany and the Netherlands, and €36.6k in North Italy. Germany 2024 (€66k) is the same order of magnitude as a published day-ahead-only estimate (~€70k, Gridcog; its assumptions are not published).",fct_battery_arbitrage,zone=DE_LU;local_year=2025;battery_duration_h=2,revenue_eur_per_mw / 1000,.1f,,6
README.md,"- **Up to €86k per MW in 2025.** A 1 MW / 2 MWh battery trading the day-ahead market could have earned at most €85.6k per MW in Poland, €76.1k in Germany and the Netherlands, and €36.6k in North Italy. Germany 2024 (€66k) is the same order of magnitude as a published day-ahead-only estimate (~€70k, Gridcog; its assumptions are not published).",fct_battery_arbitrage,zone=IT_NORD;local_year=2025;battery_duration_h=2,revenue_eur_per_mw / 1000,.1f,,7
README.md,"- **Up to €86k per MW in 2025.** A 1 MW / 2 MWh battery trading the day-ahead market could have earned at most €85.6k per MW in Poland, €76.1k in Germany and the Netherlands, and €36.6k in North Italy. Germany 2024 (€66k) is the same order of magnitude as a published day-ahead-only estimate (~€70k, Gridcog; its assumptions are not published).",fct_battery_arbitrage,zone=DE_LU;local_year=2024;battery_duration_h=2,revenue_eur_per_mw / 1000,.0f,,9
README.md,"- **Up to €86k per MW in 2025.** A 1 MW / 2 MWh battery trading the day-ahead market could have earned at most €85.6k per MW in Poland, €76.1k in Germany and the Netherlands, and €36.6k in North Italy. Germany 2024 (€66k) is the same order of magnitude as a published day-ahead-only estimate (~€70k, Gridcog; its assumptions are not published).",none,,external: Gridcog,,,10
README.md,"- **2026, like for like.** From 1 Jan to 2 Oct, a battery earned more in 2026 than over the same dates of 2025 in all 8 zones: +23% to +52% at 15-min prices, and +16% to +42% when 2026 is re-solved on hourly prices (15-minute products add 2 to 10%).",q3_hourly_resolve_ytd,,change_vs_2025_native * 100,+.0f,min,7
README.md,"- **2026, like for like.** From 1 Jan to 2 Oct, a battery earned more in 2026 than over the same dates of 2025 in all 8 zones: +23% to +52% at 15-min prices, and +16% to +42% when 2026 is re-solved on hourly prices (15-minute products add 2 to 10%).",q3_hourly_resolve_ytd,,change_vs_2025_native * 100,+.0f,max,8
README.md,"- **2026, like for like.** From 1 Jan to 2 Oct, a battery earned more in 2026 than over the same dates of 2025 in all 8 zones: +23% to +52% at 15-min prices, and +16% to +42% when 2026 is re-solved on hourly prices (15-minute products add 2 to 10%).",q3_hourly_resolve_ytd,,change_vs_2025_hourly * 100,+.0f,min,10
README.md,"- **2026, like for like.** From 1 Jan to 2 Oct, a battery earned more in 2026 than over the same dates of 2025 in all 8 zones: +23% to +52% at 15-min prices, and +16% to +42% when 2026 is re-solved on hourly prices (15-minute products add 2 to 10%).",q3_hourly_resolve_ytd,,change_vs_2025_hourly * 100,+.0f,max,11
README.md,"- **2026, like for like.** From 1 Jan to 2 Oct, a battery earned more in 2026 than over the same dates of 2025 in all 8 zones: +23% to +52% at 15-min prices, and +16% to +42% when 2026 is re-solved on hourly prices (15-minute products add 2 to 10%).",q3_hourly_resolve_ytd,,added_by_15min * 100,.0f,min,3
README.md,"- **2026, like for like.** From 1 Jan to 2 Oct, a battery earned more in 2026 than over the same dates of 2025 in all 8 zones: +23% to +52% at 15-min prices, and +16% to +42% when 2026 is re-solved on hourly prices (15-minute products add 2 to 10%).",q3_hourly_resolve_ytd,,added_by_15min * 100,.0f,max,15
README.md,"- **Negative hours are a signal, not the money.** Zones and years with more negative hours earned more: r = 0.40 across all 55 full zone-years, 0.76 without 2022. These are not independent points (coupled zones move together) and both series trend upward, so part of this is a shared time trend, not a link. Being paid to charge was at most 11% of a year's revenue.",q3_negative_hours_correlation,scope=all,r,.2f,,1
README.md,"- **Negative hours are a signal, not the money.** Zones and years with more negative hours earned more: r = 0.40 across all 55 full zone-years, 0.76 without 2022. These are not independent points (coupled zones move together) and both series trend upward, so part of this is a shared time trend, not a link. Being paid to charge was at most 11% of a year's revenue.",q3_negative_hours_correlation,scope=all,n,.0f,,2
README.md,"- **Negative hours are a signal, not the money.** Zones and years with more negative hours earned more: r = 0.40 across all 55 full zone-years, 0.76 without 2022. These are not independent points (coupled zones move together) and both series trend upward, so part of this is a shared time trend, not a link. Being paid to charge was at most 11% of a year's revenue.",q3_negative_hours_correlation,scope=without_2022,r,.2f,,3
README.md,"- **Negative hours are a signal, not the money.** Zones and years with more negative hours earned more: r = 0.40 across all 55 full zone-years, 0.76 without 2022. These are not independent points (coupled zones move together) and both series trend upward, so part of this is a shared time trend, not a link. Being paid to charge was at most 11% of a year's revenue.",fct_battery_arbitrage,local_year=2019|2020|2021|2022|2023|2024|2025;battery_duration_h=2,negative_revenue_share * 100,.0f,max,5
README.md,"- **Longer batteries earn more, less per hour added.** In 2025, 4 hours earned 64 to 76% more than 2 hours.",q3_duration_gain_2025,,gain_4h_vs_2h * 100,.0f,min,3
README.md,"- **Longer batteries earn more, less per hour added.** In 2025, 4 hours earned 64 to 76% more than 2 hours.",q3_duration_gain_2025,,gain_4h_vs_2h * 100,.0f,max,4
README.md,"![Smart charging cut an EV's wholesale cost by 67% to 74% in 2025, except in North Italy (39%)](docs/figures/q4_smart_charging_savings_2025.svg)",fct_ev_charging,local_year=2025;season=year;zone=BE|DE_LU|ES|FR|NL|PL|PT,smart_savings_share * 100,.0f,min,1
README.md,"![Smart charging cut an EV's wholesale cost by 67% to 74% in 2025, except in North Italy (39%)](docs/figures/q4_smart_charging_savings_2025.svg)",fct_ev_charging,local_year=2025;season=year;zone=BE|DE_LU|ES|FR|NL|PL|PT,smart_savings_share * 100,.0f,max,2
README.md,"![Smart charging cut an EV's wholesale cost by 67% to 74% in 2025, except in North Italy (39%)](docs/figures/q4_smart_charging_savings_2025.svg)",fct_ev_charging,local_year=2025;season=year;zone=IT_NORD,smart_savings_share * 100,.0f,,4
README.md,"- **Smart charging cuts the wholesale cost by about 70%.** For 10 kWh a day at 7 kW, charging in the cheapest block of the day instead of at 18:00 saved €182 to €368 a year in 2025 (67% to 74%; North Italy 39%).",none,,rounded summary of the 67% to 74% range,,,1
README.md,"- **Smart charging cuts the wholesale cost by about 70%.** For 10 kWh a day at 7 kW, charging in the cheapest block of the day instead of at 18:00 saved €182 to €368 a year in 2025 (67% to 74%; North Italy 39%).",fct_ev_charging,local_year=2025;season=year;zone=BE|DE_LU|ES|FR|NL|PL|PT,smart_savings_eur_per_year,.0f,min,6
README.md,"- **Smart charging cuts the wholesale cost by about 70%.** For 10 kWh a day at 7 kW, charging in the cheapest block of the day instead of at 18:00 saved €182 to €368 a year in 2025 (67% to 74%; North Italy 39%).",fct_ev_charging,local_year=2025;season=year;zone=BE|DE_LU|ES|FR|NL|PL|PT,smart_savings_eur_per_year,.0f,max,7
README.md,"- **Smart charging cuts the wholesale cost by about 70%.** For 10 kWh a day at 7 kW, charging in the cheapest block of the day instead of at 18:00 saved €182 to €368 a year in 2025 (67% to 74%; North Italy 39%).",fct_ev_charging,local_year=2025;season=year;zone=BE|DE_LU|ES|FR|NL|PL|PT,smart_savings_share * 100,.0f,min,9
README.md,"- **Smart charging cuts the wholesale cost by about 70%.** For 10 kWh a day at 7 kW, charging in the cheapest block of the day instead of at 18:00 saved €182 to €368 a year in 2025 (67% to 74%; North Italy 39%).",fct_ev_charging,local_year=2025;season=year;zone=BE|DE_LU|ES|FR|NL|PL|PT,smart_savings_share * 100,.0f,max,10
README.md,"- **Smart charging cuts the wholesale cost by about 70%.** For 10 kWh a day at 7 kW, charging in the cheapest block of the day instead of at 18:00 saved €182 to €368 a year in 2025 (67% to 74%; North Italy 39%).",fct_ev_charging,local_year=2025;season=year;zone=IT_NORD,smart_savings_share * 100,.0f,,11
README.md,"- **""Charge at night"" is losing its edge.** Overnight charging got 88% to 100% of the smart saving in 2019, only 23% to 67% in 2025. In Spain, from 1 Jan to 2 Oct 2026, it cost 34.9% more than charging at 18:00; over the same dates of 2025 it was still 4.1% cheaper.",fct_ev_charging,zone=BE|DE_LU|ES|FR|IT_NORD|NL|PT;local_year=2019;season=year,overnight_savings_share / smart_savings_share * 100,.0f,min,1
README.md,"- **""Charge at night"" is losing its edge.** Overnight charging got 88% to 100% of the smart saving in 2019, only 23% to 67% in 2025. In Spain, from 1 Jan to 2 Oct 2026, it cost 34.9% more than charging at 18:00; over the same dates of 2025 it was still 4.1% cheaper.",fct_ev_charging,zone=PL;local_year=2020;season=year,overnight_savings_share / smart_savings_share * 100,.0f,,2
README.md,"- **""Charge at night"" is losing its edge.** Overnight charging got 88% to 100% of the smart saving in 2019, only 23% to 67% in 2025. In Spain, from 1 Jan to 2 Oct 2026, it cost 34.9% more than charging at 18:00; over the same dates of 2025 it was still 4.1% cheaper.",fct_ev_charging,zone=BE|DE_LU|ES|FR|IT_NORD|NL|PL|PT;local_year=2025;season=year,overnight_savings_share / smart_savings_share * 100,.0f,min,4
README.md,"- **""Charge at night"" is losing its edge.** Overnight charging got 88% to 100% of the smart saving in 2019, only 23% to 67% in 2025. In Spain, from 1 Jan to 2 Oct 2026, it cost 34.9% more than charging at 18:00; over the same dates of 2025 it was still 4.1% cheaper.",fct_ev_charging,zone=BE|DE_LU|ES|FR|IT_NORD|NL|PL|PT;local_year=2025;season=year,overnight_savings_share / smart_savings_share * 100,.0f,max,5
README.md,"- **""Charge at night"" is losing its edge.** Overnight charging got 88% to 100% of the smart saving in 2019, only 23% to 67% in 2025. In Spain, from 1 Jan to 2 Oct 2026, it cost 34.9% more than charging at 18:00; over the same dates of 2025 it was still 4.1% cheaper.",fct_ytd_comparison,zone=ES;local_year=2026,-ev_overnight_saving_share * 100,.1f,,10
README.md,"- **""Charge at night"" is losing its edge.** Overnight charging got 88% to 100% of the smart saving in 2019, only 23% to 67% in 2025. In Spain, from 1 Jan to 2 Oct 2026, it cost 34.9% more than charging at 18:00; over the same dates of 2025 it was still 4.1% cheaper.",fct_ytd_comparison,zone=ES;local_year=2025,ev_overnight_saving_share * 100,.1f,,14
README.md,uv sync                       # creates .venv with Python 3.12 and all dependencies,none,,software version,,,1
README.md,"- `resolution_minutes` is read from the data, never assumed. Prices are 60 until the market",none,,minutes (resolution),,,1
README.md,"  switched to 15-minute products on 2025-10-01, then 15; generation and load vary by zone",none,,minutes (resolution),,,1
README.md,uv run python -m models.run_battery          # battery LP for every zone-day (~3 min) → battery.arbitrage_daily,none,,run time,,,1
README.md,python3 -m http.server 8000 --directory dashboard   # then open http://localhost:8000,none,,local port,,,1
control-room/06 Findings/Q1-1 Negative hours became routine.md,"In 2025, 5 of the 8 zones had more than 500 negative hours; before 2023 no zone ever exceeded 298 (Germany-Luxembourg, 2020).",fct_negative_hours,local_year=2025,negative_hours > 500,.0f,sum,2
control-room/06 Findings/Q1-1 Negative hours became routine.md,"In 2025, 5 of the 8 zones had more than 500 negative hours; before 2023 no zone ever exceeded 298 (Germany-Luxembourg, 2020).",none,,threshold,,,4
control-room/06 Findings/Q1-1 Negative hours became routine.md,"In 2025, 5 of the 8 zones had more than 500 negative hours; before 2023 no zone ever exceeded 298 (Germany-Luxembourg, 2020).",fct_negative_hours,local_year=2019|2020|2021|2022,negative_hours,num0,max,6
control-room/06 Findings/Q1-1 Negative hours became routine.md,| NL | 85 | 316 | 458 | 584 |,fct_negative_hours,zone=NL;local_year=2022,negative_hours,num2,,1
control-room/06 Findings/Q1-1 Negative hours became routine.md,| NL | 85 | 316 | 458 | 584 |,fct_negative_hours,zone=NL;local_year=2023,negative_hours,num2,,2
control-room/06 Findings/Q1-1 Negative hours became routine.md,| NL | 85 | 316 | 458 | 584 |,fct_negative_hours,zone=NL;local_year=2024,negative_hours,num2,,3
control-room/06 Findings/Q1-1 Negative hours became routine.md,| NL | 85 | 316 | 458 | 584 |,fct_negative_hours,zone=NL;local_year=2025,negative_hours,num2,,4
control-room/06 Findings/Q1-1 Negative hours became routine.md,| DE_LU | 69 | 301 | 457 | 576 |,fct_negative_hours,zone=DE_LU;local_year=2022,negative_hours,num2,,1
control-room/06 Findings/Q1-1 Negative hours became routine.md,| DE_LU | 69 | 301 | 457 | 576 |,fct_negative_hours,zone=DE_LU;local_year=2023,negative_hours,num2,,2
control-room/06 Findings/Q1-1 Negative hours became routine.md,| DE_LU | 69 | 301 | 457 | 576 |,fct_negative_hours,zone=DE_LU;local_year=2024,negative_hours,num2,,3
control-room/06 Findings/Q1-1 Negative hours became routine.md,| DE_LU | 69 | 301 | 457 | 576 |,fct_negative_hours,zone=DE_LU;local_year=2025,negative_hours,num2,,4
control-room/06 Findings/Q1-1 Negative hours became routine.md,| ES | 0 | 0 | 247 | 556 |,fct_negative_hours,zone=ES;local_year=2022,negative_hours,num2,,1
control-room/06 Findings/Q1-1 Negative hours became routine.md,| ES | 0 | 0 | 247 | 556 |,fct_negative_hours,zone=ES;local_year=2022,negative_hours,num2,,2
control-room/06 Findings/Q1-1 Negative hours became routine.md,| ES | 0 | 0 | 247 | 556 |,fct_negative_hours,zone=ES;local_year=2024,negative_hours,num2,,3
control-room/06 Findings/Q1-1 Negative hours became routine.md,| ES | 0 | 0 | 247 | 556 |,fct_negative_hours,zone=ES;local_year=2025,negative_hours,num2,,4
control-room/06 Findings/Q1-1 Negative hours became routine.md,| BE | 112 | 222 | 404 | 519 |,fct_negative_hours,zone=BE;local_year=2022,negative_hours,num2,,1
control-room/06 Findings/Q1-1 Negative hours became routine.md,| BE | 112 | 222 | 404 | 519 |,fct_negative_hours,zone=BE;local_year=2023,negative_hours,num2,,2
control-room/06 Findings/Q1-1 Negative hours became routine.md,| BE | 112 | 222 | 404 | 519 |,fct_negative_hours,zone=BE;local_year=2024,negative_hours,num2,,3
control-room/06 Findings/Q1-1 Negative hours became routine.md,| BE | 112 | 222 | 404 | 519 |,fct_negative_hours,zone=BE;local_year=2025,negative_hours,num2,,4
control-room/06 Findings/Q1-1 Negative hours became routine.md,| FR | 4 | 147 | 352 | 513 |,fct_negative_hours,zone=FR;local_year=2022,negative_hours,num2,,1
control-room/06 Findings/Q1-1 Negative hours became routine.md,| FR | 4 | 147 | 352 | 513 |,fct_negative_hours,zone=FR;local_year=2023,negative_hours,num2,,2
control-room/06 Findings/Q1-1 Negative hours became routine.md,| FR | 4 | 147 | 352 | 513 |,fct_negative_hours,zone=FR;local_year=2024,negative_hours,num2,,3
control-room/06 Findings/Q1-1 Negative hours became routine.md,| FR | 4 | 147 | 352 | 513 |,fct_negative_hours,zone=FR;local_year=2025,negative_hours,num2,,4
control-room/06 Findings/Q1-1 Negative hours became routine.md,| PL | 0 | 43 | 197 | 310 |,fct_negative_hours,zone=PL;local_year=2022,negative_hours,num2,,1
control-room/06 Findings/Q1-1 Negative hours became routine.md,| PL | 0 | 43 | 197 | 310 |,fct_negative_hours,zone=PL;local_year=2023,negative_hours,num2,,2
control-room/06 Findings/Q1-1 Negative hours became routine.md,| PL | 0 | 43 | 197 | 310 |,fct_negative_hours,zone=PL;local_year=2024,negative_hours,num2,,3
control-room/06 Findings/Q1-1 Negative hours became routine.md,| PL | 0 | 43 | 197 | 310 |,fct_negative_hours,zone=PL;local_year=2025,negative_hours,num2,,4
control-room/06 Findings/Q1-1 Negative hours became routine.md,| PT | 0 | 0 | 196 | 200 |,fct_negative_hours,zone=PT;local_year=2022,negative_hours,num2,,1
control-room/06 Findings/Q1-1 Negative hours became routine.md,| PT | 0 | 0 | 196 | 200 |,fct_negative_hours,zone=PT;local_year=2022,negative_hours,num2,,2
control-room/06 Findings/Q1-1 Negative hours became routine.md,| PT | 0 | 0 | 196 | 200 |,fct_negative_hours,zone=PT;local_year=2024,negative_hours,num2,,3
control-room/06 Findings/Q1-1 Negative hours became routine.md,| PT | 0 | 0 | 196 | 200 |,fct_negative_hours,zone=PT;local_year=2025,negative_hours,num2,,4
control-room/06 Findings/Q1-1 Negative hours became routine.md,| IT_NORD | 0 | 0 | 0 | 0 |,fct_negative_hours,zone=IT_NORD;local_year=2022,negative_hours,num2,,1
control-room/06 Findings/Q1-1 Negative hours became routine.md,| IT_NORD | 0 | 0 | 0 | 0 |,fct_negative_hours,zone=IT_NORD;local_year=2022,negative_hours,num2,,2
control-room/06 Findings/Q1-1 Negative hours became routine.md,| IT_NORD | 0 | 0 | 0 | 0 |,fct_negative_hours,zone=IT_NORD;local_year=2022,negative_hours,num2,,3
control-room/06 Findings/Q1-1 Negative hours became routine.md,| IT_NORD | 0 | 0 | 0 | 0 |,fct_negative_hours,zone=IT_NORD;local_year=2022,negative_hours,num2,,4
control-room/06 Findings/Q1-1 Negative hours became routine.md,"- Germany-Luxembourg went from 69 h (2022) to 576 h (2025), 8.3× more.",fct_negative_hours,zone=DE_LU;local_year=2022,negative_hours,num0,,1
control-room/06 Findings/Q1-1 Negative hours became routine.md,"- Germany-Luxembourg went from 69 h (2022) to 576 h (2025), 8.3× more.",fct_negative_hours,zone=DE_LU;local_year=2025,negative_hours,num0,,3
control-room/06 Findings/Q1-1 Negative hours became routine.md,"- Germany-Luxembourg went from 69 h (2022) to 576 h (2025), 8.3× more.",fct_negative_hours,zone=DE_LU;local_year=2022|2025,negative_hours,.1f,ratio,5
control-room/06 Findings/Q1-1 Negative hours became routine.md,"- Spain and Portugal had **no** negative hours until 2024 (ES 247 h, PT 196 h in 2024).",fct_negative_hours,zone=ES;local_year=2024,negative_hours,num2,,2
control-room/06 Findings/Q1-1 Negative hours became routine.md,"- Spain and Portugal had **no** negative hours until 2024 (ES 247 h, PT 196 h in 2024).",fct_negative_hours,zone=PT;local_year=2024,negative_hours,num2,,3
control-room/06 Findings/Q1-1 Negative hours became routine.md,- Before 2023 the highest count in any zone and year was 298 (DE_LU 2020).,fct_negative_hours,zone=DE_LU;local_year=2020,negative_hours,num2,,2
control-room/06 Findings/Q1-1 Negative hours became routine.md,| ES | 535 | 747 | +212 |,fct_ytd_comparison,zone=ES;local_year=2025,negative_hours,num2,,1
control-room/06 Findings/Q1-1 Negative hours became routine.md,| ES | 535 | 747 | +212 |,fct_ytd_comparison,zone=ES;local_year=2026,negative_hours,num2,,2
control-room/06 Findings/Q1-1 Negative hours became routine.md,| ES | 535 | 747 | +212 |,fct_ytd_comparison,zone=ES;local_year=2025|2026,negative_hours,+.0f,diff,3
control-room/06 Findings/Q1-1 Negative hours became routine.md,| PT | 190 | 599 | +409 |,fct_ytd_comparison,zone=PT;local_year=2025,negative_hours,num2,,1
control-room/06 Findings/Q1-1 Negative hours became routine.md,| PT | 190 | 599 | +409 |,fct_ytd_comparison,zone=PT;local_year=2026,negative_hours,num2,,2
control-room/06 Findings/Q1-1 Negative hours became routine.md,| PT | 190 | 599 | +409 |,fct_ytd_comparison,zone=PT;local_year=2025|2026,negative_hours,+.0f,diff,3
control-room/06 Findings/Q1-1 Negative hours became routine.md,| FR | 493 | 563 | +70 |,fct_ytd_comparison,zone=FR;local_year=2025,negative_hours,num2,,1
control-room/06 Findings/Q1-1 Negative hours became routine.md,| FR | 493 | 563 | +70 |,fct_ytd_comparison,zone=FR;local_year=2026,negative_hours,num2,,2
control-room/06 Findings/Q1-1 Negative hours became routine.md,| FR | 493 | 563 | +70 |,fct_ytd_comparison,zone=FR;local_year=2025|2026,negative_hours,+.0f,diff,3
control-room/06 Findings/Q1-1 Negative hours became routine.md,| PL | 305 | 314 | +9 |,fct_ytd_comparison,zone=PL;local_year=2025,negative_hours,num2,,1
control-room/06 Findings/Q1-1 Negative hours became routine.md,| PL | 305 | 314 | +9 |,fct_ytd_comparison,zone=PL;local_year=2026,negative_hours,num2,,2
control-room/06 Findings/Q1-1 Negative hours became routine.md,| PL | 305 | 314 | +9 |,fct_ytd_comparison,zone=PL;local_year=2025|2026,negative_hours,+.0f,diff,3
control-room/06 Findings/Q1-1 Negative hours became routine.md,| DE_LU | 525 | 471 | −54 |,fct_ytd_comparison,zone=DE_LU;local_year=2025,negative_hours,num2,,1
control-room/06 Findings/Q1-1 Negative hours became routine.md,| DE_LU | 525 | 471 | −54 |,fct_ytd_comparison,zone=DE_LU;local_year=2026,negative_hours,num2,,2
control-room/06 Findings/Q1-1 Negative hours became routine.md,| DE_LU | 525 | 471 | −54 |,fct_ytd_comparison,zone=DE_LU;local_year=2025|2026,negative_hours,+.0f,diff,3
control-room/06 Findings/Q1-1 Negative hours became routine.md,| NL | 538 | 388 | −150 |,fct_ytd_comparison,zone=NL;local_year=2025,negative_hours,num2,,1
control-room/06 Findings/Q1-1 Negative hours became routine.md,| NL | 538 | 388 | −150 |,fct_ytd_comparison,zone=NL;local_year=2026,negative_hours,num2,,2
control-room/06 Findings/Q1-1 Negative hours became routine.md,| NL | 538 | 388 | −150 |,fct_ytd_comparison,zone=NL;local_year=2025|2026,negative_hours,+.0f,diff,3
control-room/06 Findings/Q1-1 Negative hours became routine.md,| BE | 488 | 298 | −190 |,fct_ytd_comparison,zone=BE;local_year=2025,negative_hours,num2,,1
control-room/06 Findings/Q1-1 Negative hours became routine.md,| BE | 488 | 298 | −190 |,fct_ytd_comparison,zone=BE;local_year=2026,negative_hours,num2,,2
control-room/06 Findings/Q1-1 Negative hours became routine.md,| BE | 488 | 298 | −190 |,fct_ytd_comparison,zone=BE;local_year=2025|2026,negative_hours,+.0f,diff,3
control-room/06 Findings/Q1-1 Negative hours became routine.md,| IT_NORD | 0 | 0 | 0 |,fct_ytd_comparison,zone=IT_NORD;local_year=2025,negative_hours,num2,,1
control-room/06 Findings/Q1-1 Negative hours became routine.md,| IT_NORD | 0 | 0 | 0 |,fct_ytd_comparison,zone=IT_NORD;local_year=2025,negative_hours,num2,,2
control-room/06 Findings/Q1-1 Negative hours became routine.md,| IT_NORD | 0 | 0 | 0 |,fct_ytd_comparison,zone=IT_NORD;local_year=2025,negative_hours,num2,,3
control-room/06 Findings/Q1-1 Negative hours became routine.md,"North Italy cannot go negative by market rule: GME accepts day-ahead offers only at or above 0 €/MWh ([[Q1-3 Share of hours at or below zero 2026|Q1-3]]), so its 0 reflects market design, not only its generation mix.",none,,IT_NORD has no negative hours by rule (table above),,,1
control-room/06 Findings/Q1-1 Negative hours became routine.md,"`fct_negative_hours` (full years) and `fct_ytd_comparison` (same window each year), notebook `analysis/q1_negative_hours.ipynb`, charts 1 and 1b. A negative hour is an hour whose hourly mean price is below 0, the convention of published counts; local calendar years ([[04 Decisions/ADR-005 Negative Hours Metric|ADR-005]]). Checked against published counts: Germany 2019 to 2024 exact; France 2023 (147), 2024 (352) and 2025 (513) exact against RTE; Spain 2025: 556 vs 556 and 555 in two pv-magazine reports (see ADR-005).",none,,chart numbers,,,1
control-room/06 Findings/Q1-1 Negative hours became routine.md,"`fct_negative_hours` (full years) and `fct_ytd_comparison` (same window each year), notebook `analysis/q1_negative_hours.ipynb`, charts 1 and 1b. A negative hour is an hour whose hourly mean price is below 0, the convention of published counts; local calendar years ([[04 Decisions/ADR-005 Negative Hours Metric|ADR-005]]). Checked against published counts: Germany 2019 to 2024 exact; France 2023 (147), 2024 (352) and 2025 (513) exact against RTE; Spain 2025: 556 vs 556 and 555 in two pv-magazine reports (see ADR-005).",none,,chart numbers,,,2
control-room/06 Findings/Q1-1 Negative hours became routine.md,"`fct_negative_hours` (full years) and `fct_ytd_comparison` (same window each year), notebook `analysis/q1_negative_hours.ipynb`, charts 1 and 1b. A negative hour is an hour whose hourly mean price is below 0, the convention of published counts; local calendar years ([[04 Decisions/ADR-005 Negative Hours Metric|ADR-005]]). Checked against published counts: Germany 2019 to 2024 exact; France 2023 (147), 2024 (352) and 2025 (513) exact against RTE; Spain 2025: 556 vs 556 and 555 in two pv-magazine reports (see ADR-005).",fct_negative_hours,zone=FR;local_year=2023,negative_hours,num2,,10
control-room/06 Findings/Q1-1 Negative hours became routine.md,"`fct_negative_hours` (full years) and `fct_ytd_comparison` (same window each year), notebook `analysis/q1_negative_hours.ipynb`, charts 1 and 1b. A negative hour is an hour whose hourly mean price is below 0, the convention of published counts; local calendar years ([[04 Decisions/ADR-005 Negative Hours Metric|ADR-005]]). Checked against published counts: Germany 2019 to 2024 exact; France 2023 (147), 2024 (352) and 2025 (513) exact against RTE; Spain 2025: 556 vs 556 and 555 in two pv-magazine reports (see ADR-005).",fct_negative_hours,zone=FR;local_year=2024,negative_hours,num2,,12
control-room/06 Findings/Q1-1 Negative hours became routine.md,"`fct_negative_hours` (full years) and `fct_ytd_comparison` (same window each year), notebook `analysis/q1_negative_hours.ipynb`, charts 1 and 1b. A negative hour is an hour whose hourly mean price is below 0, the convention of published counts; local calendar years ([[04 Decisions/ADR-005 Negative Hours Metric|ADR-005]]). Checked against published counts: Germany 2019 to 2024 exact; France 2023 (147), 2024 (352) and 2025 (513) exact against RTE; Spain 2025: 556 vs 556 and 555 in two pv-magazine reports (see ADR-005).",fct_negative_hours,zone=FR;local_year=2025,negative_hours,num2,,14
control-room/06 Findings/Q1-1 Negative hours became routine.md,"`fct_negative_hours` (full years) and `fct_ytd_comparison` (same window each year), notebook `analysis/q1_negative_hours.ipynb`, charts 1 and 1b. A negative hour is an hour whose hourly mean price is below 0, the convention of published counts; local calendar years ([[04 Decisions/ADR-005 Negative Hours Metric|ADR-005]]). Checked against published counts: Germany 2019 to 2024 exact; France 2023 (147), 2024 (352) and 2025 (513) exact against RTE; Spain 2025: 556 vs 556 and 555 in two pv-magazine reports (see ADR-005).",fct_negative_hours,zone=ES;local_year=2025,negative_hours,num2,,16
control-room/06 Findings/Q1-1 Negative hours became routine.md,"`fct_negative_hours` (full years) and `fct_ytd_comparison` (same window each year), notebook `analysis/q1_negative_hours.ipynb`, charts 1 and 1b. A negative hour is an hour whose hourly mean price is below 0, the convention of published counts; local calendar years ([[04 Decisions/ADR-005 Negative Hours Metric|ADR-005]]). Checked against published counts: Germany 2019 to 2024 exact; France 2023 (147), 2024 (352) and 2025 (513) exact against RTE; Spain 2025: 556 vs 556 and 555 in two pv-magazine reports (see ADR-005).",fct_negative_hours,zone=ES;local_year=2025,negative_hours,num2,,17
control-room/06 Findings/Q1-1 Negative hours became routine.md,"`fct_negative_hours` (full years) and `fct_ytd_comparison` (same window each year), notebook `analysis/q1_negative_hours.ipynb`, charts 1 and 1b. A negative hour is an hour whose hourly mean price is below 0, the convention of published counts; local calendar years ([[04 Decisions/ADR-005 Negative Hours Metric|ADR-005]]). Checked against published counts: Germany 2019 to 2024 exact; France 2023 (147), 2024 (352) and 2025 (513) exact against RTE; Spain 2025: 556 vs 556 and 555 in two pv-magazine reports (see ADR-005).",none,,external: pv-magazine,,,18
control-room/06 Findings/Q1-1 Negative hours became routine.md,"Negative prices are no longer an edge case in 7 of 8 zones. Anyone valuing flexible assets (batteries, flexible demand, EV charging) should model hundreds of negative hours a year, not a handful. Q3 (battery value) and Q4 (charging windows) build on this.",fct_negative_hours,local_year=2025,negative_hours > 0,.0f,sum,1
control-room/06 Findings/Q1-2 Frequency vs depth.md,"In 2025 Spain had nearly as many negative hours as Germany (556 vs 576), but its average negative price was −2.11 €/MWh against −10.92: about 5× shallower.",fct_negative_hours,zone=ES;local_year=2025,negative_hours,num2,,2
control-room/06 Findings/Q1-2 Frequency vs depth.md,"In 2025 Spain had nearly as many negative hours as Germany (556 vs 576), but its average negative price was −2.11 €/MWh against −10.92: about 5× shallower.",fct_negative_hours,zone=DE_LU;local_year=2025,negative_hours,num2,,3
control-room/06 Findings/Q1-2 Frequency vs depth.md,"In 2025 Spain had nearly as many negative hours as Germany (556 vs 576), but its average negative price was −2.11 €/MWh against −10.92: about 5× shallower.",fct_negative_hours,zone=ES;local_year=2025,avg_price_negative_periods,num2,,4
control-room/06 Findings/Q1-2 Frequency vs depth.md,"In 2025 Spain had nearly as many negative hours as Germany (556 vs 576), but its average negative price was −2.11 €/MWh against −10.92: about 5× shallower.",fct_negative_hours,zone=DE_LU;local_year=2025,avg_price_negative_periods,num2,,5
control-room/06 Findings/Q1-2 Frequency vs depth.md,"In 2025 Spain had nearly as many negative hours as Germany (556 vs 576), but its average negative price was −2.11 €/MWh against −10.92: about 5× shallower.",none,,ratio of the two averages in the sentence (−10.92 / −2.11),,,6
control-room/06 Findings/Q1-2 Frequency vs depth.md,| NL | 584 | −12.12 | −350.00 |,fct_negative_hours,zone=NL;local_year=2025,negative_hours,num2,,1
control-room/06 Findings/Q1-2 Frequency vs depth.md,| NL | 584 | −12.12 | −350.00 |,fct_negative_hours,zone=NL;local_year=2025,avg_price_negative_periods,num2,,2
control-room/06 Findings/Q1-2 Frequency vs depth.md,| NL | 584 | −12.12 | −350.00 |,fct_negative_hours,zone=NL;local_year=2025,min_price,",.2f",,3
control-room/06 Findings/Q1-2 Frequency vs depth.md,| DE_LU | 576 | −10.92 | −250.32 |,fct_negative_hours,zone=DE_LU;local_year=2025,negative_hours,num2,,1
control-room/06 Findings/Q1-2 Frequency vs depth.md,| DE_LU | 576 | −10.92 | −250.32 |,fct_negative_hours,zone=DE_LU;local_year=2025,avg_price_negative_periods,num2,,2
control-room/06 Findings/Q1-2 Frequency vs depth.md,| DE_LU | 576 | −10.92 | −250.32 |,fct_negative_hours,zone=DE_LU;local_year=2025,min_price,num2,,3
control-room/06 Findings/Q1-2 Frequency vs depth.md,| ES | 556 | −2.11 | −15.00 |,fct_negative_hours,zone=ES;local_year=2025,negative_hours,num2,,1
control-room/06 Findings/Q1-2 Frequency vs depth.md,| ES | 556 | −2.11 | −15.00 |,fct_negative_hours,zone=ES;local_year=2025,avg_price_negative_periods,num2,,2
control-room/06 Findings/Q1-2 Frequency vs depth.md,| ES | 556 | −2.11 | −15.00 |,fct_negative_hours,zone=ES;local_year=2025,min_price,",.2f",,3
control-room/06 Findings/Q1-2 Frequency vs depth.md,| BE | 519 | −14.03 | −462.33 |,fct_negative_hours,zone=BE;local_year=2025,negative_hours,num2,,1
control-room/06 Findings/Q1-2 Frequency vs depth.md,| BE | 519 | −14.03 | −462.33 |,fct_negative_hours,zone=BE;local_year=2025,avg_price_negative_periods,num2,,2
control-room/06 Findings/Q1-2 Frequency vs depth.md,| BE | 519 | −14.03 | −462.33 |,fct_negative_hours,zone=BE;local_year=2025,min_price,num2,,3
control-room/06 Findings/Q1-2 Frequency vs depth.md,| FR | 513 | −6.52 | −118.01 |,fct_negative_hours,zone=FR;local_year=2025,negative_hours,num2,,1
control-room/06 Findings/Q1-2 Frequency vs depth.md,| FR | 513 | −6.52 | −118.01 |,fct_negative_hours,zone=FR;local_year=2025,avg_price_negative_periods,num2,,2
control-room/06 Findings/Q1-2 Frequency vs depth.md,| FR | 513 | −6.52 | −118.01 |,fct_negative_hours,zone=FR;local_year=2025,min_price,num2,,3
control-room/06 Findings/Q1-2 Frequency vs depth.md,| PL | 310 | −15.72 | −132.95 |,fct_negative_hours,zone=PL;local_year=2025,negative_hours,num2,,1
control-room/06 Findings/Q1-2 Frequency vs depth.md,| PL | 310 | −15.72 | −132.95 |,fct_negative_hours,zone=PL;local_year=2025,avg_price_negative_periods,num2,,2
control-room/06 Findings/Q1-2 Frequency vs depth.md,| PL | 310 | −15.72 | −132.95 |,fct_negative_hours,zone=PL;local_year=2025,min_price,num2,,3
control-room/06 Findings/Q1-2 Frequency vs depth.md,| PT | 200 | −0.97 | −5.00 |,fct_negative_hours,zone=PT;local_year=2025,negative_hours,num2,,1
control-room/06 Findings/Q1-2 Frequency vs depth.md,| PT | 200 | −0.97 | −5.00 |,fct_negative_hours,zone=PT;local_year=2025,avg_price_negative_periods,num2,,2
control-room/06 Findings/Q1-2 Frequency vs depth.md,| PT | 200 | −0.97 | −5.00 |,fct_negative_hours,zone=PT;local_year=2025,min_price,",.2f",,3
control-room/06 Findings/Q1-2 Frequency vs depth.md,| IT_NORD | 0 | n/a | 0.00 |,fct_negative_hours,zone=IT_NORD;local_year=2025,negative_hours,num2,,1
control-room/06 Findings/Q1-2 Frequency vs depth.md,| IT_NORD | 0 | n/a | 0.00 |,fct_negative_hours,zone=IT_NORD;local_year=2025,min_price,",.2f",,2
control-room/06 Findings/Q1-2 Frequency vs depth.md,"- Spain and Portugal: negative prices averaged −0.97 to −2.11 and never fell below −15. They are not one market in 2025, though (below).",fct_negative_hours,zone=PT;local_year=2025,avg_price_negative_periods,num2,,1
control-room/06 Findings/Q1-2 Frequency vs depth.md,"- Spain and Portugal: negative prices averaged −0.97 to −2.11 and never fell below −15. They are not one market in 2025, though (below).",fct_negative_hours,zone=ES;local_year=2025,avg_price_negative_periods,num2,,2
control-room/06 Findings/Q1-2 Frequency vs depth.md,"- Spain and Portugal: negative prices averaged −0.97 to −2.11 and never fell below −15. They are not one market in 2025, though (below).",fct_negative_hours,zone=ES|PT;local_year=2025,min_price,num0,min,3
control-room/06 Findings/Q1-2 Frequency vs depth.md,"- Germany, the Netherlands and Belgium: averages −10.92 to −14.03, lows from −250.32 to −462.33 (the SDAC floor is −500).",fct_negative_hours,zone=DE_LU|NL|BE;local_year=2025,avg_price_negative_periods,num2,max,1
control-room/06 Findings/Q1-2 Frequency vs depth.md,"- Germany, the Netherlands and Belgium: averages −10.92 to −14.03, lows from −250.32 to −462.33 (the SDAC floor is −500).",fct_negative_hours,zone=DE_LU|NL|BE;local_year=2025,avg_price_negative_periods,num2,min,2
control-room/06 Findings/Q1-2 Frequency vs depth.md,"- Germany, the Netherlands and Belgium: averages −10.92 to −14.03, lows from −250.32 to −462.33 (the SDAC floor is −500).",fct_negative_hours,zone=DE_LU|NL|BE;local_year=2025,min_price,num2,max,3
control-room/06 Findings/Q1-2 Frequency vs depth.md,"- Germany, the Netherlands and Belgium: averages −10.92 to −14.03, lows from −250.32 to −462.33 (the SDAC floor is −500).",fct_negative_hours,zone=DE_LU|NL|BE;local_year=2025,min_price,num2,min,4
control-room/06 Findings/Q1-2 Frequency vs depth.md,"- Germany, the Netherlands and Belgium: averages −10.92 to −14.03, lows from −250.32 to −462.33 (the SDAC floor is −500).",none,,market rule,,,5
control-room/06 Findings/Q1-2 Frequency vs depth.md,"- On *frequency*, Iberia is not ahead in 2025: NL and DE_LU had slightly more negative hours than ES. Counting zero prices too, ES leads (797 h at or below 0 vs 654 for DE_LU).",fct_negative_hours,zone=ES;local_year=2025,zero_or_negative_hours,num2,,2
control-room/06 Findings/Q1-2 Frequency vs depth.md,"- On *frequency*, Iberia is not ahead in 2025: NL and DE_LU had slightly more negative hours than ES. Counting zero prices too, ES leads (797 h at or below 0 vs 654 for DE_LU).",fct_negative_hours,zone=DE_LU;local_year=2025,zero_or_negative_hours,num2,,4
control-room/06 Findings/Q1-2 Frequency vs depth.md,"**Portugal is not Spain in 2025.** Spain had 556 negative hours, Portugal 200. Most of the gap is May 2025: Spain 239 negative hours, Portugal 4, and the two hourly prices differed in 389 hours that month, against 2 to 136 hours in every other month of 2025 (hourly means). This follows the 28 April 2025 Iberian blackout: trading between the two countries was halted, then Portugal's grid operator REN capped imports from Spain and eased the cap in steps (1,500 MW between 9:00 and 20:00 on 19 to 26 May, per REN as reported by [Bloomberg, 18 May 2025](https://www.bloomberg.com/news/articles/2025-05-18/portugal-eases-limits-on-power-imports-from-spain-after-blackout)). With the interconnector limited, Spain's midday surplus could not reach Portugal. Treat ""Iberia"" as one block for 2025 only with this caveat.",fct_negative_hours,zone=ES;local_year=2025,negative_hours,num2,,2
control-room/06 Findings/Q1-2 Frequency vs depth.md,"**Portugal is not Spain in 2025.** Spain had 556 negative hours, Portugal 200. Most of the gap is May 2025: Spain 239 negative hours, Portugal 4, and the two hourly prices differed in 389 hours that month, against 2 to 136 hours in every other month of 2025 (hourly means). This follows the 28 April 2025 Iberian blackout: trading between the two countries was halted, then Portugal's grid operator REN capped imports from Spain and eased the cap in steps (1,500 MW between 9:00 and 20:00 on 19 to 26 May, per REN as reported by [Bloomberg, 18 May 2025](https://www.bloomberg.com/news/articles/2025-05-18/portugal-eases-limits-on-power-imports-from-spain-after-blackout)). With the interconnector limited, Spain's midday surplus could not reach Portugal. Treat ""Iberia"" as one block for 2025 only with this caveat.",fct_negative_hours,zone=PT;local_year=2025,negative_hours,num2,,3
control-room/06 Findings/Q1-2 Frequency vs depth.md,"**Portugal is not Spain in 2025.** Spain had 556 negative hours, Portugal 200. Most of the gap is May 2025: Spain 239 negative hours, Portugal 4, and the two hourly prices differed in 389 hours that month, against 2 to 136 hours in every other month of 2025 (hourly means). This follows the 28 April 2025 Iberian blackout: trading between the two countries was halted, then Portugal's grid operator REN capped imports from Spain and eased the cap in steps (1,500 MW between 9:00 and 20:00 on 19 to 26 May, per REN as reported by [Bloomberg, 18 May 2025](https://www.bloomberg.com/news/articles/2025-05-18/portugal-eases-limits-on-power-imports-from-spain-after-blackout)). With the interconnector limited, Spain's midday surplus could not reach Portugal. Treat ""Iberia"" as one block for 2025 only with this caveat.",q1_es_pt_2025_monthly,month=5,es_negative_hours,num0,,5
control-room/06 Findings/Q1-2 Frequency vs depth.md,"**Portugal is not Spain in 2025.** Spain had 556 negative hours, Portugal 200. Most of the gap is May 2025: Spain 239 negative hours, Portugal 4, and the two hourly prices differed in 389 hours that month, against 2 to 136 hours in every other month of 2025 (hourly means). This follows the 28 April 2025 Iberian blackout: trading between the two countries was halted, then Portugal's grid operator REN capped imports from Spain and eased the cap in steps (1,500 MW between 9:00 and 20:00 on 19 to 26 May, per REN as reported by [Bloomberg, 18 May 2025](https://www.bloomberg.com/news/articles/2025-05-18/portugal-eases-limits-on-power-imports-from-spain-after-blackout)). With the interconnector limited, Spain's midday surplus could not reach Portugal. Treat ""Iberia"" as one block for 2025 only with this caveat.",q1_es_pt_2025_monthly,month=5,pt_negative_hours,num0,,6
control-room/06 Findings/Q1-2 Frequency vs depth.md,"**Portugal is not Spain in 2025.** Spain had 556 negative hours, Portugal 200. Most of the gap is May 2025: Spain 239 negative hours, Portugal 4, and the two hourly prices differed in 389 hours that month, against 2 to 136 hours in every other month of 2025 (hourly means). This follows the 28 April 2025 Iberian blackout: trading between the two countries was halted, then Portugal's grid operator REN capped imports from Spain and eased the cap in steps (1,500 MW between 9:00 and 20:00 on 19 to 26 May, per REN as reported by [Bloomberg, 18 May 2025](https://www.bloomberg.com/news/articles/2025-05-18/portugal-eases-limits-on-power-imports-from-spain-after-blackout)). With the interconnector limited, Spain's midday surplus could not reach Portugal. Treat ""Iberia"" as one block for 2025 only with this caveat.",q1_es_pt_2025_monthly,month=5,hours_prices_differ,num0,,7
control-room/06 Findings/Q1-2 Frequency vs depth.md,"**Portugal is not Spain in 2025.** Spain had 556 negative hours, Portugal 200. Most of the gap is May 2025: Spain 239 negative hours, Portugal 4, and the two hourly prices differed in 389 hours that month, against 2 to 136 hours in every other month of 2025 (hourly means). This follows the 28 April 2025 Iberian blackout: trading between the two countries was halted, then Portugal's grid operator REN capped imports from Spain and eased the cap in steps (1,500 MW between 9:00 and 20:00 on 19 to 26 May, per REN as reported by [Bloomberg, 18 May 2025](https://www.bloomberg.com/news/articles/2025-05-18/portugal-eases-limits-on-power-imports-from-spain-after-blackout)). With the interconnector limited, Spain's midday surplus could not reach Portugal. Treat ""Iberia"" as one block for 2025 only with this caveat.",q1_es_pt_2025_monthly,month=1|2|3|4|6|7|8|9|10|11|12,hours_prices_differ,num0,min,8
control-room/06 Findings/Q1-2 Frequency vs depth.md,"**Portugal is not Spain in 2025.** Spain had 556 negative hours, Portugal 200. Most of the gap is May 2025: Spain 239 negative hours, Portugal 4, and the two hourly prices differed in 389 hours that month, against 2 to 136 hours in every other month of 2025 (hourly means). This follows the 28 April 2025 Iberian blackout: trading between the two countries was halted, then Portugal's grid operator REN capped imports from Spain and eased the cap in steps (1,500 MW between 9:00 and 20:00 on 19 to 26 May, per REN as reported by [Bloomberg, 18 May 2025](https://www.bloomberg.com/news/articles/2025-05-18/portugal-eases-limits-on-power-imports-from-spain-after-blackout)). With the interconnector limited, Spain's midday surplus could not reach Portugal. Treat ""Iberia"" as one block for 2025 only with this caveat.",q1_es_pt_2025_monthly,month=1|2|3|4|6|7|8|9|10|11|12,hours_prices_differ,num0,max,9
control-room/06 Findings/Q1-2 Frequency vs depth.md,"**Portugal is not Spain in 2025.** Spain had 556 negative hours, Portugal 200. Most of the gap is May 2025: Spain 239 negative hours, Portugal 4, and the two hourly prices differed in 389 hours that month, against 2 to 136 hours in every other month of 2025 (hourly means). This follows the 28 April 2025 Iberian blackout: trading between the two countries was halted, then Portugal's grid operator REN capped imports from Spain and eased the cap in steps (1,500 MW between 9:00 and 20:00 on 19 to 26 May, per REN as reported by [Bloomberg, 18 May 2025](https://www.bloomberg.com/news/articles/2025-05-18/portugal-eases-limits-on-power-imports-from-spain-after-blackout)). With the interconnector limited, Spain's midday surplus could not reach Portugal. Treat ""Iberia"" as one block for 2025 only with this caveat.",none,,external: REN via Bloomberg,,,13
control-room/06 Findings/Q1-2 Frequency vs depth.md,"**Portugal is not Spain in 2025.** Spain had 556 negative hours, Portugal 200. Most of the gap is May 2025: Spain 239 negative hours, Portugal 4, and the two hourly prices differed in 389 hours that month, against 2 to 136 hours in every other month of 2025 (hourly means). This follows the 28 April 2025 Iberian blackout: trading between the two countries was halted, then Portugal's grid operator REN capped imports from Spain and eased the cap in steps (1,500 MW between 9:00 and 20:00 on 19 to 26 May, per REN as reported by [Bloomberg, 18 May 2025](https://www.bloomberg.com/news/articles/2025-05-18/portugal-eases-limits-on-power-imports-from-spain-after-blackout)). With the interconnector limited, Spain's midday surplus could not reach Portugal. Treat ""Iberia"" as one block for 2025 only with this caveat.",none,,date in the cited report,,,18
control-room/06 Findings/Q1-2 Frequency vs depth.md,North Italy (0 negative hours) cannot go negative: GME accepts day-ahead offers only at or above 0 €/MWh (see [[Q1-3 Share of hours at or below zero 2026|Q1-3]]).,fct_negative_hours,zone=IT_NORD;local_year=2025,negative_hours,num0,,1
control-room/06 Findings/Q1-2 Frequency vs depth.md,"For anything paid to absorb power at negative prices (batteries, flexible demand), **depth matters as much as count**: an hour at −11 €/MWh is worth ~5× an hour at −2. A battery case in Spain can't reuse German assumptions. This feeds directly into Q3.",fct_negative_hours,zone=DE_LU;local_year=2025,avg_price_negative_periods,num0,,1
control-room/06 Findings/Q1-2 Frequency vs depth.md,"For anything paid to absorb power at negative prices (batteries, flexible demand), **depth matters as much as count**: an hour at −11 €/MWh is worth ~5× an hour at −2. A battery case in Spain can't reuse German assumptions. This feeds directly into Q3.",none,,ratio of the two averages (rounded),,,2
control-room/06 Findings/Q1-2 Frequency vs depth.md,"For anything paid to absorb power at negative prices (batteries, flexible demand), **depth matters as much as count**: an hour at −11 €/MWh is worth ~5× an hour at −2. A battery case in Spain can't reuse German assumptions. This feeds directly into Q3.",fct_negative_hours,zone=ES;local_year=2025,avg_price_negative_periods,num0,,3
control-room/06 Findings/Q1-3 Share of hours at or below zero 2026.md,"From 1 January to 2 October 2026 (as-of date), Spain's day-ahead price was at or below 0 €/MWh for 15.5% of the time (1,020.25 of 6,599 h), and a third of that time (336 h, 32.9%) was at **exactly** 0 rather than below it.",fct_negative_hours,zone=ES;local_year=2026,zero_or_negative_period_hours / covered_hours * 100,.1f,,5
control-room/06 Findings/Q1-3 Share of hours at or below zero 2026.md,"From 1 January to 2 October 2026 (as-of date), Spain's day-ahead price was at or below 0 €/MWh for 15.5% of the time (1,020.25 of 6,599 h), and a third of that time (336 h, 32.9%) was at **exactly** 0 rather than below it.",fct_negative_hours,zone=ES;local_year=2026,zero_or_negative_period_hours,num2,,6
control-room/06 Findings/Q1-3 Share of hours at or below zero 2026.md,"From 1 January to 2 October 2026 (as-of date), Spain's day-ahead price was at or below 0 €/MWh for 15.5% of the time (1,020.25 of 6,599 h), and a third of that time (336 h, 32.9%) was at **exactly** 0 rather than below it.",fct_negative_hours,zone=ES;local_year=2026,covered_hours,num2,,7
control-room/06 Findings/Q1-3 Share of hours at or below zero 2026.md,"From 1 January to 2 October 2026 (as-of date), Spain's day-ahead price was at or below 0 €/MWh for 15.5% of the time (1,020.25 of 6,599 h), and a third of that time (336 h, 32.9%) was at **exactly** 0 rather than below it.",fct_negative_hours,zone=ES;local_year=2026,zero_or_negative_period_hours - negative_period_hours,num2,,8
control-room/06 Findings/Q1-3 Share of hours at or below zero 2026.md,"From 1 January to 2 October 2026 (as-of date), Spain's day-ahead price was at or below 0 €/MWh for 15.5% of the time (1,020.25 of 6,599 h), and a third of that time (336 h, 32.9%) was at **exactly** 0 rather than below it.",fct_negative_hours,zone=ES;local_year=2026,(zero_or_negative_period_hours - negative_period_hours) / zero_or_negative_period_hours * 100,.1f,,9
control-room/06 Findings/Q1-3 Share of hours at or below zero 2026.md,"From 1 January to 2 October 2026 (as-of date), Spain's day-ahead price was at or below 0 €/MWh for 15.5% of the time (1,020.25 of 6,599 h), and a third of that time (336 h, 32.9%) was at **exactly** 0 rather than below it.",none,,threshold (exactly 0),,,4
control-room/06 Findings/Q1-3 Share of hours at or below zero 2026.md,"Measured on individual price periods (a 15-min period counts 0.25 h), not on hourly means: whether a price is exactly zero is a property of each cleared price, and averaging to the hour would hide it.",none,,definition (15-min period),,,2
control-room/06 Findings/Q1-3 Share of hours at or below zero 2026.md,"| ES | 684.25 | 336 | 1,020.25 | 15.5% | 32.9% |",fct_negative_hours,zone=ES;local_year=2026,negative_period_hours,num2,,1
control-room/06 Findings/Q1-3 Share of hours at or below zero 2026.md,"| ES | 684.25 | 336 | 1,020.25 | 15.5% | 32.9% |",fct_negative_hours,zone=ES;local_year=2026,zero_or_negative_period_hours - negative_period_hours,num2,,2
control-room/06 Findings/Q1-3 Share of hours at or below zero 2026.md,"| ES | 684.25 | 336 | 1,020.25 | 15.5% | 32.9% |",fct_negative_hours,zone=ES;local_year=2026,zero_or_negative_period_hours,num2,,3
control-room/06 Findings/Q1-3 Share of hours at or below zero 2026.md,"| ES | 684.25 | 336 | 1,020.25 | 15.5% | 32.9% |",fct_negative_hours,zone=ES;local_year=2026,zero_or_negative_period_hours / covered_hours * 100,.1f,,4
control-room/06 Findings/Q1-3 Share of hours at or below zero 2026.md,"| ES | 684.25 | 336 | 1,020.25 | 15.5% | 32.9% |",fct_negative_hours,zone=ES;local_year=2026,(zero_or_negative_period_hours - negative_period_hours) / zero_or_negative_period_hours * 100,.1f,,5
control-room/06 Findings/Q1-3 Share of hours at or below zero 2026.md,| PT | 538 | 334.5 | 872.5 | 13.2% | 38.3% |,fct_negative_hours,zone=PT;local_year=2026,negative_period_hours,num2,,1
control-room/06 Findings/Q1-3 Share of hours at or below zero 2026.md,| PT | 538 | 334.5 | 872.5 | 13.2% | 38.3% |,fct_negative_hours,zone=PT;local_year=2026,zero_or_negative_period_hours - negative_period_hours,num2,,2
control-room/06 Findings/Q1-3 Share of hours at or below zero 2026.md,| PT | 538 | 334.5 | 872.5 | 13.2% | 38.3% |,fct_negative_hours,zone=PT;local_year=2026,zero_or_negative_period_hours,num2,,3
control-room/06 Findings/Q1-3 Share of hours at or below zero 2026.md,| PT | 538 | 334.5 | 872.5 | 13.2% | 38.3% |,fct_negative_hours,zone=PT;local_year=2026,zero_or_negative_period_hours / covered_hours * 100,.1f,,4
control-room/06 Findings/Q1-3 Share of hours at or below zero 2026.md,| PT | 538 | 334.5 | 872.5 | 13.2% | 38.3% |,fct_negative_hours,zone=PT;local_year=2026,(zero_or_negative_period_hours - negative_period_hours) / zero_or_negative_period_hours * 100,.1f,,5
control-room/06 Findings/Q1-3 Share of hours at or below zero 2026.md,| FR | 533.75 | 259.75 | 793.5 | 12.0% | 32.7% |,fct_negative_hours,zone=FR;local_year=2026,negative_period_hours,num2,,1
control-room/06 Findings/Q1-3 Share of hours at or below zero 2026.md,| FR | 533.75 | 259.75 | 793.5 | 12.0% | 32.7% |,fct_negative_hours,zone=FR;local_year=2026,zero_or_negative_period_hours - negative_period_hours,num2,,2
control-room/06 Findings/Q1-3 Share of hours at or below zero 2026.md,| FR | 533.75 | 259.75 | 793.5 | 12.0% | 32.7% |,fct_negative_hours,zone=FR;local_year=2026,zero_or_negative_period_hours,num2,,3
control-room/06 Findings/Q1-3 Share of hours at or below zero 2026.md,| FR | 533.75 | 259.75 | 793.5 | 12.0% | 32.7% |,fct_negative_hours,zone=FR;local_year=2026,zero_or_negative_period_hours / covered_hours * 100,.1f,,4
control-room/06 Findings/Q1-3 Share of hours at or below zero 2026.md,| FR | 533.75 | 259.75 | 793.5 | 12.0% | 32.7% |,fct_negative_hours,zone=FR;local_year=2026,(zero_or_negative_period_hours - negative_period_hours) / zero_or_negative_period_hours * 100,.1f,,5
control-room/06 Findings/Q1-3 Share of hours at or below zero 2026.md,| DE_LU | 463.25 | 87.75 | 551 | 8.3% | 15.9% |,fct_negative_hours,zone=DE_LU;local_year=2026,negative_period_hours,num2,,1
control-room/06 Findings/Q1-3 Share of hours at or below zero 2026.md,| DE_LU | 463.25 | 87.75 | 551 | 8.3% | 15.9% |,fct_negative_hours,zone=DE_LU;local_year=2026,zero_or_negative_period_hours - negative_period_hours,num2,,2
control-room/06 Findings/Q1-3 Share of hours at or below zero 2026.md,| DE_LU | 463.25 | 87.75 | 551 | 8.3% | 15.9% |,fct_negative_hours,zone=DE_LU;local_year=2026,zero_or_negative_period_hours,num2,,3
control-room/06 Findings/Q1-3 Share of hours at or below zero 2026.md,| DE_LU | 463.25 | 87.75 | 551 | 8.3% | 15.9% |,fct_negative_hours,zone=DE_LU;local_year=2026,zero_or_negative_period_hours / covered_hours * 100,.1f,,4
control-room/06 Findings/Q1-3 Share of hours at or below zero 2026.md,| DE_LU | 463.25 | 87.75 | 551 | 8.3% | 15.9% |,fct_negative_hours,zone=DE_LU;local_year=2026,(zero_or_negative_period_hours - negative_period_hours) / zero_or_negative_period_hours * 100,.1f,,5
control-room/06 Findings/Q1-3 Share of hours at or below zero 2026.md,| NL | 393 | 59.5 | 452.5 | 6.9% | 13.1% |,fct_negative_hours,zone=NL;local_year=2026,negative_period_hours,num2,,1
control-room/06 Findings/Q1-3 Share of hours at or below zero 2026.md,| NL | 393 | 59.5 | 452.5 | 6.9% | 13.1% |,fct_negative_hours,zone=NL;local_year=2026,zero_or_negative_period_hours - negative_period_hours,num2,,2
control-room/06 Findings/Q1-3 Share of hours at or below zero 2026.md,| NL | 393 | 59.5 | 452.5 | 6.9% | 13.1% |,fct_negative_hours,zone=NL;local_year=2026,zero_or_negative_period_hours,num2,,3
control-room/06 Findings/Q1-3 Share of hours at or below zero 2026.md,| NL | 393 | 59.5 | 452.5 | 6.9% | 13.1% |,fct_negative_hours,zone=NL;local_year=2026,zero_or_negative_period_hours / covered_hours * 100,.1f,,4
control-room/06 Findings/Q1-3 Share of hours at or below zero 2026.md,| NL | 393 | 59.5 | 452.5 | 6.9% | 13.1% |,fct_negative_hours,zone=NL;local_year=2026,(zero_or_negative_period_hours - negative_period_hours) / zero_or_negative_period_hours * 100,.1f,,5
control-room/06 Findings/Q1-3 Share of hours at or below zero 2026.md,| PL | 301.25 | 80.5 | 381.75 | 5.8% | 21.1% |,fct_negative_hours,zone=PL;local_year=2026,negative_period_hours,num2,,1
control-room/06 Findings/Q1-3 Share of hours at or below zero 2026.md,| PL | 301.25 | 80.5 | 381.75 | 5.8% | 21.1% |,fct_negative_hours,zone=PL;local_year=2026,zero_or_negative_period_hours - negative_period_hours,num2,,2
control-room/06 Findings/Q1-3 Share of hours at or below zero 2026.md,| PL | 301.25 | 80.5 | 381.75 | 5.8% | 21.1% |,fct_negative_hours,zone=PL;local_year=2026,zero_or_negative_period_hours,num2,,3
control-room/06 Findings/Q1-3 Share of hours at or below zero 2026.md,| PL | 301.25 | 80.5 | 381.75 | 5.8% | 21.1% |,fct_negative_hours,zone=PL;local_year=2026,zero_or_negative_period_hours / covered_hours * 100,.1f,,4
control-room/06 Findings/Q1-3 Share of hours at or below zero 2026.md,| PL | 301.25 | 80.5 | 381.75 | 5.8% | 21.1% |,fct_negative_hours,zone=PL;local_year=2026,(zero_or_negative_period_hours - negative_period_hours) / zero_or_negative_period_hours * 100,.1f,,5
control-room/06 Findings/Q1-3 Share of hours at or below zero 2026.md,| BE | 303.75 | 45 | 348.75 | 5.3% | 12.9% |,fct_negative_hours,zone=BE;local_year=2026,negative_period_hours,num2,,1
control-room/06 Findings/Q1-3 Share of hours at or below zero 2026.md,| BE | 303.75 | 45 | 348.75 | 5.3% | 12.9% |,fct_negative_hours,zone=BE;local_year=2026,zero_or_negative_period_hours - negative_period_hours,num2,,2
control-room/06 Findings/Q1-3 Share of hours at or below zero 2026.md,| BE | 303.75 | 45 | 348.75 | 5.3% | 12.9% |,fct_negative_hours,zone=BE;local_year=2026,zero_or_negative_period_hours,num2,,3
control-room/06 Findings/Q1-3 Share of hours at or below zero 2026.md,| BE | 303.75 | 45 | 348.75 | 5.3% | 12.9% |,fct_negative_hours,zone=BE;local_year=2026,zero_or_negative_period_hours / covered_hours * 100,.1f,,4
control-room/06 Findings/Q1-3 Share of hours at or below zero 2026.md,| BE | 303.75 | 45 | 348.75 | 5.3% | 12.9% |,fct_negative_hours,zone=BE;local_year=2026,(zero_or_negative_period_hours - negative_period_hours) / zero_or_negative_period_hours * 100,.1f,,5
control-room/06 Findings/Q1-3 Share of hours at or below zero 2026.md,| IT_NORD | 0 | 21.5 | 21.5 | 0.3% | 100% |,fct_negative_hours,zone=IT_NORD;local_year=2026,negative_period_hours,num2,,1
control-room/06 Findings/Q1-3 Share of hours at or below zero 2026.md,| IT_NORD | 0 | 21.5 | 21.5 | 0.3% | 100% |,fct_negative_hours,zone=IT_NORD;local_year=2026,zero_or_negative_period_hours - negative_period_hours,num2,,2
control-room/06 Findings/Q1-3 Share of hours at or below zero 2026.md,| IT_NORD | 0 | 21.5 | 21.5 | 0.3% | 100% |,fct_negative_hours,zone=IT_NORD;local_year=2026,zero_or_negative_period_hours,num2,,3
control-room/06 Findings/Q1-3 Share of hours at or below zero 2026.md,| IT_NORD | 0 | 21.5 | 21.5 | 0.3% | 100% |,fct_negative_hours,zone=IT_NORD;local_year=2026,zero_or_negative_period_hours / covered_hours * 100,.1f,,4
control-room/06 Findings/Q1-3 Share of hours at or below zero 2026.md,| IT_NORD | 0 | 21.5 | 21.5 | 0.3% | 100% |,fct_negative_hours,zone=IT_NORD;local_year=2026,(zero_or_negative_period_hours - negative_period_hours) / zero_or_negative_period_hours * 100,.0f,,5
control-room/06 Findings/Q1-3 Share of hours at or below zero 2026.md,"Hours covered in 2026: 6,599 for every zone (1 Jan to 2 Oct; all zones cut at the same as-of date, ADR-005). Snapshot: `analysis/outputs/snapshots/2026-10-02/`.",fct_negative_hours,local_year=2026,covered_hours,num2,max,2
control-room/06 Findings/Q1-3 Share of hours at or below zero 2026.md,"- In 2026, in Spain, Portugal and France about a third of the time at or below zero is at exactly 0 (32.7% to 38.3%); in Germany, the Netherlands and Belgium only 12.9% to 15.9%.",fct_negative_hours,zone=ES|PT|FR;local_year=2026,(zero_or_negative_period_hours - negative_period_hours) / zero_or_negative_period_hours * 100,.1f,min,3
control-room/06 Findings/Q1-3 Share of hours at or below zero 2026.md,"- In 2026, in Spain, Portugal and France about a third of the time at or below zero is at exactly 0 (32.7% to 38.3%); in Germany, the Netherlands and Belgium only 12.9% to 15.9%.",fct_negative_hours,zone=ES|PT|FR;local_year=2026,(zero_or_negative_period_hours - negative_period_hours) / zero_or_negative_period_hours * 100,.1f,max,4
control-room/06 Findings/Q1-3 Share of hours at or below zero 2026.md,"- In 2026, in Spain, Portugal and France about a third of the time at or below zero is at exactly 0 (32.7% to 38.3%); in Germany, the Netherlands and Belgium only 12.9% to 15.9%.",fct_negative_hours,zone=DE_LU|NL|BE;local_year=2026,(zero_or_negative_period_hours - negative_period_hours) / zero_or_negative_period_hours * 100,.1f,min,5
control-room/06 Findings/Q1-3 Share of hours at or below zero 2026.md,"- In 2026, in Spain, Portugal and France about a third of the time at or below zero is at exactly 0 (32.7% to 38.3%); in Germany, the Netherlands and Belgium only 12.9% to 15.9%.",fct_negative_hours,zone=DE_LU|NL|BE;local_year=2026,(zero_or_negative_period_hours - negative_period_hours) / zero_or_negative_period_hours * 100,.1f,max,6
control-room/06 Findings/Q1-3 Share of hours at or below zero 2026.md,- On hourly means (the headline Q1 convention) the counts are lower for zeros: Spain 2026 to 2 Oct had 747 hours with a mean below 0 and 907 at or below 0.,fct_negative_hours,zone=ES;local_year=2026,negative_hours,num2,,3
control-room/06 Findings/Q1-3 Share of hours at or below zero 2026.md,- On hourly means (the headline Q1 convention) the counts are lower for zeros: Spain 2026 to 2 Oct had 747 hours with a mean below 0 and 907 at or below 0.,fct_negative_hours,zone=ES;local_year=2026,zero_or_negative_hours,num2,,5
control-room/06 Findings/Q1-3 Share of hours at or below zero 2026.md,"North Italy had no negative price in any year from 2019 to 2 Oct 2026; its lowest price is exactly 0 €/MWh, held for 5 h in 2020, 10 h in 2025 and 21.5 h in 2026 to 2 Oct (price periods). That is what the Italian rules allow:",fct_negative_hours,zone=IT_NORD;local_year=2020,zero_or_negative_period_hours,num2,,5
control-room/06 Findings/Q1-3 Share of hours at or below zero 2026.md,"North Italy had no negative price in any year from 2019 to 2 Oct 2026; its lowest price is exactly 0 €/MWh, held for 5 h in 2020, 10 h in 2025 and 21.5 h in 2026 to 2 Oct (price periods). That is what the Italian rules allow:",fct_negative_hours,zone=IT_NORD;local_year=2025,zero_or_negative_period_hours,num2,,7
control-room/06 Findings/Q1-3 Share of hours at or below zero 2026.md,"North Italy had no negative price in any year from 2019 to 2 Oct 2026; its lowest price is exactly 0 €/MWh, held for 5 h in 2020, 10 h in 2025 and 21.5 h in 2026 to 2 Oct (price periods). That is what the Italian rules allow:",fct_negative_hours,zone=IT_NORD;local_year=2026,zero_or_negative_period_hours,num2,,9
control-room/06 Findings/Q1-3 Share of hours at or below zero 2026.md,"- GME's technical rule on price limits for the day-ahead (MGP) and intraday markets requires sale offers **greater than or equal to 0 €/MWh** and purchase offers greater than 0 (a purchase offer at 0 means ""no price limit""). So no Italian offer can clear below 0. Source: [GME, Disposizione tecnica di funzionamento n. 12 MPE, ""Limiti di prezzo"", published 24 Feb 2015](https://www.mercatoelettrico.org/portals/0/Documents/it-IT/20150220DTF12MPE.pdf), issued under article 26.2 of GME's market rules ([Testo integrato della Disciplina del mercato elettrico](https://www.mercatoelettrico.org/Portals/0/Documents/it-it/20241001_Testo_Integrato_ME.pdf)).",none,,article number of GME's rules,,,10
control-room/06 Findings/Q1-3 Share of hours at or below zero 2026.md,"Over a full year the window is smaller than 2026 to date suggests: in 2025 the price was at or below zero for 9.2% of the time in Spain, 8.5% in France and 4.7% in Portugal (price periods). That is the size of the window Q4 (EV charging) can target.",fct_negative_hours,zone=ES;local_year=2025,zero_or_negative_period_hours / covered_hours * 100,.1f,,3
control-room/06 Findings/Q1-3 Share of hours at or below zero 2026.md,"Over a full year the window is smaller than 2026 to date suggests: in 2025 the price was at or below zero for 9.2% of the time in Spain, 8.5% in France and 4.7% in Portugal (price periods). That is the size of the window Q4 (EV charging) can target.",fct_negative_hours,zone=FR;local_year=2025,zero_or_negative_period_hours / covered_hours * 100,.1f,,4
control-room/06 Findings/Q1-3 Share of hours at or below zero 2026.md,"Over a full year the window is smaller than 2026 to date suggests: in 2025 the price was at or below zero for 9.2% of the time in Spain, 8.5% in France and 4.7% in Portugal (price periods). That is the size of the window Q4 (EV charging) can target.",fct_negative_hours,zone=PT;local_year=2025,zero_or_negative_period_hours / covered_hours * 100,.1f,,5
control-room/06 Findings/Q2-1 Solar earns about half the average price.md,"In 2025, a MWh of solar earned only 51 to 59% of the average day-ahead price in 5 of 8 zones (BE, DE_LU, PT, ES, FR); in 2019 the same zones were at 92 to 102%.",fct_capture_prices,local_year=2025;zone=BE|DE_LU|PT|ES|FR,solar_capture_rate * 100,.0f,min,2
control-room/06 Findings/Q2-1 Solar earns about half the average price.md,"In 2025, a MWh of solar earned only 51 to 59% of the average day-ahead price in 5 of 8 zones (BE, DE_LU, PT, ES, FR); in 2019 the same zones were at 92 to 102%.",fct_capture_prices,local_year=2025;zone=BE|DE_LU|PT|ES|FR,solar_capture_rate * 100,.0f,max,3
control-room/06 Findings/Q2-1 Solar earns about half the average price.md,"In 2025, a MWh of solar earned only 51 to 59% of the average day-ahead price in 5 of 8 zones (BE, DE_LU, PT, ES, FR); in 2019 the same zones were at 92 to 102%.",fct_capture_prices,local_year=2025,solar_capture_rate < 0.6,.0f,sum,4
control-room/06 Findings/Q2-1 Solar earns about half the average price.md,"In 2025, a MWh of solar earned only 51 to 59% of the average day-ahead price in 5 of 8 zones (BE, DE_LU, PT, ES, FR); in 2019 the same zones were at 92 to 102%.",fct_capture_prices,local_year=2019;zone=BE|DE_LU|PT|ES|FR,solar_capture_rate * 100,.0f,min,7
control-room/06 Findings/Q2-1 Solar earns about half the average price.md,"In 2025, a MWh of solar earned only 51 to 59% of the average day-ahead price in 5 of 8 zones (BE, DE_LU, PT, ES, FR); in 2019 the same zones were at 92 to 102%.",fct_capture_prices,local_year=2019;zone=BE|DE_LU|PT|ES|FR,solar_capture_rate * 100,.0f,max,8
control-room/06 Findings/Q2-1 Solar earns about half the average price.md,| BE | 92.1% | 51.4% | 42.46 | 82.57 |,fct_capture_prices,zone=BE;local_year=2019,solar_capture_rate * 100,.1f,,1
control-room/06 Findings/Q2-1 Solar earns about half the average price.md,| BE | 92.1% | 51.4% | 42.46 | 82.57 |,fct_capture_prices,zone=BE;local_year=2025,solar_capture_rate * 100,.1f,,2
control-room/06 Findings/Q2-1 Solar earns about half the average price.md,| BE | 92.1% | 51.4% | 42.46 | 82.57 |,fct_capture_prices,zone=BE;local_year=2025,solar_capture_price,num2,,3
control-room/06 Findings/Q2-1 Solar earns about half the average price.md,| BE | 92.1% | 51.4% | 42.46 | 82.57 |,fct_capture_prices,zone=BE;local_year=2025,baseload_price,num2,,4
control-room/06 Findings/Q2-1 Solar earns about half the average price.md,| DE_LU | 92.7% | 51.4% | 45.94 | 89.32 |,fct_capture_prices,zone=DE_LU;local_year=2019,solar_capture_rate * 100,.1f,,1
control-room/06 Findings/Q2-1 Solar earns about half the average price.md,| DE_LU | 92.7% | 51.4% | 45.94 | 89.32 |,fct_capture_prices,zone=DE_LU;local_year=2025,solar_capture_rate * 100,.1f,,2
control-room/06 Findings/Q2-1 Solar earns about half the average price.md,| DE_LU | 92.7% | 51.4% | 45.94 | 89.32 |,fct_capture_prices,zone=DE_LU;local_year=2025,solar_capture_price,num2,,3
control-room/06 Findings/Q2-1 Solar earns about half the average price.md,| DE_LU | 92.7% | 51.4% | 45.94 | 89.32 |,fct_capture_prices,zone=DE_LU;local_year=2025,baseload_price,num2,,4
control-room/06 Findings/Q2-1 Solar earns about half the average price.md,| PT | 101.9% | 53.4% | 35.34 | 66.18 |,fct_capture_prices,zone=PT;local_year=2019,solar_capture_rate * 100,.1f,,1
control-room/06 Findings/Q2-1 Solar earns about half the average price.md,| PT | 101.9% | 53.4% | 35.34 | 66.18 |,fct_capture_prices,zone=PT;local_year=2025,solar_capture_rate * 100,.1f,,2
control-room/06 Findings/Q2-1 Solar earns about half the average price.md,| PT | 101.9% | 53.4% | 35.34 | 66.18 |,fct_capture_prices,zone=PT;local_year=2025,solar_capture_price,num2,,3
control-room/06 Findings/Q2-1 Solar earns about half the average price.md,| PT | 101.9% | 53.4% | 35.34 | 66.18 |,fct_capture_prices,zone=PT;local_year=2025,baseload_price,num2,,4
control-room/06 Findings/Q2-1 Solar earns about half the average price.md,| ES | 101.9% | 55.2% | 36.05 | 65.29 |,fct_capture_prices,zone=ES;local_year=2019,solar_capture_rate * 100,.1f,,1
control-room/06 Findings/Q2-1 Solar earns about half the average price.md,| ES | 101.9% | 55.2% | 36.05 | 65.29 |,fct_capture_prices,zone=ES;local_year=2025,solar_capture_rate * 100,.1f,,2
control-room/06 Findings/Q2-1 Solar earns about half the average price.md,| ES | 101.9% | 55.2% | 36.05 | 65.29 |,fct_capture_prices,zone=ES;local_year=2025,solar_capture_price,num2,,3
control-room/06 Findings/Q2-1 Solar earns about half the average price.md,| ES | 101.9% | 55.2% | 36.05 | 65.29 |,fct_capture_prices,zone=ES;local_year=2025,baseload_price,num2,,4
control-room/06 Findings/Q2-1 Solar earns about half the average price.md,| FR | 95.7% | 58.8% | 35.94 | 61.07 |,fct_capture_prices,zone=FR;local_year=2019,solar_capture_rate * 100,.1f,,1
control-room/06 Findings/Q2-1 Solar earns about half the average price.md,| FR | 95.7% | 58.8% | 35.94 | 61.07 |,fct_capture_prices,zone=FR;local_year=2025,solar_capture_rate * 100,.1f,,2
control-room/06 Findings/Q2-1 Solar earns about half the average price.md,| FR | 95.7% | 58.8% | 35.94 | 61.07 |,fct_capture_prices,zone=FR;local_year=2025,solar_capture_price,num2,,3
control-room/06 Findings/Q2-1 Solar earns about half the average price.md,| FR | 95.7% | 58.8% | 35.94 | 61.07 |,fct_capture_prices,zone=FR;local_year=2025,baseload_price,num2,,4
control-room/06 Findings/Q2-1 Solar earns about half the average price.md,| NL* | 94.2% | 61.4% | 53.29 | 86.81 |,fct_capture_prices,zone=NL;local_year=2019,solar_capture_rate * 100,.1f,,1
control-room/06 Findings/Q2-1 Solar earns about half the average price.md,| NL* | 94.2% | 61.4% | 53.29 | 86.81 |,fct_capture_prices,zone=NL;local_year=2025,solar_capture_rate * 100,.1f,,2
control-room/06 Findings/Q2-1 Solar earns about half the average price.md,| NL* | 94.2% | 61.4% | 53.29 | 86.81 |,fct_capture_prices,zone=NL;local_year=2025,solar_capture_price,num2,,3
control-room/06 Findings/Q2-1 Solar earns about half the average price.md,| NL* | 94.2% | 61.4% | 53.29 | 86.81 |,fct_capture_prices,zone=NL;local_year=2025,baseload_price,num2,,4
control-room/06 Findings/Q2-1 Solar earns about half the average price.md,| PL | 94.2% (2021) | 64.4% | 67.16 | 104.29 |,fct_capture_prices,zone=PL;local_year=2021,solar_capture_rate * 100,.1f,,1
control-room/06 Findings/Q2-1 Solar earns about half the average price.md,| PL | 94.2% (2021) | 64.4% | 67.16 | 104.29 |,fct_capture_prices,zone=PL;local_year=2025,solar_capture_rate * 100,.1f,,3
control-room/06 Findings/Q2-1 Solar earns about half the average price.md,| PL | 94.2% (2021) | 64.4% | 67.16 | 104.29 |,fct_capture_prices,zone=PL;local_year=2025,solar_capture_price,num2,,4
control-room/06 Findings/Q2-1 Solar earns about half the average price.md,| PL | 94.2% (2021) | 64.4% | 67.16 | 104.29 |,fct_capture_prices,zone=PL;local_year=2025,baseload_price,num2,,5
control-room/06 Findings/Q2-1 Solar earns about half the average price.md,| IT_NORD | 98.6% | 81.8% | 94.82 | 115.86 |,fct_capture_prices,zone=IT_NORD;local_year=2019,solar_capture_rate * 100,.1f,,1
control-room/06 Findings/Q2-1 Solar earns about half the average price.md,| IT_NORD | 98.6% | 81.8% | 94.82 | 115.86 |,fct_capture_prices,zone=IT_NORD;local_year=2025,solar_capture_rate * 100,.1f,,2
control-room/06 Findings/Q2-1 Solar earns about half the average price.md,| IT_NORD | 98.6% | 81.8% | 94.82 | 115.86 |,fct_capture_prices,zone=IT_NORD;local_year=2025,solar_capture_price,num2,,3
control-room/06 Findings/Q2-1 Solar earns about half the average price.md,| IT_NORD | 98.6% | 81.8% | 94.82 | 115.86 |,fct_capture_prices,zone=IT_NORD;local_year=2025,baseload_price,num2,,4
control-room/06 Findings/Q2-1 Solar earns about half the average price.md,"\*NL: ENTSO-E's solar series covers ~2% of Dutch output; indicative only. PL: solar reported from April 2020, first full year 2021.",none,,external: 0.49 vs 22 TWh (CBS),,,1
control-room/06 Findings/Q2-1 Solar earns about half the average price.md,"**2026, like for like.** Over the same dates (1 Jan to 2 Oct, the as-of date; snapshot `analysis/outputs/snapshots/2026-10-02/`), the solar capture rate rose in 2026 in Belgium, Germany-Luxembourg, the Netherlands and North Italy, and fell in Spain, Portugal, France and Poland. Belgium went from 47.6% to 55.7% and Germany-Luxembourg from 48.0% to 51.8%. No cause is claimed here.",fct_ytd_comparison,zone=BE;local_year=2025,solar_capture_rate * 100,.1f,,8
control-room/06 Findings/Q2-1 Solar earns about half the average price.md,"**2026, like for like.** Over the same dates (1 Jan to 2 Oct, the as-of date; snapshot `analysis/outputs/snapshots/2026-10-02/`), the solar capture rate rose in 2026 in Belgium, Germany-Luxembourg, the Netherlands and North Italy, and fell in Spain, Portugal, France and Poland. Belgium went from 47.6% to 55.7% and Germany-Luxembourg from 48.0% to 51.8%. No cause is claimed here.",fct_ytd_comparison,zone=BE;local_year=2026,solar_capture_rate * 100,.1f,,9
control-room/06 Findings/Q2-1 Solar earns about half the average price.md,"**2026, like for like.** Over the same dates (1 Jan to 2 Oct, the as-of date; snapshot `analysis/outputs/snapshots/2026-10-02/`), the solar capture rate rose in 2026 in Belgium, Germany-Luxembourg, the Netherlands and North Italy, and fell in Spain, Portugal, France and Poland. Belgium went from 47.6% to 55.7% and Germany-Luxembourg from 48.0% to 51.8%. No cause is claimed here.",fct_ytd_comparison,zone=DE_LU;local_year=2025,solar_capture_rate * 100,.1f,,10
control-room/06 Findings/Q2-1 Solar earns about half the average price.md,"**2026, like for like.** Over the same dates (1 Jan to 2 Oct, the as-of date; snapshot `analysis/outputs/snapshots/2026-10-02/`), the solar capture rate rose in 2026 in Belgium, Germany-Luxembourg, the Netherlands and North Italy, and fell in Spain, Portugal, France and Poland. Belgium went from 47.6% to 55.7% and Germany-Luxembourg from 48.0% to 51.8%. No cause is claimed here.",fct_ytd_comparison,zone=DE_LU;local_year=2026,solar_capture_rate * 100,.1f,,11
control-room/06 Findings/Q2-1 Solar earns about half the average price.md,| BE | 47.6% | 55.7% | +8.2 |,fct_ytd_comparison,zone=BE;local_year=2025,solar_capture_rate * 100,.1f,,1
control-room/06 Findings/Q2-1 Solar earns about half the average price.md,| BE | 47.6% | 55.7% | +8.2 |,fct_ytd_comparison,zone=BE;local_year=2026,solar_capture_rate * 100,.1f,,2
control-room/06 Findings/Q2-1 Solar earns about half the average price.md,| BE | 47.6% | 55.7% | +8.2 |,fct_ytd_comparison,zone=BE;local_year=2025|2026,solar_capture_rate * 100,+.1f,diff,3
control-room/06 Findings/Q2-1 Solar earns about half the average price.md,| IT_NORD | 80.3% | 84.6% | +4.3 |,fct_ytd_comparison,zone=IT_NORD;local_year=2025,solar_capture_rate * 100,.1f,,1
control-room/06 Findings/Q2-1 Solar earns about half the average price.md,| IT_NORD | 80.3% | 84.6% | +4.3 |,fct_ytd_comparison,zone=IT_NORD;local_year=2026,solar_capture_rate * 100,.1f,,2
control-room/06 Findings/Q2-1 Solar earns about half the average price.md,| IT_NORD | 80.3% | 84.6% | +4.3 |,fct_ytd_comparison,zone=IT_NORD;local_year=2025|2026,solar_capture_rate * 100,+.1f,diff,3
control-room/06 Findings/Q2-1 Solar earns about half the average price.md,| DE_LU | 48.0% | 51.8% | +3.9 |,fct_ytd_comparison,zone=DE_LU;local_year=2025,solar_capture_rate * 100,.1f,,1
control-room/06 Findings/Q2-1 Solar earns about half the average price.md,| DE_LU | 48.0% | 51.8% | +3.9 |,fct_ytd_comparison,zone=DE_LU;local_year=2026,solar_capture_rate * 100,.1f,,2
control-room/06 Findings/Q2-1 Solar earns about half the average price.md,| DE_LU | 48.0% | 51.8% | +3.9 |,fct_ytd_comparison,zone=DE_LU;local_year=2025|2026,solar_capture_rate * 100,+.1f,diff,3
control-room/06 Findings/Q2-1 Solar earns about half the average price.md,| NL* | 58.4% | 59.0% | +0.6 |,fct_ytd_comparison,zone=NL;local_year=2025,solar_capture_rate * 100,.1f,,1
control-room/06 Findings/Q2-1 Solar earns about half the average price.md,| NL* | 58.4% | 59.0% | +0.6 |,fct_ytd_comparison,zone=NL;local_year=2026,solar_capture_rate * 100,.1f,,2
control-room/06 Findings/Q2-1 Solar earns about half the average price.md,| NL* | 58.4% | 59.0% | +0.6 |,fct_ytd_comparison,zone=NL;local_year=2025|2026,solar_capture_rate * 100,+.1f,diff,3
control-room/06 Findings/Q2-1 Solar earns about half the average price.md,| FR | 54.8% | 54.0% | −0.8 |,fct_ytd_comparison,zone=FR;local_year=2025,solar_capture_rate * 100,.1f,,1
control-room/06 Findings/Q2-1 Solar earns about half the average price.md,| FR | 54.8% | 54.0% | −0.8 |,fct_ytd_comparison,zone=FR;local_year=2026,solar_capture_rate * 100,.1f,,2
control-room/06 Findings/Q2-1 Solar earns about half the average price.md,| FR | 54.8% | 54.0% | −0.8 |,fct_ytd_comparison,zone=FR;local_year=2025|2026,solar_capture_rate * 100,+.1f,diff,3
control-room/06 Findings/Q2-1 Solar earns about half the average price.md,| PT | 51.1% | 50.2% | −0.9 |,fct_ytd_comparison,zone=PT;local_year=2025,solar_capture_rate * 100,.1f,,1
control-room/06 Findings/Q2-1 Solar earns about half the average price.md,| PT | 51.1% | 50.2% | −0.9 |,fct_ytd_comparison,zone=PT;local_year=2026,solar_capture_rate * 100,.1f,,2
control-room/06 Findings/Q2-1 Solar earns about half the average price.md,| PT | 51.1% | 50.2% | −0.9 |,fct_ytd_comparison,zone=PT;local_year=2025|2026,solar_capture_rate * 100,+.1f,diff,3
control-room/06 Findings/Q2-1 Solar earns about half the average price.md,| ES | 54.0% | 50.7% | −3.4 |,fct_ytd_comparison,zone=ES;local_year=2025,solar_capture_rate * 100,.1f,,1
control-room/06 Findings/Q2-1 Solar earns about half the average price.md,| ES | 54.0% | 50.7% | −3.4 |,fct_ytd_comparison,zone=ES;local_year=2026,solar_capture_rate * 100,.1f,,2
control-room/06 Findings/Q2-1 Solar earns about half the average price.md,| ES | 54.0% | 50.7% | −3.4 |,fct_ytd_comparison,zone=ES;local_year=2025|2026,solar_capture_rate * 100,+.1f,diff,3
control-room/06 Findings/Q2-1 Solar earns about half the average price.md,| PL | 63.2% | 58.8% | −4.3 |,fct_ytd_comparison,zone=PL;local_year=2025,solar_capture_rate * 100,.1f,,1
control-room/06 Findings/Q2-1 Solar earns about half the average price.md,| PL | 63.2% | 58.8% | −4.3 |,fct_ytd_comparison,zone=PL;local_year=2026,solar_capture_rate * 100,.1f,,2
control-room/06 Findings/Q2-1 Solar earns about half the average price.md,| PL | 63.2% | 58.8% | −4.3 |,fct_ytd_comparison,zone=PL;local_year=2025|2026,solar_capture_rate * 100,+.1f,diff,3
control-room/06 Findings/Q2-1 Solar earns about half the average price.md,"- The decline is not a straight line: in 2022 the rate rose again in DE_LU (77.9% → 94.4%), BE, NL, FR and IT_NORD, but not in ES, PT or PL. This note does not try to explain why.",fct_capture_prices,zone=DE_LU;local_year=2021,solar_capture_rate * 100,.1f,,2
control-room/06 Findings/Q2-1 Solar earns about half the average price.md,"- The decline is not a straight line: in 2022 the rate rose again in DE_LU (77.9% → 94.4%), BE, NL, FR and IT_NORD, but not in ES, PT or PL. This note does not try to explain why.",fct_capture_prices,zone=DE_LU;local_year=2022,solar_capture_rate * 100,.1f,,3
control-room/06 Findings/Q2-1 Solar earns about half the average price.md,"- North Italy is the outlier: 81.8% in 2025, the only zone above 65%.",fct_capture_prices,zone=IT_NORD;local_year=2025,solar_capture_rate * 100,.1f,,1
control-room/06 Findings/Q2-1 Solar earns about half the average price.md,"- North Italy is the outlier: 81.8% in 2025, the only zone above 65%.",none,,threshold,,,3
control-room/06 Findings/Q2-1 Solar earns about half the average price.md,**Check:** DE_LU 2024 solar capture price 46.23 €/MWh vs the published German solar market value of 4.624 ct/kWh (Netztransparenz).,fct_capture_prices,zone=DE_LU;local_year=2024,solar_capture_price,num2,,2
control-room/06 Findings/Q2-1 Solar earns about half the average price.md,**Check:** DE_LU 2024 solar capture price 46.23 €/MWh vs the published German solar market value of 4.624 ct/kWh (Netztransparenz).,none,,external: Netztransparenz,,,3
control-room/06 Findings/Q2-1 Solar earns about half the average price.md,"A solar business case that assumes the average power price overstates revenue by roughly 2× in most of these zones. Developers and lenders should model a capture rate, not the baseload price.",none,,rounded: 1 / capture rate of about 50%,,,1
control-room/06 Findings/Q2-2 Cannibalisation curve.md,"Between 2019 and 2025, solar's share of reported generation rose and its capture rate fell in all 7 zones with usable data (the Netherlands left out; Poland from 2021, its first full year of solar data); Spain went from 5.9% solar and a 101.9% capture rate to 20.3% and 55.2%.",none,,count of zones,,,3
control-room/06 Findings/Q2-2 Cannibalisation curve.md,"Between 2019 and 2025, solar's share of reported generation rose and its capture rate fell in all 7 zones with usable data (the Netherlands left out; Poland from 2021, its first full year of solar data); Spain went from 5.9% solar and a 101.9% capture rate to 20.3% and 55.2%.",fct_capture_prices,zone=ES;local_year=2019,solar_share * 100,.1f,,5
control-room/06 Findings/Q2-2 Cannibalisation curve.md,"Between 2019 and 2025, solar's share of reported generation rose and its capture rate fell in all 7 zones with usable data (the Netherlands left out; Poland from 2021, its first full year of solar data); Spain went from 5.9% solar and a 101.9% capture rate to 20.3% and 55.2%.",fct_capture_prices,zone=ES;local_year=2019,solar_capture_rate * 100,.1f,,6
control-room/06 Findings/Q2-2 Cannibalisation curve.md,"Between 2019 and 2025, solar's share of reported generation rose and its capture rate fell in all 7 zones with usable data (the Netherlands left out; Poland from 2021, its first full year of solar data); Spain went from 5.9% solar and a 101.9% capture rate to 20.3% and 55.2%.",fct_capture_prices,zone=ES;local_year=2025,solar_share * 100,.1f,,7
control-room/06 Findings/Q2-2 Cannibalisation curve.md,"Between 2019 and 2025, solar's share of reported generation rose and its capture rate fell in all 7 zones with usable data (the Netherlands left out; Poland from 2021, its first full year of solar data); Spain went from 5.9% solar and a 101.9% capture rate to 20.3% and 55.2%.",fct_capture_prices,zone=ES;local_year=2025,solar_capture_rate * 100,.1f,,8
control-room/06 Findings/Q2-2 Cannibalisation curve.md,| ES | 2019 | 5.9% | 101.9% | 20.3% | 55.2% |,fct_capture_prices,zone=ES;local_year=2019,solar_share * 100,.1f,,2
control-room/06 Findings/Q2-2 Cannibalisation curve.md,| ES | 2019 | 5.9% | 101.9% | 20.3% | 55.2% |,fct_capture_prices,zone=ES;local_year=2019,solar_capture_rate * 100,.1f,,3
control-room/06 Findings/Q2-2 Cannibalisation curve.md,| ES | 2019 | 5.9% | 101.9% | 20.3% | 55.2% |,fct_capture_prices,zone=ES;local_year=2025,solar_share * 100,.1f,,4
control-room/06 Findings/Q2-2 Cannibalisation curve.md,| ES | 2019 | 5.9% | 101.9% | 20.3% | 55.2% |,fct_capture_prices,zone=ES;local_year=2025,solar_capture_rate * 100,.1f,,5
control-room/06 Findings/Q2-2 Cannibalisation curve.md,| DE_LU | 2019 | 8.0% | 92.7% | 16.9% | 51.4% |,fct_capture_prices,zone=DE_LU;local_year=2019,solar_share * 100,.1f,,2
control-room/06 Findings/Q2-2 Cannibalisation curve.md,| DE_LU | 2019 | 8.0% | 92.7% | 16.9% | 51.4% |,fct_capture_prices,zone=DE_LU;local_year=2019,solar_capture_rate * 100,.1f,,3
control-room/06 Findings/Q2-2 Cannibalisation curve.md,| DE_LU | 2019 | 8.0% | 92.7% | 16.9% | 51.4% |,fct_capture_prices,zone=DE_LU;local_year=2025,solar_share * 100,.1f,,4
control-room/06 Findings/Q2-2 Cannibalisation curve.md,| DE_LU | 2019 | 8.0% | 92.7% | 16.9% | 51.4% |,fct_capture_prices,zone=DE_LU;local_year=2025,solar_capture_rate * 100,.1f,,5
control-room/06 Findings/Q2-2 Cannibalisation curve.md,| BE | 2019 | 4.0% | 92.1% | 14.8% | 51.4% |,fct_capture_prices,zone=BE;local_year=2019,solar_share * 100,.1f,,2
control-room/06 Findings/Q2-2 Cannibalisation curve.md,| BE | 2019 | 4.0% | 92.1% | 14.8% | 51.4% |,fct_capture_prices,zone=BE;local_year=2019,solar_capture_rate * 100,.1f,,3
control-room/06 Findings/Q2-2 Cannibalisation curve.md,| BE | 2019 | 4.0% | 92.1% | 14.8% | 51.4% |,fct_capture_prices,zone=BE;local_year=2025,solar_share * 100,.1f,,4
control-room/06 Findings/Q2-2 Cannibalisation curve.md,| BE | 2019 | 4.0% | 92.1% | 14.8% | 51.4% |,fct_capture_prices,zone=BE;local_year=2025,solar_capture_rate * 100,.1f,,5
control-room/06 Findings/Q2-2 Cannibalisation curve.md,| PT | 2019 | 2.2% | 101.9% | 12.5% | 53.4% |,fct_capture_prices,zone=PT;local_year=2019,solar_share * 100,.1f,,2
control-room/06 Findings/Q2-2 Cannibalisation curve.md,| PT | 2019 | 2.2% | 101.9% | 12.5% | 53.4% |,fct_capture_prices,zone=PT;local_year=2019,solar_capture_rate * 100,.1f,,3
control-room/06 Findings/Q2-2 Cannibalisation curve.md,| PT | 2019 | 2.2% | 101.9% | 12.5% | 53.4% |,fct_capture_prices,zone=PT;local_year=2025,solar_share * 100,.1f,,4
control-room/06 Findings/Q2-2 Cannibalisation curve.md,| PT | 2019 | 2.2% | 101.9% | 12.5% | 53.4% |,fct_capture_prices,zone=PT;local_year=2025,solar_capture_rate * 100,.1f,,5
control-room/06 Findings/Q2-2 Cannibalisation curve.md,| PL | 2021 | 2.9% | 94.2% | 12.1% | 64.4% |,fct_capture_prices,zone=PL;local_year=2021,solar_share * 100,.1f,,2
control-room/06 Findings/Q2-2 Cannibalisation curve.md,| PL | 2021 | 2.9% | 94.2% | 12.1% | 64.4% |,fct_capture_prices,zone=PL;local_year=2021,solar_capture_rate * 100,.1f,,3
control-room/06 Findings/Q2-2 Cannibalisation curve.md,| PL | 2021 | 2.9% | 94.2% | 12.1% | 64.4% |,fct_capture_prices,zone=PL;local_year=2025,solar_share * 100,.1f,,4
control-room/06 Findings/Q2-2 Cannibalisation curve.md,| PL | 2021 | 2.9% | 94.2% | 12.1% | 64.4% |,fct_capture_prices,zone=PL;local_year=2025,solar_capture_rate * 100,.1f,,5
control-room/06 Findings/Q2-2 Cannibalisation curve.md,| IT_NORD | 2019 | 5.4% | 98.6% | 11.0% | 81.8% |,fct_capture_prices,zone=IT_NORD;local_year=2019,solar_share * 100,.1f,,2
control-room/06 Findings/Q2-2 Cannibalisation curve.md,| IT_NORD | 2019 | 5.4% | 98.6% | 11.0% | 81.8% |,fct_capture_prices,zone=IT_NORD;local_year=2019,solar_capture_rate * 100,.1f,,3
control-room/06 Findings/Q2-2 Cannibalisation curve.md,| IT_NORD | 2019 | 5.4% | 98.6% | 11.0% | 81.8% |,fct_capture_prices,zone=IT_NORD;local_year=2025,solar_share * 100,.1f,,4
control-room/06 Findings/Q2-2 Cannibalisation curve.md,| IT_NORD | 2019 | 5.4% | 98.6% | 11.0% | 81.8% |,fct_capture_prices,zone=IT_NORD;local_year=2025,solar_capture_rate * 100,.1f,,5
control-room/06 Findings/Q2-2 Cannibalisation curve.md,| FR | 2019 | 2.2% | 95.7% | 5.7% | 58.8% |,fct_capture_prices,zone=FR;local_year=2019,solar_share * 100,.1f,,2
control-room/06 Findings/Q2-2 Cannibalisation curve.md,| FR | 2019 | 2.2% | 95.7% | 5.7% | 58.8% |,fct_capture_prices,zone=FR;local_year=2019,solar_capture_rate * 100,.1f,,3
control-room/06 Findings/Q2-2 Cannibalisation curve.md,| FR | 2019 | 2.2% | 95.7% | 5.7% | 58.8% |,fct_capture_prices,zone=FR;local_year=2025,solar_share * 100,.1f,,4
control-room/06 Findings/Q2-2 Cannibalisation curve.md,| FR | 2019 | 2.2% | 95.7% | 5.7% | 58.8% |,fct_capture_prices,zone=FR;local_year=2025,solar_capture_rate * 100,.1f,,5
control-room/06 Findings/Q2-2 Cannibalisation curve.md,"- **Share alone doesn't set the rate.** At similar shares in 2025, North Italy (11.0%) kept 81.8%, Poland (12.1%) 64.4% and Portugal (12.5%) only 53.4%. France fell to 58.8% at just 5.7% solar.",fct_capture_prices,zone=IT_NORD;local_year=2025,solar_share * 100,.1f,,2
control-room/06 Findings/Q2-2 Cannibalisation curve.md,"- **Share alone doesn't set the rate.** At similar shares in 2025, North Italy (11.0%) kept 81.8%, Poland (12.1%) 64.4% and Portugal (12.5%) only 53.4%. France fell to 58.8% at just 5.7% solar.",fct_capture_prices,zone=IT_NORD;local_year=2025,solar_capture_rate * 100,.1f,,3
control-room/06 Findings/Q2-2 Cannibalisation curve.md,"- **Share alone doesn't set the rate.** At similar shares in 2025, North Italy (11.0%) kept 81.8%, Poland (12.1%) 64.4% and Portugal (12.5%) only 53.4%. France fell to 58.8% at just 5.7% solar.",fct_capture_prices,zone=PL;local_year=2025,solar_share * 100,.1f,,4
control-room/06 Findings/Q2-2 Cannibalisation curve.md,"- **Share alone doesn't set the rate.** At similar shares in 2025, North Italy (11.0%) kept 81.8%, Poland (12.1%) 64.4% and Portugal (12.5%) only 53.4%. France fell to 58.8% at just 5.7% solar.",fct_capture_prices,zone=PL;local_year=2025,solar_capture_rate * 100,.1f,,5
control-room/06 Findings/Q2-2 Cannibalisation curve.md,"- **Share alone doesn't set the rate.** At similar shares in 2025, North Italy (11.0%) kept 81.8%, Poland (12.1%) 64.4% and Portugal (12.5%) only 53.4%. France fell to 58.8% at just 5.7% solar.",fct_capture_prices,zone=PT;local_year=2025,solar_share * 100,.1f,,6
control-room/06 Findings/Q2-2 Cannibalisation curve.md,"- **Share alone doesn't set the rate.** At similar shares in 2025, North Italy (11.0%) kept 81.8%, Poland (12.1%) 64.4% and Portugal (12.5%) only 53.4%. France fell to 58.8% at just 5.7% solar.",fct_capture_prices,zone=PT;local_year=2025,solar_capture_rate * 100,.1f,,7
control-room/06 Findings/Q2-2 Cannibalisation curve.md,"- **Share alone doesn't set the rate.** At similar shares in 2025, North Italy (11.0%) kept 81.8%, Poland (12.1%) 64.4% and Portugal (12.5%) only 53.4%. France fell to 58.8% at just 5.7% solar.",fct_capture_prices,zone=FR;local_year=2025,solar_capture_rate * 100,.1f,,8
control-room/06 Findings/Q2-2 Cannibalisation curve.md,"- **Share alone doesn't set the rate.** At similar shares in 2025, North Italy (11.0%) kept 81.8%, Poland (12.1%) 64.4% and Portugal (12.5%) only 53.4%. France fell to 58.8% at just 5.7% solar.",fct_capture_prices,zone=FR;local_year=2025,solar_share * 100,.1f,,9
control-room/06 Findings/Q2-2 Cannibalisation curve.md,"- 2026 is not a full year, so it is not on this curve. Over the same dates (1 Jan to 2 Oct), Spain's capture rate fell from 54.0% in 2025 to 50.7% in 2026 and Portugal's from 51.1% to 50.2% (see [[Q2-1 Solar earns about half the average price|Q2-1]]).",fct_ytd_comparison,zone=ES;local_year=2025,solar_capture_rate * 100,.1f,,4
control-room/06 Findings/Q2-2 Cannibalisation curve.md,"- 2026 is not a full year, so it is not on this curve. Over the same dates (1 Jan to 2 Oct), Spain's capture rate fell from 54.0% in 2025 to 50.7% in 2026 and Portugal's from 51.1% to 50.2% (see [[Q2-1 Solar earns about half the average price|Q2-1]]).",fct_ytd_comparison,zone=ES;local_year=2026,solar_capture_rate * 100,.1f,,6
control-room/06 Findings/Q2-2 Cannibalisation curve.md,"- 2026 is not a full year, so it is not on this curve. Over the same dates (1 Jan to 2 Oct), Spain's capture rate fell from 54.0% in 2025 to 50.7% in 2026 and Portugal's from 51.1% to 50.2% (see [[Q2-1 Solar earns about half the average price|Q2-1]]).",fct_ytd_comparison,zone=PT;local_year=2025,solar_capture_rate * 100,.1f,,8
control-room/06 Findings/Q2-2 Cannibalisation curve.md,"- 2026 is not a full year, so it is not on this curve. Over the same dates (1 Jan to 2 Oct), Spain's capture rate fell from 54.0% in 2025 to 50.7% in 2026 and Portugal's from 51.1% to 50.2% (see [[Q2-1 Solar earns about half the average price|Q2-1]]).",fct_ytd_comparison,zone=PT;local_year=2026,solar_capture_rate * 100,.1f,,9
control-room/06 Findings/Q2-2 Cannibalisation curve.md,"`fct_capture_prices`: `solar_share` = solar MWh / total reported generation MWh; `solar_capture_rate` as in Q2-1. Notebook chart 2 (one panel per zone, other zones in grey). The Netherlands is left out: ENTSO-E reports 0.49 TWh of Dutch solar in 2024 vs 22 TWh in CBS statistics.",fct_capture_prices,zone=NL;local_year=2024,solar_mwh / 1e6,.2f,,3
control-room/06 Findings/Q2-2 Cannibalisation curve.md,"`fct_capture_prices`: `solar_share` = solar MWh / total reported generation MWh; `solar_capture_rate` as in Q2-1. Notebook chart 2 (one panel per zone, other zones in grey). The Netherlands is left out: ENTSO-E reports 0.49 TWh of Dutch solar in 2024 vs 22 TWh in CBS statistics.",none,,external: CBS,,,5
control-room/06 Findings/Q2-2 Cannibalisation curve.md,"- 7 zones × ~7 years is a small sample; this shows a consistent direction, not a fitted curve or a cause.",none,,sample size,,,1
control-room/06 Findings/Q2-2 Cannibalisation curve.md,"- 7 zones × ~7 years is a small sample; this shows a consistent direction, not a fitted curve or a cause.",none,,sample size,,,2
control-room/06 Findings/Q2-2 Cannibalisation curve.md,"Zones further along the curve (ES, DE_LU, BE, PT) show what happens to solar revenue as others add capacity. A forecast for a zone at 5 to 10% solar today should not assume today's capture rate holds.",none,,illustrative range,,,1
control-room/06 Findings/Q2-2 Cannibalisation curve.md,"Zones further along the curve (ES, DE_LU, BE, PT) show what happens to solar revenue as others add capacity. A forecast for a zone at 5 to 10% solar today should not assume today's capture rate holds.",none,,illustrative range,,,2
control-room/06 Findings/Q2-3 Wind keeps its value.md,# Wind does not suffer the same: it kept 86 to 97% of the average price in 2025,fct_capture_prices,local_year=2025;zone=BE|DE_LU|ES|FR|NL|PL|PT,wind_capture_rate * 100,.0f,min,1
control-room/06 Findings/Q2-3 Wind keeps its value.md,# Wind does not suffer the same: it kept 86 to 97% of the average price in 2025,fct_capture_prices,local_year=2025;zone=BE|DE_LU|ES|FR|NL|PL|PT,wind_capture_rate * 100,.0f,max,2
control-room/06 Findings/Q2-3 Wind keeps its value.md,"In 2025, wind earned 86 to 97% of the average day-ahead price in 7 zones (North Italy's 102.4% left out: wind is only 0.3% of its reported generation; the Netherlands' 91.6% is included: its wind series is usable, only its solar series is incomplete), while solar earned 51 to 82% (8 zones).",fct_capture_prices,local_year=2025;zone=BE|DE_LU|ES|FR|NL|PL|PT,wind_capture_rate * 100,.0f,min,2
control-room/06 Findings/Q2-3 Wind keeps its value.md,"In 2025, wind earned 86 to 97% of the average day-ahead price in 7 zones (North Italy's 102.4% left out: wind is only 0.3% of its reported generation; the Netherlands' 91.6% is included: its wind series is usable, only its solar series is incomplete), while solar earned 51 to 82% (8 zones).",fct_capture_prices,local_year=2025;zone=BE|DE_LU|ES|FR|NL|PL|PT,wind_capture_rate * 100,.0f,max,3
control-room/06 Findings/Q2-3 Wind keeps its value.md,"In 2025, wind earned 86 to 97% of the average day-ahead price in 7 zones (North Italy's 102.4% left out: wind is only 0.3% of its reported generation; the Netherlands' 91.6% is included: its wind series is usable, only its solar series is incomplete), while solar earned 51 to 82% (8 zones).",none,,count of zones,,,4
control-room/06 Findings/Q2-3 Wind keeps its value.md,"In 2025, wind earned 86 to 97% of the average day-ahead price in 7 zones (North Italy's 102.4% left out: wind is only 0.3% of its reported generation; the Netherlands' 91.6% is included: its wind series is usable, only its solar series is incomplete), while solar earned 51 to 82% (8 zones).",fct_capture_prices,zone=IT_NORD;local_year=2025,wind_capture_rate * 100,.1f,,5
control-room/06 Findings/Q2-3 Wind keeps its value.md,"In 2025, wind earned 86 to 97% of the average day-ahead price in 7 zones (North Italy's 102.4% left out: wind is only 0.3% of its reported generation; the Netherlands' 91.6% is included: its wind series is usable, only its solar series is incomplete), while solar earned 51 to 82% (8 zones).",fct_capture_prices,zone=IT_NORD;local_year=2025,wind_share * 100,.1f,,6
control-room/06 Findings/Q2-3 Wind keeps its value.md,"In 2025, wind earned 86 to 97% of the average day-ahead price in 7 zones (North Italy's 102.4% left out: wind is only 0.3% of its reported generation; the Netherlands' 91.6% is included: its wind series is usable, only its solar series is incomplete), while solar earned 51 to 82% (8 zones).",fct_capture_prices,zone=NL;local_year=2025,wind_capture_rate * 100,.1f,,7
control-room/06 Findings/Q2-3 Wind keeps its value.md,"In 2025, wind earned 86 to 97% of the average day-ahead price in 7 zones (North Italy's 102.4% left out: wind is only 0.3% of its reported generation; the Netherlands' 91.6% is included: its wind series is usable, only its solar series is incomplete), while solar earned 51 to 82% (8 zones).",fct_capture_prices,local_year=2025;zone=BE|DE_LU|ES|FR|IT_NORD|NL|PL|PT,solar_capture_rate * 100,.0f,min,8
control-room/06 Findings/Q2-3 Wind keeps its value.md,"In 2025, wind earned 86 to 97% of the average day-ahead price in 7 zones (North Italy's 102.4% left out: wind is only 0.3% of its reported generation; the Netherlands' 91.6% is included: its wind series is usable, only its solar series is incomplete), while solar earned 51 to 82% (8 zones).",fct_capture_prices,local_year=2025;zone=BE|DE_LU|ES|FR|IT_NORD|NL|PL|PT,solar_capture_rate * 100,.0f,max,9
control-room/06 Findings/Q2-3 Wind keeps its value.md,| BE | 51.4% | 86.3% | 34.9 | 42.46 | 71.24 | 17.7% |,fct_capture_prices,zone=BE;local_year=2025,solar_capture_rate * 100,.1f,,1
control-room/06 Findings/Q2-3 Wind keeps its value.md,| BE | 51.4% | 86.3% | 34.9 | 42.46 | 71.24 | 17.7% |,fct_capture_prices,zone=BE;local_year=2025,wind_capture_rate * 100,.1f,,2
control-room/06 Findings/Q2-3 Wind keeps its value.md,| BE | 51.4% | 86.3% | 34.9 | 42.46 | 71.24 | 17.7% |,fct_capture_prices,zone=BE;local_year=2025,(wind_capture_rate - solar_capture_rate) * 100,.1f,,3
control-room/06 Findings/Q2-3 Wind keeps its value.md,| BE | 51.4% | 86.3% | 34.9 | 42.46 | 71.24 | 17.7% |,fct_capture_prices,zone=BE;local_year=2025,solar_capture_price,num2,,4
control-room/06 Findings/Q2-3 Wind keeps its value.md,| BE | 51.4% | 86.3% | 34.9 | 42.46 | 71.24 | 17.7% |,fct_capture_prices,zone=BE;local_year=2025,wind_capture_price,num2,,5
control-room/06 Findings/Q2-3 Wind keeps its value.md,| BE | 51.4% | 86.3% | 34.9 | 42.46 | 71.24 | 17.7% |,fct_capture_prices,zone=BE;local_year=2023,wind_share * 100,.1f,,6
control-room/06 Findings/Q2-3 Wind keeps its value.md,| DE_LU | 51.4% | 88.4% | 37.0 | 45.94 | 78.95 | 30.4% |,fct_capture_prices,zone=DE_LU;local_year=2025,solar_capture_rate * 100,.1f,,1
control-room/06 Findings/Q2-3 Wind keeps its value.md,| DE_LU | 51.4% | 88.4% | 37.0 | 45.94 | 78.95 | 30.4% |,fct_capture_prices,zone=DE_LU;local_year=2025,wind_capture_rate * 100,.1f,,2
control-room/06 Findings/Q2-3 Wind keeps its value.md,| DE_LU | 51.4% | 88.4% | 37.0 | 45.94 | 78.95 | 30.4% |,fct_capture_prices,zone=DE_LU;local_year=2025,(wind_capture_rate - solar_capture_rate) * 100,.1f,,3
control-room/06 Findings/Q2-3 Wind keeps its value.md,| DE_LU | 51.4% | 88.4% | 37.0 | 45.94 | 78.95 | 30.4% |,fct_capture_prices,zone=DE_LU;local_year=2025,solar_capture_price,num2,,4
control-room/06 Findings/Q2-3 Wind keeps its value.md,| DE_LU | 51.4% | 88.4% | 37.0 | 45.94 | 78.95 | 30.4% |,fct_capture_prices,zone=DE_LU;local_year=2025,wind_capture_price,num2,,5
control-room/06 Findings/Q2-3 Wind keeps its value.md,| DE_LU | 51.4% | 88.4% | 37.0 | 45.94 | 78.95 | 30.4% |,fct_capture_prices,zone=DE_LU;local_year=2025,wind_share * 100,.1f,,6
control-room/06 Findings/Q2-3 Wind keeps its value.md,| PT | 53.4% | 91.7% | 38.3 | 35.34 | 60.67 | 27.5% |,fct_capture_prices,zone=PT;local_year=2025,solar_capture_rate * 100,.1f,,1
control-room/06 Findings/Q2-3 Wind keeps its value.md,| PT | 53.4% | 91.7% | 38.3 | 35.34 | 60.67 | 27.5% |,fct_capture_prices,zone=PT;local_year=2025,wind_capture_rate * 100,.1f,,2
control-room/06 Findings/Q2-3 Wind keeps its value.md,| PT | 53.4% | 91.7% | 38.3 | 35.34 | 60.67 | 27.5% |,fct_capture_prices,zone=PT;local_year=2025,(wind_capture_rate - solar_capture_rate) * 100,.1f,,3
control-room/06 Findings/Q2-3 Wind keeps its value.md,| PT | 53.4% | 91.7% | 38.3 | 35.34 | 60.67 | 27.5% |,fct_capture_prices,zone=PT;local_year=2025,solar_capture_price,num2,,4
control-room/06 Findings/Q2-3 Wind keeps its value.md,| PT | 53.4% | 91.7% | 38.3 | 35.34 | 60.67 | 27.5% |,fct_capture_prices,zone=PT;local_year=2025,wind_capture_price,num2,,5
control-room/06 Findings/Q2-3 Wind keeps its value.md,| PT | 53.4% | 91.7% | 38.3 | 35.34 | 60.67 | 27.5% |,fct_capture_prices,zone=PT;local_year=2025,wind_share * 100,.1f,,6
control-room/06 Findings/Q2-3 Wind keeps its value.md,| ES | 55.2% | 96.8% | 41.6 | 36.05 | 63.20 | 21.5% |,fct_capture_prices,zone=ES;local_year=2025,solar_capture_rate * 100,.1f,,1
control-room/06 Findings/Q2-3 Wind keeps its value.md,| ES | 55.2% | 96.8% | 41.6 | 36.05 | 63.20 | 21.5% |,fct_capture_prices,zone=ES;local_year=2025,wind_capture_rate * 100,.1f,,2
control-room/06 Findings/Q2-3 Wind keeps its value.md,| ES | 55.2% | 96.8% | 41.6 | 36.05 | 63.20 | 21.5% |,fct_capture_prices,zone=ES;local_year=2025,(wind_capture_rate - solar_capture_rate) * 100,.1f,,3
control-room/06 Findings/Q2-3 Wind keeps its value.md,| ES | 55.2% | 96.8% | 41.6 | 36.05 | 63.20 | 21.5% |,fct_capture_prices,zone=ES;local_year=2025,solar_capture_price,num2,,4
control-room/06 Findings/Q2-3 Wind keeps its value.md,| ES | 55.2% | 96.8% | 41.6 | 36.05 | 63.20 | 21.5% |,fct_capture_prices,zone=ES;local_year=2025,wind_capture_price,",.2f",,5
control-room/06 Findings/Q2-3 Wind keeps its value.md,| ES | 55.2% | 96.8% | 41.6 | 36.05 | 63.20 | 21.5% |,fct_capture_prices,zone=ES;local_year=2025,wind_share * 100,.1f,,6
control-room/06 Findings/Q2-3 Wind keeps its value.md,| FR | 58.8% | 89.6% | 30.8 | 35.94 | 54.75 | 9.1% |,fct_capture_prices,zone=FR;local_year=2025,solar_capture_rate * 100,.1f,,1
control-room/06 Findings/Q2-3 Wind keeps its value.md,| FR | 58.8% | 89.6% | 30.8 | 35.94 | 54.75 | 9.1% |,fct_capture_prices,zone=FR;local_year=2025,wind_capture_rate * 100,.1f,,2
control-room/06 Findings/Q2-3 Wind keeps its value.md,| FR | 58.8% | 89.6% | 30.8 | 35.94 | 54.75 | 9.1% |,fct_capture_prices,zone=FR;local_year=2025,(wind_capture_rate - solar_capture_rate) * 100,.1f,,3
control-room/06 Findings/Q2-3 Wind keeps its value.md,| FR | 58.8% | 89.6% | 30.8 | 35.94 | 54.75 | 9.1% |,fct_capture_prices,zone=FR;local_year=2025,solar_capture_price,num2,,4
control-room/06 Findings/Q2-3 Wind keeps its value.md,| FR | 58.8% | 89.6% | 30.8 | 35.94 | 54.75 | 9.1% |,fct_capture_prices,zone=FR;local_year=2025,wind_capture_price,num2,,5
control-room/06 Findings/Q2-3 Wind keeps its value.md,| FR | 58.8% | 89.6% | 30.8 | 35.94 | 54.75 | 9.1% |,fct_capture_prices,zone=FR;local_year=2025,wind_share * 100,.1f,,6
control-room/06 Findings/Q2-3 Wind keeps its value.md,| NL* | 61.4% | 91.6% | 30.2 | 53.29 | 79.51 | 19.3% |,fct_capture_prices,zone=NL;local_year=2025,solar_capture_rate * 100,.1f,,1
control-room/06 Findings/Q2-3 Wind keeps its value.md,| NL* | 61.4% | 91.6% | 30.2 | 53.29 | 79.51 | 19.3% |,fct_capture_prices,zone=NL;local_year=2025,wind_capture_rate * 100,.1f,,2
control-room/06 Findings/Q2-3 Wind keeps its value.md,| NL* | 61.4% | 91.6% | 30.2 | 53.29 | 79.51 | 19.3% |,fct_capture_prices,zone=NL;local_year=2025,(wind_capture_rate - solar_capture_rate) * 100,.1f,,3
control-room/06 Findings/Q2-3 Wind keeps its value.md,| NL* | 61.4% | 91.6% | 30.2 | 53.29 | 79.51 | 19.3% |,fct_capture_prices,zone=NL;local_year=2025,solar_capture_price,num2,,4
control-room/06 Findings/Q2-3 Wind keeps its value.md,| NL* | 61.4% | 91.6% | 30.2 | 53.29 | 79.51 | 19.3% |,fct_capture_prices,zone=NL;local_year=2025,wind_capture_price,num2,,5
control-room/06 Findings/Q2-3 Wind keeps its value.md,| NL* | 61.4% | 91.6% | 30.2 | 53.29 | 79.51 | 19.3% |,fct_capture_prices,zone=NL;local_year=2025,wind_share * 100,.1f,,6
control-room/06 Findings/Q2-3 Wind keeps its value.md,| PL | 64.4% | 94.3% | 29.9 | 67.16 | 98.37 | 13.8% |,fct_capture_prices,zone=PL;local_year=2025,solar_capture_rate * 100,.1f,,1
control-room/06 Findings/Q2-3 Wind keeps its value.md,| PL | 64.4% | 94.3% | 29.9 | 67.16 | 98.37 | 13.8% |,fct_capture_prices,zone=PL;local_year=2025,wind_capture_rate * 100,.1f,,2
control-room/06 Findings/Q2-3 Wind keeps its value.md,| PL | 64.4% | 94.3% | 29.9 | 67.16 | 98.37 | 13.8% |,fct_capture_prices,zone=PL;local_year=2025,(wind_capture_rate - solar_capture_rate) * 100,.1f,,3
control-room/06 Findings/Q2-3 Wind keeps its value.md,| PL | 64.4% | 94.3% | 29.9 | 67.16 | 98.37 | 13.8% |,fct_capture_prices,zone=PL;local_year=2025,solar_capture_price,num2,,4
control-room/06 Findings/Q2-3 Wind keeps its value.md,| PL | 64.4% | 94.3% | 29.9 | 67.16 | 98.37 | 13.8% |,fct_capture_prices,zone=PL;local_year=2025,wind_capture_price,num2,,5
control-room/06 Findings/Q2-3 Wind keeps its value.md,| PL | 64.4% | 94.3% | 29.9 | 67.16 | 98.37 | 13.8% |,fct_capture_prices,zone=PL;local_year=2025,wind_share * 100,.1f,,6
control-room/06 Findings/Q2-3 Wind keeps its value.md,| IT_NORD** | 81.8% | 102.4% | 20.6 | 94.82 | 118.68 | 0.3% |,fct_capture_prices,zone=IT_NORD;local_year=2025,solar_capture_rate * 100,.1f,,1
control-room/06 Findings/Q2-3 Wind keeps its value.md,| IT_NORD** | 81.8% | 102.4% | 20.6 | 94.82 | 118.68 | 0.3% |,fct_capture_prices,zone=IT_NORD;local_year=2025,wind_capture_rate * 100,.1f,,2
control-room/06 Findings/Q2-3 Wind keeps its value.md,| IT_NORD** | 81.8% | 102.4% | 20.6 | 94.82 | 118.68 | 0.3% |,fct_capture_prices,zone=IT_NORD;local_year=2025,(wind_capture_rate - solar_capture_rate) * 100,.1f,,3
control-room/06 Findings/Q2-3 Wind keeps its value.md,| IT_NORD** | 81.8% | 102.4% | 20.6 | 94.82 | 118.68 | 0.3% |,fct_capture_prices,zone=IT_NORD;local_year=2025,solar_capture_price,num2,,4
control-room/06 Findings/Q2-3 Wind keeps its value.md,| IT_NORD** | 81.8% | 102.4% | 20.6 | 94.82 | 118.68 | 0.3% |,fct_capture_prices,zone=IT_NORD;local_year=2025,wind_capture_price,num2,,5
control-room/06 Findings/Q2-3 Wind keeps its value.md,| IT_NORD** | 81.8% | 102.4% | 20.6 | 94.82 | 118.68 | 0.3% |,fct_capture_prices,zone=IT_NORD;local_year=2025,wind_share * 100,.1f,,6
control-room/06 Findings/Q2-3 Wind keeps its value.md,"\*NL solar indicative only. \*\*IT_NORD wind is 0.3% of reported generation, too small to compare; left out of the wind range.",fct_capture_prices,zone=IT_NORD;local_year=2025,wind_share * 100,.1f,,1
control-room/06 Findings/Q2-3 Wind keeps its value.md,- The gap is widest in Spain: wind 96.8% vs solar 55.2%.,fct_capture_prices,zone=ES;local_year=2025,wind_capture_rate * 100,.1f,,1
control-room/06 Findings/Q2-3 Wind keeps its value.md,- The gap is widest in Spain: wind 96.8% vs solar 55.2%.,fct_capture_prices,zone=ES;local_year=2025,solar_capture_rate * 100,.1f,,2
control-room/06 Findings/Q2-3 Wind keeps its value.md,"- In Germany, a MWh of wind earned 78.95 €/MWh in 2025 and a MWh of solar 45.94.",fct_capture_prices,zone=DE_LU;local_year=2025,wind_capture_price,num2,,1
control-room/06 Findings/Q2-3 Wind keeps its value.md,"- In Germany, a MWh of wind earned 78.95 €/MWh in 2025 and a MWh of solar 45.94.",fct_capture_prices,zone=DE_LU;local_year=2025,solar_capture_price,num2,,3
control-room/06 Findings/Q2-3 Wind keeps its value.md,- One year (2025). Wind capture rates in earlier years ranged from 73.7% (DE_LU 2022) upward; check the full series before generalising.,fct_capture_prices,zone=DE_LU;local_year=2022,wind_capture_rate * 100,.1f,,2
control-room/06 Findings/Q2-4 2022 expensive months met sunny months.md,Solar capture rates jumped in 2022 outside Iberia because the year's most expensive months (July to September) were also its sunniest. 2022 is the only year where monthly price and solar output moved together in those zones (r = +0.39 to +0.56). In Spain and Portugal the priciest months were January to March (r ≈ 0).,q2_capture_rate_decomposition,zone=BE|DE_LU|FR|IT_NORD|NL|PL;year=2022,r_month_price_vs_solar,+.2f,min,3
control-room/06 Findings/Q2-4 2022 expensive months met sunny months.md,Solar capture rates jumped in 2022 outside Iberia because the year's most expensive months (July to September) were also its sunniest. 2022 is the only year where monthly price and solar output moved together in those zones (r = +0.39 to +0.56). In Spain and Portugal the priciest months were January to March (r ≈ 0).,q2_capture_rate_decomposition,zone=BE|DE_LU|FR|IT_NORD|NL|PL;year=2022,r_month_price_vs_solar,+.2f,max,4
control-room/06 Findings/Q2-4 2022 expensive months met sunny months.md,Solar capture rates jumped in 2022 outside Iberia because the year's most expensive months (July to September) were also its sunniest. 2022 is the only year where monthly price and solar output moved together in those zones (r = +0.39 to +0.56). In Spain and Portugal the priciest months were January to March (r ≈ 0).,none,,approximate (r ≈ 0),,,5
control-room/06 Findings/Q2-4 2022 expensive months met sunny months.md,Annual capture rate = **seasonal part** × **within-month part**. The seasonal part is the rate you'd get from monthly averages only: above 1 means sunny months were the expensive ones.,none,,definition,,,1
control-room/06 Findings/Q2-4 2022 expensive months met sunny months.md,"| Zone | Seasonal 2021 | Seasonal 2022 | Within-month 2021 | Within-month 2022 | Capture rate 2021 → 2022 | r (monthly price vs solar), 2022 | 3 priciest months 2022 |",fct_capture_prices,zone=FR;local_year=2020,solar_share * 100,.0f,,8
control-room/06 Findings/Q2-4 2022 expensive months met sunny months.md,"| DE_LU | 0.847 | **1.094** | 0.919 | 0.863 | 77.9% → 94.4% | +0.43 | Aug, Sep, Jul |",q2_capture_rate_decomposition,zone=DE_LU;year=2021,seasonal,num3,,1
control-room/06 Findings/Q2-4 2022 expensive months met sunny months.md,"| DE_LU | 0.847 | **1.094** | 0.919 | 0.863 | 77.9% → 94.4% | +0.43 | Aug, Sep, Jul |",q2_capture_rate_decomposition,zone=DE_LU;year=2022,seasonal,num3,,2
control-room/06 Findings/Q2-4 2022 expensive months met sunny months.md,"| DE_LU | 0.847 | **1.094** | 0.919 | 0.863 | 77.9% → 94.4% | +0.43 | Aug, Sep, Jul |",q2_capture_rate_decomposition,zone=DE_LU;year=2021,within_month,num3,,3
control-room/06 Findings/Q2-4 2022 expensive months met sunny months.md,"| DE_LU | 0.847 | **1.094** | 0.919 | 0.863 | 77.9% → 94.4% | +0.43 | Aug, Sep, Jul |",q2_capture_rate_decomposition,zone=DE_LU;year=2022,within_month,num3,,4
control-room/06 Findings/Q2-4 2022 expensive months met sunny months.md,"| DE_LU | 0.847 | **1.094** | 0.919 | 0.863 | 77.9% → 94.4% | +0.43 | Aug, Sep, Jul |",fct_capture_prices,zone=DE_LU;local_year=2021,solar_capture_rate * 100,.1f,,5
control-room/06 Findings/Q2-4 2022 expensive months met sunny months.md,"| DE_LU | 0.847 | **1.094** | 0.919 | 0.863 | 77.9% → 94.4% | +0.43 | Aug, Sep, Jul |",fct_capture_prices,zone=DE_LU;local_year=2022,solar_capture_rate * 100,.1f,,6
control-room/06 Findings/Q2-4 2022 expensive months met sunny months.md,"| DE_LU | 0.847 | **1.094** | 0.919 | 0.863 | 77.9% → 94.4% | +0.43 | Aug, Sep, Jul |",q2_capture_rate_decomposition,zone=DE_LU;year=2022,r_month_price_vs_solar,num2,,7
control-room/06 Findings/Q2-4 2022 expensive months met sunny months.md,"| NL | 0.830 | **1.089** | 0.925 | 0.850 | 76.7% → 92.6% | +0.47 | Aug, Sep, Jul |",q2_capture_rate_decomposition,zone=NL;year=2021,seasonal,+.3f,,1
control-room/06 Findings/Q2-4 2022 expensive months met sunny months.md,"| NL | 0.830 | **1.089** | 0.925 | 0.850 | 76.7% → 92.6% | +0.47 | Aug, Sep, Jul |",q2_capture_rate_decomposition,zone=NL;year=2022,seasonal,num3,,2
control-room/06 Findings/Q2-4 2022 expensive months met sunny months.md,"| NL | 0.830 | **1.089** | 0.925 | 0.850 | 76.7% → 92.6% | +0.47 | Aug, Sep, Jul |",q2_capture_rate_decomposition,zone=NL;year=2021,within_month,num3,,3
control-room/06 Findings/Q2-4 2022 expensive months met sunny months.md,"| NL | 0.830 | **1.089** | 0.925 | 0.850 | 76.7% → 92.6% | +0.47 | Aug, Sep, Jul |",q2_capture_rate_decomposition,zone=NL;year=2022,within_month,+.3f,,4
control-room/06 Findings/Q2-4 2022 expensive months met sunny months.md,"| NL | 0.830 | **1.089** | 0.925 | 0.850 | 76.7% → 92.6% | +0.47 | Aug, Sep, Jul |",fct_capture_prices,zone=NL;local_year=2021,solar_capture_rate * 100,.1f,,5
control-room/06 Findings/Q2-4 2022 expensive months met sunny months.md,"| NL | 0.830 | **1.089** | 0.925 | 0.850 | 76.7% → 92.6% | +0.47 | Aug, Sep, Jul |",fct_capture_prices,zone=NL;local_year=2022,solar_capture_rate * 100,.1f,,6
control-room/06 Findings/Q2-4 2022 expensive months met sunny months.md,"| NL | 0.830 | **1.089** | 0.925 | 0.850 | 76.7% → 92.6% | +0.47 | Aug, Sep, Jul |",q2_capture_rate_decomposition,zone=NL;year=2022,r_month_price_vs_solar,num2,,7
control-room/06 Findings/Q2-4 2022 expensive months met sunny months.md,"| FR | 0.875 | **1.084** | 0.987 | 0.975 | 86.4% → 105.7% | +0.56 | Aug, Jul, Sep |",q2_capture_rate_decomposition,zone=FR;year=2021,seasonal,num3,,1
control-room/06 Findings/Q2-4 2022 expensive months met sunny months.md,"| FR | 0.875 | **1.084** | 0.987 | 0.975 | 86.4% → 105.7% | +0.56 | Aug, Jul, Sep |",q2_capture_rate_decomposition,zone=FR;year=2022,seasonal,num3,,2
control-room/06 Findings/Q2-4 2022 expensive months met sunny months.md,"| FR | 0.875 | **1.084** | 0.987 | 0.975 | 86.4% → 105.7% | +0.56 | Aug, Jul, Sep |",q2_capture_rate_decomposition,zone=FR;year=2021,within_month,num3,,3
control-room/06 Findings/Q2-4 2022 expensive months met sunny months.md,"| FR | 0.875 | **1.084** | 0.987 | 0.975 | 86.4% → 105.7% | +0.56 | Aug, Jul, Sep |",q2_capture_rate_decomposition,zone=FR;year=2022,within_month,num3,,4
control-room/06 Findings/Q2-4 2022 expensive months met sunny months.md,"| FR | 0.875 | **1.084** | 0.987 | 0.975 | 86.4% → 105.7% | +0.56 | Aug, Jul, Sep |",fct_capture_prices,zone=FR;local_year=2021,solar_capture_rate * 100,.1f,,5
control-room/06 Findings/Q2-4 2022 expensive months met sunny months.md,"| FR | 0.875 | **1.084** | 0.987 | 0.975 | 86.4% → 105.7% | +0.56 | Aug, Jul, Sep |",fct_capture_prices,zone=FR;local_year=2022,solar_capture_rate * 100,.1f,,6
control-room/06 Findings/Q2-4 2022 expensive months met sunny months.md,"| FR | 0.875 | **1.084** | 0.987 | 0.975 | 86.4% → 105.7% | +0.56 | Aug, Jul, Sep |",q2_capture_rate_decomposition,zone=FR;year=2022,r_month_price_vs_solar,num2,,7
control-room/06 Findings/Q2-4 2022 expensive months met sunny months.md,"| BE | 0.805 | **1.076** | 0.916 | 0.855 | 73.7% → 92.0% | +0.39 | Aug, Sep, Jul |",q2_capture_rate_decomposition,zone=BE;year=2021,seasonal,num3,,1
control-room/06 Findings/Q2-4 2022 expensive months met sunny months.md,"| BE | 0.805 | **1.076** | 0.916 | 0.855 | 73.7% → 92.0% | +0.39 | Aug, Sep, Jul |",q2_capture_rate_decomposition,zone=BE;year=2022,seasonal,num3,,2
control-room/06 Findings/Q2-4 2022 expensive months met sunny months.md,"| BE | 0.805 | **1.076** | 0.916 | 0.855 | 73.7% → 92.0% | +0.39 | Aug, Sep, Jul |",q2_capture_rate_decomposition,zone=BE;year=2021,within_month,num3,,3
control-room/06 Findings/Q2-4 2022 expensive months met sunny months.md,"| BE | 0.805 | **1.076** | 0.916 | 0.855 | 73.7% → 92.0% | +0.39 | Aug, Sep, Jul |",q2_capture_rate_decomposition,zone=BE;year=2022,within_month,num3,,4
control-room/06 Findings/Q2-4 2022 expensive months met sunny months.md,"| BE | 0.805 | **1.076** | 0.916 | 0.855 | 73.7% → 92.0% | +0.39 | Aug, Sep, Jul |",fct_capture_prices,zone=BE;local_year=2021,solar_capture_rate * 100,.1f,,5
control-room/06 Findings/Q2-4 2022 expensive months met sunny months.md,"| BE | 0.805 | **1.076** | 0.916 | 0.855 | 73.7% → 92.0% | +0.39 | Aug, Sep, Jul |",fct_capture_prices,zone=BE;local_year=2022,solar_capture_rate * 100,.1f,,6
control-room/06 Findings/Q2-4 2022 expensive months met sunny months.md,"| BE | 0.805 | **1.076** | 0.916 | 0.855 | 73.7% → 92.0% | +0.39 | Aug, Sep, Jul |",q2_capture_rate_decomposition,zone=BE;year=2022,r_month_price_vs_solar,num2,,7
control-room/06 Findings/Q2-4 2022 expensive months met sunny months.md,"| IT_NORD | 0.850 | **1.072** | 0.998 | 0.957 | 84.8% → 102.6% | +0.47 | Aug, Jul, Sep |",q2_capture_rate_decomposition,zone=IT_NORD;year=2021,seasonal,+.3f,,1
control-room/06 Findings/Q2-4 2022 expensive months met sunny months.md,"| IT_NORD | 0.850 | **1.072** | 0.998 | 0.957 | 84.8% → 102.6% | +0.47 | Aug, Jul, Sep |",q2_capture_rate_decomposition,zone=IT_NORD;year=2022,seasonal,num3,,2
control-room/06 Findings/Q2-4 2022 expensive months met sunny months.md,"| IT_NORD | 0.850 | **1.072** | 0.998 | 0.957 | 84.8% → 102.6% | +0.47 | Aug, Jul, Sep |",q2_capture_rate_decomposition,zone=IT_NORD;year=2021,within_month,num3,,3
control-room/06 Findings/Q2-4 2022 expensive months met sunny months.md,"| IT_NORD | 0.850 | **1.072** | 0.998 | 0.957 | 84.8% → 102.6% | +0.47 | Aug, Jul, Sep |",q2_capture_rate_decomposition,zone=IT_NORD;year=2022,within_month,num3,,4
control-room/06 Findings/Q2-4 2022 expensive months met sunny months.md,"| IT_NORD | 0.850 | **1.072** | 0.998 | 0.957 | 84.8% → 102.6% | +0.47 | Aug, Jul, Sep |",fct_capture_prices,zone=IT_NORD;local_year=2021,solar_capture_rate * 100,.1f,,5
control-room/06 Findings/Q2-4 2022 expensive months met sunny months.md,"| IT_NORD | 0.850 | **1.072** | 0.998 | 0.957 | 84.8% → 102.6% | +0.47 | Aug, Jul, Sep |",fct_capture_prices,zone=IT_NORD;local_year=2022,solar_capture_rate * 100,.1f,,6
control-room/06 Findings/Q2-4 2022 expensive months met sunny months.md,"| IT_NORD | 0.850 | **1.072** | 0.998 | 0.957 | 84.8% → 102.6% | +0.47 | Aug, Jul, Sep |",q2_capture_rate_decomposition,zone=IT_NORD;year=2022,r_month_price_vs_solar,num2,,7
control-room/06 Findings/Q2-4 2022 expensive months met sunny months.md,"| PL | 0.931 | **1.068** | 1.013 | 0.848 | 94.2% → 90.5% | +0.49 | Aug, Jul, Jun |",q2_capture_rate_decomposition,zone=PL;year=2021,seasonal,num3,,1
control-room/06 Findings/Q2-4 2022 expensive months met sunny months.md,"| PL | 0.931 | **1.068** | 1.013 | 0.848 | 94.2% → 90.5% | +0.49 | Aug, Jul, Jun |",q2_capture_rate_decomposition,zone=PL;year=2022,seasonal,num3,,2
control-room/06 Findings/Q2-4 2022 expensive months met sunny months.md,"| PL | 0.931 | **1.068** | 1.013 | 0.848 | 94.2% → 90.5% | +0.49 | Aug, Jul, Jun |",q2_capture_rate_decomposition,zone=PL;year=2021,within_month,.3f,,3
control-room/06 Findings/Q2-4 2022 expensive months met sunny months.md,"| PL | 0.931 | **1.068** | 1.013 | 0.848 | 94.2% → 90.5% | +0.49 | Aug, Jul, Jun |",q2_capture_rate_decomposition,zone=PL;year=2022,within_month,num3,,4
control-room/06 Findings/Q2-4 2022 expensive months met sunny months.md,"| PL | 0.931 | **1.068** | 1.013 | 0.848 | 94.2% → 90.5% | +0.49 | Aug, Jul, Jun |",fct_capture_prices,zone=PL;local_year=2021,solar_capture_rate * 100,.1f,,5
control-room/06 Findings/Q2-4 2022 expensive months met sunny months.md,"| PL | 0.931 | **1.068** | 1.013 | 0.848 | 94.2% → 90.5% | +0.49 | Aug, Jul, Jun |",fct_capture_prices,zone=PL;local_year=2022,solar_capture_rate * 100,.1f,,6
control-room/06 Findings/Q2-4 2022 expensive months met sunny months.md,"| PL | 0.931 | **1.068** | 1.013 | 0.848 | 94.2% → 90.5% | +0.49 | Aug, Jul, Jun |",q2_capture_rate_decomposition,zone=PL;year=2022,r_month_price_vs_solar,num2,,7
control-room/06 Findings/Q2-4 2022 expensive months met sunny months.md,"| ES | 0.957 | 0.995 | 0.955 | 0.905 | 91.5% → 90.1% | −0.05 | Mar, Jan, Feb |",q2_capture_rate_decomposition,zone=ES;year=2021,seasonal,num3,,1
control-room/06 Findings/Q2-4 2022 expensive months met sunny months.md,"| ES | 0.957 | 0.995 | 0.955 | 0.905 | 91.5% → 90.1% | −0.05 | Mar, Jan, Feb |",q2_capture_rate_decomposition,zone=ES;year=2022,seasonal,num3,,2
control-room/06 Findings/Q2-4 2022 expensive months met sunny months.md,"| ES | 0.957 | 0.995 | 0.955 | 0.905 | 91.5% → 90.1% | −0.05 | Mar, Jan, Feb |",q2_capture_rate_decomposition,zone=ES;year=2021,within_month,num3,,3
control-room/06 Findings/Q2-4 2022 expensive months met sunny months.md,"| ES | 0.957 | 0.995 | 0.955 | 0.905 | 91.5% → 90.1% | −0.05 | Mar, Jan, Feb |",q2_capture_rate_decomposition,zone=ES;year=2022,within_month,num3,,4
control-room/06 Findings/Q2-4 2022 expensive months met sunny months.md,"| ES | 0.957 | 0.995 | 0.955 | 0.905 | 91.5% → 90.1% | −0.05 | Mar, Jan, Feb |",fct_capture_prices,zone=ES;local_year=2021,solar_capture_rate * 100,.1f,,5
control-room/06 Findings/Q2-4 2022 expensive months met sunny months.md,"| ES | 0.957 | 0.995 | 0.955 | 0.905 | 91.5% → 90.1% | −0.05 | Mar, Jan, Feb |",fct_capture_prices,zone=ES;local_year=2022,solar_capture_rate * 100,.1f,,6
control-room/06 Findings/Q2-4 2022 expensive months met sunny months.md,"| ES | 0.957 | 0.995 | 0.955 | 0.905 | 91.5% → 90.1% | −0.05 | Mar, Jan, Feb |",q2_capture_rate_decomposition,zone=ES;year=2022,r_month_price_vs_solar,num2,,7
control-room/06 Findings/Q2-4 2022 expensive months met sunny months.md,"| PT | 1.005 | 1.001 | 0.955 | 0.899 | 96.0% → 89.9% | −0.00 | Mar, Jan, Feb |",q2_capture_rate_decomposition,zone=PT;year=2021,seasonal,num3,,1
control-room/06 Findings/Q2-4 2022 expensive months met sunny months.md,"| PT | 1.005 | 1.001 | 0.955 | 0.899 | 96.0% → 89.9% | −0.00 | Mar, Jan, Feb |",q2_capture_rate_decomposition,zone=PT;year=2022,seasonal,num3,,2
control-room/06 Findings/Q2-4 2022 expensive months met sunny months.md,"| PT | 1.005 | 1.001 | 0.955 | 0.899 | 96.0% → 89.9% | −0.00 | Mar, Jan, Feb |",q2_capture_rate_decomposition,zone=PT;year=2021,within_month,num3,,3
control-room/06 Findings/Q2-4 2022 expensive months met sunny months.md,"| PT | 1.005 | 1.001 | 0.955 | 0.899 | 96.0% → 89.9% | −0.00 | Mar, Jan, Feb |",q2_capture_rate_decomposition,zone=PT;year=2022,within_month,num3,,4
control-room/06 Findings/Q2-4 2022 expensive months met sunny months.md,"| PT | 1.005 | 1.001 | 0.955 | 0.899 | 96.0% → 89.9% | −0.00 | Mar, Jan, Feb |",fct_capture_prices,zone=PT;local_year=2021,solar_capture_rate * 100,.1f,,5
control-room/06 Findings/Q2-4 2022 expensive months met sunny months.md,"| PT | 1.005 | 1.001 | 0.955 | 0.899 | 96.0% → 89.9% | −0.00 | Mar, Jan, Feb |",fct_capture_prices,zone=PT;local_year=2022,solar_capture_rate * 100,.1f,,6
control-room/06 Findings/Q2-4 2022 expensive months met sunny months.md,"| PT | 1.005 | 1.001 | 0.955 | 0.899 | 96.0% → 89.9% | −0.00 | Mar, Jan, Feb |",q2_capture_rate_decomposition,zone=PT;year=2022,r_month_price_vs_solar,",.2f",,7
control-room/06 Findings/Q2-4 2022 expensive months met sunny months.md,"- In every other year from 2019 to 2025, the seasonal part was 0.805 to 1.015 in all zones, and monthly price vs solar correlated negatively outside Iberia (except PL 2023, +0.06).",q2_capture_rate_decomposition,year=2019|2020|2021|2023|2024|2025,seasonal,.3f,min,3
control-room/06 Findings/Q2-4 2022 expensive months met sunny months.md,"- In every other year from 2019 to 2025, the seasonal part was 0.805 to 1.015 in all zones, and monthly price vs solar correlated negatively outside Iberia (except PL 2023, +0.06).",q2_capture_rate_decomposition,year=2019|2020|2021|2023|2024|2025,seasonal,.3f,max,4
control-room/06 Findings/Q2-4 2022 expensive months met sunny months.md,"- In every other year from 2019 to 2025, the seasonal part was 0.805 to 1.015 in all zones, and monthly price vs solar correlated negatively outside Iberia (except PL 2023, +0.06).",q2_capture_rate_decomposition,zone=PL;year=2023,r_month_price_vs_solar,num2,,6
control-room/06 Findings/Q2-4 2022 expensive months met sunny months.md,"- **Iberia:** Spanish prices peaked in March 2022 (283.39 €/MWh). From June they stayed between 96.95 and 169.63, while August reached 465.18 in DE_LU, 492.49 in FR and 547.60 in IT_NORD. Spain's gas price cap applied from the day-ahead auction for delivery on **15 June 2022** (Orden TED/517/2022, BOE-A-2022-9435, under Real Decreto-ley 10/2022).",fct_solar_monthly,zone=ES;local_year=2022;local_month=2022-03-01,baseload_price,num2,,2
control-room/06 Findings/Q2-4 2022 expensive months met sunny months.md,"- **Iberia:** Spanish prices peaked in March 2022 (283.39 €/MWh). From June they stayed between 96.95 and 169.63, while August reached 465.18 in DE_LU, 492.49 in FR and 547.60 in IT_NORD. Spain's gas price cap applied from the day-ahead auction for delivery on **15 June 2022** (Orden TED/517/2022, BOE-A-2022-9435, under Real Decreto-ley 10/2022).",fct_solar_monthly,zone=ES;local_year=2022;local_month=2022-12-01,baseload_price,num2,,3
control-room/06 Findings/Q2-4 2022 expensive months met sunny months.md,"- **Iberia:** Spanish prices peaked in March 2022 (283.39 €/MWh). From June they stayed between 96.95 and 169.63, while August reached 465.18 in DE_LU, 492.49 in FR and 547.60 in IT_NORD. Spain's gas price cap applied from the day-ahead auction for delivery on **15 June 2022** (Orden TED/517/2022, BOE-A-2022-9435, under Real Decreto-ley 10/2022).",fct_solar_monthly,zone=ES;local_year=2022;local_month=2022-06-01,baseload_price,num2,,4
control-room/06 Findings/Q2-4 2022 expensive months met sunny months.md,"- **Iberia:** Spanish prices peaked in March 2022 (283.39 €/MWh). From June they stayed between 96.95 and 169.63, while August reached 465.18 in DE_LU, 492.49 in FR and 547.60 in IT_NORD. Spain's gas price cap applied from the day-ahead auction for delivery on **15 June 2022** (Orden TED/517/2022, BOE-A-2022-9435, under Real Decreto-ley 10/2022).",fct_solar_monthly,zone=DE_LU;local_year=2022;local_month=2022-08-01,baseload_price,num2,,5
control-room/06 Findings/Q2-4 2022 expensive months met sunny months.md,"- **Iberia:** Spanish prices peaked in March 2022 (283.39 €/MWh). From June they stayed between 96.95 and 169.63, while August reached 465.18 in DE_LU, 492.49 in FR and 547.60 in IT_NORD. Spain's gas price cap applied from the day-ahead auction for delivery on **15 June 2022** (Orden TED/517/2022, BOE-A-2022-9435, under Real Decreto-ley 10/2022).",fct_solar_monthly,zone=FR;local_year=2022;local_month=2022-08-01,baseload_price,num2,,6
control-room/06 Findings/Q2-4 2022 expensive months met sunny months.md,"- **Iberia:** Spanish prices peaked in March 2022 (283.39 €/MWh). From June they stayed between 96.95 and 169.63, while August reached 465.18 in DE_LU, 492.49 in FR and 547.60 in IT_NORD. Spain's gas price cap applied from the day-ahead auction for delivery on **15 June 2022** (Orden TED/517/2022, BOE-A-2022-9435, under Real Decreto-ley 10/2022).",fct_solar_monthly,zone=IT_NORD;local_year=2022;local_month=2022-08-01,baseload_price,",.2f",,7
control-room/06 Findings/Q2-4 2022 expensive months met sunny months.md,"- **Poland does not fit the premise neatly.** It had the same seasonal alignment (1.068, priciest months Aug, Jul, Jun), but its within-month part fell sharply (1.013 → 0.848), so its annual rate still dropped. Why is not tested here.",q2_capture_rate_decomposition,zone=PL;year=2022,seasonal,.3f,,1
control-room/06 Findings/Q2-4 2022 expensive months met sunny months.md,"- **Poland does not fit the premise neatly.** It had the same seasonal alignment (1.068, priciest months Aug, Jul, Jun), but its within-month part fell sharply (1.013 → 0.848), so its annual rate still dropped. Why is not tested here.",q2_capture_rate_decomposition,zone=PL;year=2021,within_month,.3f,,2
control-room/06 Findings/Q2-4 2022 expensive months met sunny months.md,"- **Poland does not fit the premise neatly.** It had the same seasonal alignment (1.068, priciest months Aug, Jul, Jun), but its within-month part fell sharply (1.013 → 0.848), so its annual rate still dropped. Why is not tested here.",q2_capture_rate_decomposition,zone=PL;year=2022,within_month,.3f,,3
control-room/06 Findings/Q2-5 Is cannibalisation regional - inconclusive.md,"France's and Belgium's solar capture rates correlate about as strongly with the coupled region's solar share (FR + DE_LU + ES + BE) as with their own (r ≈ −0.6 to −0.9 either way). The two shares rise almost in lockstep (r = 0.98 to 0.99), so this test cannot tell regional from local cannibalisation.",q2_regional_correlations,,"max(pearson_own, pearson_region)",.1f,max,1
control-room/06 Findings/Q2-5 Is cannibalisation regional - inconclusive.md,"France's and Belgium's solar capture rates correlate about as strongly with the coupled region's solar share (FR + DE_LU + ES + BE) as with their own (r ≈ −0.6 to −0.9 either way). The two shares rise almost in lockstep (r = 0.98 to 0.99), so this test cannot tell regional from local cannibalisation.",q2_regional_correlations,,"min(pearson_own, pearson_region)",.1f,min,2
control-room/06 Findings/Q2-5 Is cannibalisation regional - inconclusive.md,"France's and Belgium's solar capture rates correlate about as strongly with the coupled region's solar share (FR + DE_LU + ES + BE) as with their own (r ≈ −0.6 to −0.9 either way). The two shares rise almost in lockstep (r = 0.98 to 0.99), so this test cannot tell regional from local cannibalisation.",q2_regional_correlations,,r_own_vs_region_share,.2f,min,3
control-room/06 Findings/Q2-5 Is cannibalisation regional - inconclusive.md,"France's and Belgium's solar capture rates correlate about as strongly with the coupled region's solar share (FR + DE_LU + ES + BE) as with their own (r ≈ −0.6 to −0.9 either way). The two shares rise almost in lockstep (r = 0.98 to 0.99), so this test cannot tell regional from local cannibalisation.",q2_regional_correlations,,r_own_vs_region_share,.2f,max,4
control-room/06 Findings/Q2-5 Is cannibalisation regional - inconclusive.md,| FR | 2019 to 2025 | 7 | −0.64 | −0.76 | −0.75 | −0.79 | +0.98 |,q2_regional_correlations,zone=FR;years=2019 to 2025,n,num2,,3
control-room/06 Findings/Q2-5 Is cannibalisation regional - inconclusive.md,| FR | 2019 to 2025 | 7 | −0.64 | −0.76 | −0.75 | −0.79 | +0.98 |,q2_regional_correlations,zone=FR;years=2019 to 2025,pearson_own,num2,,4
control-room/06 Findings/Q2-5 Is cannibalisation regional - inconclusive.md,| FR | 2019 to 2025 | 7 | −0.64 | −0.76 | −0.75 | −0.79 | +0.98 |,q2_regional_correlations,zone=FR;years=2019 to 2025,pearson_region,num2,,5
control-room/06 Findings/Q2-5 Is cannibalisation regional - inconclusive.md,| FR | 2019 to 2025 | 7 | −0.64 | −0.76 | −0.75 | −0.79 | +0.98 |,q2_regional_correlations,zone=FR;years=2019 to 2025,spearman_own,num2,,6
control-room/06 Findings/Q2-5 Is cannibalisation regional - inconclusive.md,| FR | 2019 to 2025 | 7 | −0.64 | −0.76 | −0.75 | −0.79 | +0.98 |,q2_regional_correlations,zone=FR;years=2019 to 2025,spearman_region,num2,,7
control-room/06 Findings/Q2-5 Is cannibalisation regional - inconclusive.md,| FR | 2019 to 2025 | 7 | −0.64 | −0.76 | −0.75 | −0.79 | +0.98 |,q2_regional_correlations,zone=FR;years=2019 to 2025,r_own_vs_region_share,num2,,8
control-room/06 Findings/Q2-5 Is cannibalisation regional - inconclusive.md,| FR | 2019 to 2025 without 2022 | 6 | −0.88 | −0.93 | −0.94 | −1.00 | +0.99 |,q2_regional_correlations,zone=FR;years=2019 to 2025 without 2022,n,num2,,4
control-room/06 Findings/Q2-5 Is cannibalisation regional - inconclusive.md,| FR | 2019 to 2025 without 2022 | 6 | −0.88 | −0.93 | −0.94 | −1.00 | +0.99 |,q2_regional_correlations,zone=FR;years=2019 to 2025 without 2022,pearson_own,num2,,5
control-room/06 Findings/Q2-5 Is cannibalisation regional - inconclusive.md,| FR | 2019 to 2025 without 2022 | 6 | −0.88 | −0.93 | −0.94 | −1.00 | +0.99 |,q2_regional_correlations,zone=FR;years=2019 to 2025 without 2022,pearson_region,num2,,6
control-room/06 Findings/Q2-5 Is cannibalisation regional - inconclusive.md,| FR | 2019 to 2025 without 2022 | 6 | −0.88 | −0.93 | −0.94 | −1.00 | +0.99 |,q2_regional_correlations,zone=FR;years=2019 to 2025 without 2022,spearman_own,num2,,7
control-room/06 Findings/Q2-5 Is cannibalisation regional - inconclusive.md,| FR | 2019 to 2025 without 2022 | 6 | −0.88 | −0.93 | −0.94 | −1.00 | +0.99 |,q2_regional_correlations,zone=FR;years=2019 to 2025 without 2022,spearman_region,",.2f",,8
control-room/06 Findings/Q2-5 Is cannibalisation regional - inconclusive.md,| FR | 2019 to 2025 without 2022 | 6 | −0.88 | −0.93 | −0.94 | −1.00 | +0.99 |,q2_regional_correlations,zone=FR;years=2019 to 2025 without 2022,r_own_vs_region_share,num2,,9
control-room/06 Findings/Q2-5 Is cannibalisation regional - inconclusive.md,| BE | 2019 to 2025 | 7 | −0.82 | −0.76 | −0.68 | −0.71 | +0.98 |,q2_regional_correlations,zone=BE;years=2019 to 2025,n,num2,,3
control-room/06 Findings/Q2-5 Is cannibalisation regional - inconclusive.md,| BE | 2019 to 2025 | 7 | −0.82 | −0.76 | −0.68 | −0.71 | +0.98 |,q2_regional_correlations,zone=BE;years=2019 to 2025,pearson_own,num2,,4
control-room/06 Findings/Q2-5 Is cannibalisation regional - inconclusive.md,| BE | 2019 to 2025 | 7 | −0.82 | −0.76 | −0.68 | −0.71 | +0.98 |,q2_regional_correlations,zone=BE;years=2019 to 2025,pearson_region,num2,,5
control-room/06 Findings/Q2-5 Is cannibalisation regional - inconclusive.md,| BE | 2019 to 2025 | 7 | −0.82 | −0.76 | −0.68 | −0.71 | +0.98 |,q2_regional_correlations,zone=BE;years=2019 to 2025,spearman_own,num2,,6
control-room/06 Findings/Q2-5 Is cannibalisation regional - inconclusive.md,| BE | 2019 to 2025 | 7 | −0.82 | −0.76 | −0.68 | −0.71 | +0.98 |,q2_regional_correlations,zone=BE;years=2019 to 2025,spearman_region,num2,,7
control-room/06 Findings/Q2-5 Is cannibalisation regional - inconclusive.md,| BE | 2019 to 2025 | 7 | −0.82 | −0.76 | −0.68 | −0.71 | +0.98 |,q2_regional_correlations,zone=BE;years=2019 to 2025,r_own_vs_region_share,num2,,8
control-room/06 Findings/Q2-5 Is cannibalisation regional - inconclusive.md,| BE | 2019 to 2025 without 2022 | 6 | −0.89 | −0.87 | −0.77 | −0.83 | +0.99 |,q2_regional_correlations,zone=BE;years=2019 to 2025 without 2022,n,num2,,4
control-room/06 Findings/Q2-5 Is cannibalisation regional - inconclusive.md,| BE | 2019 to 2025 without 2022 | 6 | −0.89 | −0.87 | −0.77 | −0.83 | +0.99 |,q2_regional_correlations,zone=BE;years=2019 to 2025 without 2022,pearson_own,num2,,5
control-room/06 Findings/Q2-5 Is cannibalisation regional - inconclusive.md,| BE | 2019 to 2025 without 2022 | 6 | −0.89 | −0.87 | −0.77 | −0.83 | +0.99 |,q2_regional_correlations,zone=BE;years=2019 to 2025 without 2022,pearson_region,num2,,6
control-room/06 Findings/Q2-5 Is cannibalisation regional - inconclusive.md,| BE | 2019 to 2025 without 2022 | 6 | −0.89 | −0.87 | −0.77 | −0.83 | +0.99 |,q2_regional_correlations,zone=BE;years=2019 to 2025 without 2022,spearman_own,num2,,7
control-room/06 Findings/Q2-5 Is cannibalisation regional - inconclusive.md,| BE | 2019 to 2025 without 2022 | 6 | −0.89 | −0.87 | −0.77 | −0.83 | +0.99 |,q2_regional_correlations,zone=BE;years=2019 to 2025 without 2022,spearman_region,num2,,8
control-room/06 Findings/Q2-5 Is cannibalisation regional - inconclusive.md,| BE | 2019 to 2025 without 2022 | 6 | −0.89 | −0.87 | −0.77 | −0.83 | +0.99 |,q2_regional_correlations,zone=BE;years=2019 to 2025 without 2022,r_own_vs_region_share,num2,,9
control-room/06 Findings/Q2-5 Is cannibalisation regional - inconclusive.md,"Regional share = Σ solar MWh / Σ total generation MWh over FR, DE_LU, ES, BE, as reported to ENTSO-E (5.1% in 2019, 12.8% in 2025).",q2_regional_solar_share,local_year=2019,region_share * 100,.1f,,1
control-room/06 Findings/Q2-5 Is cannibalisation regional - inconclusive.md,"Regional share = Σ solar MWh / Σ total generation MWh over FR, DE_LU, ES, BE, as reported to ENTSO-E (5.1% in 2019, 12.8% in 2025).",q2_regional_solar_share,local_year=2025,region_share * 100,.1f,,3
control-room/06 Findings/Q2-5 Is cannibalisation regional - inconclusive.md,"- France's regional correlation is slightly stronger than its own; Belgium's is about the same. Differences this small, on 6 or 7 points, are not meaningful.",q2_regional_correlations,,n,.0f,min,1
control-room/06 Findings/Q2-5 Is cannibalisation regional - inconclusive.md,"- France's regional correlation is slightly stronger than its own; Belgium's is about the same. Differences this small, on 6 or 7 points, are not meaningful.",q2_regional_correlations,,n,.0f,max,2
control-room/06 Findings/Q2-5 Is cannibalisation regional - inconclusive.md,"- Any claim that French or Belgian solar loses value *because of* neighbours' solar. With two inputs this collinear (0.98 to 0.99), yearly data cannot separate them.",q2_regional_correlations,,r_own_vs_region_share,.2f,min,1
control-room/06 Findings/Q2-5 Is cannibalisation regional - inconclusive.md,"- Any claim that French or Belgian solar loses value *because of* neighbours' solar. With two inputs this collinear (0.98 to 0.99), yearly data cannot separate them.",q2_regional_correlations,,r_own_vs_region_share,.2f,max,2
control-room/06 Findings/Q2-5 Is cannibalisation regional - inconclusive.md,"- One observation is suggestive but untested: France's capture rate fell to 58.8% in 2025 with only 5.7% solar of its own, a low rate for that share compared with other zones (Q2-2).",fct_capture_prices,zone=FR;local_year=2025,solar_capture_rate * 100,.1f,,1
control-room/06 Findings/Q2-5 Is cannibalisation regional - inconclusive.md,"- One observation is suggestive but untested: France's capture rate fell to 58.8% in 2025 with only 5.7% solar of its own, a low rate for that share compared with other zones (Q2-2).",fct_capture_prices,zone=FR;local_year=2025,solar_share * 100,.1f,,3
control-room/06 Findings/Q2-5 Is cannibalisation regional - inconclusive.md,- 7 full years is far too few points for inference; these are descriptive correlations only.,none,,count of full years,,,1
control-room/06 Findings/Q3-1 Where day-ahead arbitrage paid most in 2025.md,"# Day-ahead arbitrage paid most in Poland in 2025: up to €85.6k per MW, vs €36.6k in North Italy",fct_battery_arbitrage,zone=PL;local_year=2025;battery_duration_h=2,revenue_eur_per_mw / 1000,.1f,,2
control-room/06 Findings/Q3-1 Where day-ahead arbitrage paid most in 2025.md,"# Day-ahead arbitrage paid most in Poland in 2025: up to €85.6k per MW, vs €36.6k in North Italy",fct_battery_arbitrage,zone=IT_NORD;local_year=2025;battery_duration_h=2,revenue_eur_per_mw / 1000,.1f,,3
control-room/06 Findings/Q3-1 Where day-ahead arbitrage paid most in 2025.md,"In 2025, a 1 MW / 2 MWh battery with perfect foresight of day-ahead prices could have earned at most **€85,640 per MW** in Poland, **€76,060** in Germany-Luxembourg and **€36,558** in North Italy, from day-ahead arbitrage alone.",fct_battery_arbitrage,zone=PL;local_year=2025;battery_duration_h=2,revenue_eur_per_mw,num2,,4
control-room/06 Findings/Q3-1 Where day-ahead arbitrage paid most in 2025.md,"In 2025, a 1 MW / 2 MWh battery with perfect foresight of day-ahead prices could have earned at most **€85,640 per MW** in Poland, **€76,060** in Germany-Luxembourg and **€36,558** in North Italy, from day-ahead arbitrage alone.",fct_battery_arbitrage,zone=DE_LU;local_year=2025;battery_duration_h=2,revenue_eur_per_mw,num2,,5
control-room/06 Findings/Q3-1 Where day-ahead arbitrage paid most in 2025.md,"In 2025, a 1 MW / 2 MWh battery with perfect foresight of day-ahead prices could have earned at most **€85,640 per MW** in Poland, **€76,060** in Germany-Luxembourg and **€36,558** in North Italy, from day-ahead arbitrage alone.",fct_battery_arbitrage,zone=IT_NORD;local_year=2025;battery_duration_h=2,revenue_eur_per_mw,num2,,6
control-room/06 Findings/Q3-1 Where day-ahead arbitrage paid most in 2025.md,"| PL | 85,640 | 234.63 | 131.90 | 73,368 | 16.7% |",fct_battery_arbitrage,zone=PL;local_year=2025;battery_duration_h=2,revenue_eur_per_mw,num2,,1
control-room/06 Findings/Q3-1 Where day-ahead arbitrage paid most in 2025.md,"| PL | 85,640 | 234.63 | 131.90 | 73,368 | 16.7% |",fct_battery_arbitrage,zone=PL;local_year=2025;battery_duration_h=2,avg_daily_revenue_eur_per_mw,num2,,2
control-room/06 Findings/Q3-1 Where day-ahead arbitrage paid most in 2025.md,"| PL | 85,640 | 234.63 | 131.90 | 73,368 | 16.7% |",fct_battery_arbitrage,zone=PL;local_year=2025;battery_duration_h=2,avg_spread_captured_eur_mwh,",.2f",,3
control-room/06 Findings/Q3-1 Where day-ahead arbitrage paid most in 2025.md,"| PL | 85,640 | 234.63 | 131.90 | 73,368 | 16.7% |",fct_battery_arbitrage,zone=PL;local_year=2025;battery_duration_h=2,heuristic_revenue_eur_per_mw,num2,,4
control-room/06 Findings/Q3-1 Where day-ahead arbitrage paid most in 2025.md,"| PL | 85,640 | 234.63 | 131.90 | 73,368 | 16.7% |",fct_battery_arbitrage,zone=PL;local_year=2025;battery_duration_h=2,lp_uplift * 100,.1f,,5
control-room/06 Findings/Q3-1 Where day-ahead arbitrage paid most in 2025.md,"| DE_LU | 76,060 | 208.38 | 116.15 | 63,265 | 20.2% |",fct_battery_arbitrage,zone=DE_LU;local_year=2025;battery_duration_h=2,revenue_eur_per_mw,num2,,1
control-room/06 Findings/Q3-1 Where day-ahead arbitrage paid most in 2025.md,"| DE_LU | 76,060 | 208.38 | 116.15 | 63,265 | 20.2% |",fct_battery_arbitrage,zone=DE_LU;local_year=2025;battery_duration_h=2,avg_daily_revenue_eur_per_mw,num2,,2
control-room/06 Findings/Q3-1 Where day-ahead arbitrage paid most in 2025.md,"| DE_LU | 76,060 | 208.38 | 116.15 | 63,265 | 20.2% |",fct_battery_arbitrage,zone=DE_LU;local_year=2025;battery_duration_h=2,avg_spread_captured_eur_mwh,num2,,3
control-room/06 Findings/Q3-1 Where day-ahead arbitrage paid most in 2025.md,"| DE_LU | 76,060 | 208.38 | 116.15 | 63,265 | 20.2% |",fct_battery_arbitrage,zone=DE_LU;local_year=2025;battery_duration_h=2,heuristic_revenue_eur_per_mw,num2,,4
control-room/06 Findings/Q3-1 Where day-ahead arbitrage paid most in 2025.md,"| DE_LU | 76,060 | 208.38 | 116.15 | 63,265 | 20.2% |",fct_battery_arbitrage,zone=DE_LU;local_year=2025;battery_duration_h=2,lp_uplift * 100,.1f,,5
control-room/06 Findings/Q3-1 Where day-ahead arbitrage paid most in 2025.md,"| NL | 76,053 | 208.36 | 115.64 | 63,999 | 18.8% |",fct_battery_arbitrage,zone=NL;local_year=2025;battery_duration_h=2,revenue_eur_per_mw,num2,,1
control-room/06 Findings/Q3-1 Where day-ahead arbitrage paid most in 2025.md,"| NL | 76,053 | 208.36 | 115.64 | 63,999 | 18.8% |",fct_battery_arbitrage,zone=NL;local_year=2025;battery_duration_h=2,avg_daily_revenue_eur_per_mw,num2,,2
control-room/06 Findings/Q3-1 Where day-ahead arbitrage paid most in 2025.md,"| NL | 76,053 | 208.36 | 115.64 | 63,999 | 18.8% |",fct_battery_arbitrage,zone=NL;local_year=2025;battery_duration_h=2,avg_spread_captured_eur_mwh,num2,,3
control-room/06 Findings/Q3-1 Where day-ahead arbitrage paid most in 2025.md,"| NL | 76,053 | 208.36 | 115.64 | 63,999 | 18.8% |",fct_battery_arbitrage,zone=NL;local_year=2025;battery_duration_h=2,heuristic_revenue_eur_per_mw,num2,,4
control-room/06 Findings/Q3-1 Where day-ahead arbitrage paid most in 2025.md,"| NL | 76,053 | 208.36 | 115.64 | 63,999 | 18.8% |",fct_battery_arbitrage,zone=NL;local_year=2025;battery_duration_h=2,lp_uplift * 100,.1f,,5
control-room/06 Findings/Q3-1 Where day-ahead arbitrage paid most in 2025.md,"| BE | 68,212 | 186.88 | 104.06 | 56,508 | 20.7% |",fct_battery_arbitrage,zone=BE;local_year=2025;battery_duration_h=2,revenue_eur_per_mw,num2,,1
control-room/06 Findings/Q3-1 Where day-ahead arbitrage paid most in 2025.md,"| BE | 68,212 | 186.88 | 104.06 | 56,508 | 20.7% |",fct_battery_arbitrage,zone=BE;local_year=2025;battery_duration_h=2,avg_daily_revenue_eur_per_mw,num2,,2
control-room/06 Findings/Q3-1 Where day-ahead arbitrage paid most in 2025.md,"| BE | 68,212 | 186.88 | 104.06 | 56,508 | 20.7% |",fct_battery_arbitrage,zone=BE;local_year=2025;battery_duration_h=2,avg_spread_captured_eur_mwh,num2,,3
control-room/06 Findings/Q3-1 Where day-ahead arbitrage paid most in 2025.md,"| BE | 68,212 | 186.88 | 104.06 | 56,508 | 20.7% |",fct_battery_arbitrage,zone=BE;local_year=2025;battery_duration_h=2,heuristic_revenue_eur_per_mw,num2,,4
control-room/06 Findings/Q3-1 Where day-ahead arbitrage paid most in 2025.md,"| BE | 68,212 | 186.88 | 104.06 | 56,508 | 20.7% |",fct_battery_arbitrage,zone=BE;local_year=2025;battery_duration_h=2,lp_uplift * 100,.1f,,5
control-room/06 Findings/Q3-1 Where day-ahead arbitrage paid most in 2025.md,"| ES | 60,742 | 166.42 | 92.10 | 50,441 | 20.4% |",fct_battery_arbitrage,zone=ES;local_year=2025;battery_duration_h=2,revenue_eur_per_mw,num2,,1
control-room/06 Findings/Q3-1 Where day-ahead arbitrage paid most in 2025.md,"| ES | 60,742 | 166.42 | 92.10 | 50,441 | 20.4% |",fct_battery_arbitrage,zone=ES;local_year=2025;battery_duration_h=2,avg_daily_revenue_eur_per_mw,num2,,2
control-room/06 Findings/Q3-1 Where day-ahead arbitrage paid most in 2025.md,"| ES | 60,742 | 166.42 | 92.10 | 50,441 | 20.4% |",fct_battery_arbitrage,zone=ES;local_year=2025;battery_duration_h=2,avg_spread_captured_eur_mwh,",.2f",,3
control-room/06 Findings/Q3-1 Where day-ahead arbitrage paid most in 2025.md,"| ES | 60,742 | 166.42 | 92.10 | 50,441 | 20.4% |",fct_battery_arbitrage,zone=ES;local_year=2025;battery_duration_h=2,heuristic_revenue_eur_per_mw,num2,,4
control-room/06 Findings/Q3-1 Where day-ahead arbitrage paid most in 2025.md,"| ES | 60,742 | 166.42 | 92.10 | 50,441 | 20.4% |",fct_battery_arbitrage,zone=ES;local_year=2025;battery_duration_h=2,lp_uplift * 100,.1f,,5
control-room/06 Findings/Q3-1 Where day-ahead arbitrage paid most in 2025.md,"| PT | 58,915 | 161.41 | 89.68 | 50,636 | 16.4% |",fct_battery_arbitrage,zone=PT;local_year=2025;battery_duration_h=2,revenue_eur_per_mw,num2,,1
control-room/06 Findings/Q3-1 Where day-ahead arbitrage paid most in 2025.md,"| PT | 58,915 | 161.41 | 89.68 | 50,636 | 16.4% |",fct_battery_arbitrage,zone=PT;local_year=2025;battery_duration_h=2,avg_daily_revenue_eur_per_mw,num2,,2
control-room/06 Findings/Q3-1 Where day-ahead arbitrage paid most in 2025.md,"| PT | 58,915 | 161.41 | 89.68 | 50,636 | 16.4% |",fct_battery_arbitrage,zone=PT;local_year=2025;battery_duration_h=2,avg_spread_captured_eur_mwh,num2,,3
control-room/06 Findings/Q3-1 Where day-ahead arbitrage paid most in 2025.md,"| PT | 58,915 | 161.41 | 89.68 | 50,636 | 16.4% |",fct_battery_arbitrage,zone=PT;local_year=2025;battery_duration_h=2,heuristic_revenue_eur_per_mw,num2,,4
control-room/06 Findings/Q3-1 Where day-ahead arbitrage paid most in 2025.md,"| PT | 58,915 | 161.41 | 89.68 | 50,636 | 16.4% |",fct_battery_arbitrage,zone=PT;local_year=2025;battery_duration_h=2,lp_uplift * 100,.1f,,5
control-room/06 Findings/Q3-1 Where day-ahead arbitrage paid most in 2025.md,"| FR | 55,340 | 151.62 | 84.18 | 44,584 | 24.1% |",fct_battery_arbitrage,zone=FR;local_year=2025;battery_duration_h=2,revenue_eur_per_mw,num2,,1
control-room/06 Findings/Q3-1 Where day-ahead arbitrage paid most in 2025.md,"| FR | 55,340 | 151.62 | 84.18 | 44,584 | 24.1% |",fct_battery_arbitrage,zone=FR;local_year=2025;battery_duration_h=2,avg_daily_revenue_eur_per_mw,num2,,2
control-room/06 Findings/Q3-1 Where day-ahead arbitrage paid most in 2025.md,"| FR | 55,340 | 151.62 | 84.18 | 44,584 | 24.1% |",fct_battery_arbitrage,zone=FR;local_year=2025;battery_duration_h=2,avg_spread_captured_eur_mwh,num2,,3
control-room/06 Findings/Q3-1 Where day-ahead arbitrage paid most in 2025.md,"| FR | 55,340 | 151.62 | 84.18 | 44,584 | 24.1% |",fct_battery_arbitrage,zone=FR;local_year=2025;battery_duration_h=2,heuristic_revenue_eur_per_mw,num2,,4
control-room/06 Findings/Q3-1 Where day-ahead arbitrage paid most in 2025.md,"| FR | 55,340 | 151.62 | 84.18 | 44,584 | 24.1% |",fct_battery_arbitrage,zone=FR;local_year=2025;battery_duration_h=2,lp_uplift * 100,.1f,,5
control-room/06 Findings/Q3-1 Where day-ahead arbitrage paid most in 2025.md,"| IT_NORD | 36,558 | 100.16 | 65.19 | 31,949 | 14.4% |",fct_battery_arbitrage,zone=IT_NORD;local_year=2025;battery_duration_h=2,revenue_eur_per_mw,num2,,1
control-room/06 Findings/Q3-1 Where day-ahead arbitrage paid most in 2025.md,"| IT_NORD | 36,558 | 100.16 | 65.19 | 31,949 | 14.4% |",fct_battery_arbitrage,zone=IT_NORD;local_year=2025;battery_duration_h=2,avg_daily_revenue_eur_per_mw,num2,,2
control-room/06 Findings/Q3-1 Where day-ahead arbitrage paid most in 2025.md,"| IT_NORD | 36,558 | 100.16 | 65.19 | 31,949 | 14.4% |",fct_battery_arbitrage,zone=IT_NORD;local_year=2025;battery_duration_h=2,avg_spread_captured_eur_mwh,num2,,3
control-room/06 Findings/Q3-1 Where day-ahead arbitrage paid most in 2025.md,"| IT_NORD | 36,558 | 100.16 | 65.19 | 31,949 | 14.4% |",fct_battery_arbitrage,zone=IT_NORD;local_year=2025;battery_duration_h=2,heuristic_revenue_eur_per_mw,num2,,4
control-room/06 Findings/Q3-1 Where day-ahead arbitrage paid most in 2025.md,"| IT_NORD | 36,558 | 100.16 | 65.19 | 31,949 | 14.4% |",fct_battery_arbitrage,zone=IT_NORD;local_year=2025;battery_duration_h=2,lp_uplift * 100,.1f,,5
control-room/06 Findings/Q3-1 Where day-ahead arbitrage paid most in 2025.md,"- The optimal schedule earns **7.8% to 29.3%** more than the rule of thumb (charge in the cheapest 2 hours, discharge in the dearest 2) across all full zone-years 2019 to 2025; 14.4% to 24.1% in 2025.",fct_battery_arbitrage,local_year=2019|2020|2021|2022|2023|2024|2025;battery_duration_h=2,lp_uplift * 100,.1f,min,1
control-room/06 Findings/Q3-1 Where day-ahead arbitrage paid most in 2025.md,"- The optimal schedule earns **7.8% to 29.3%** more than the rule of thumb (charge in the cheapest 2 hours, discharge in the dearest 2) across all full zone-years 2019 to 2025; 14.4% to 24.1% in 2025.",fct_battery_arbitrage,local_year=2019|2020|2021|2022|2023|2024|2025;battery_duration_h=2,lp_uplift * 100,.1f,max,2
control-room/06 Findings/Q3-1 Where day-ahead arbitrage paid most in 2025.md,"- The optimal schedule earns **7.8% to 29.3%** more than the rule of thumb (charge in the cheapest 2 hours, discharge in the dearest 2) across all full zone-years 2019 to 2025; 14.4% to 24.1% in 2025.",none,,rule of thumb definition,,,3
control-room/06 Findings/Q3-1 Where day-ahead arbitrage paid most in 2025.md,"- The optimal schedule earns **7.8% to 29.3%** more than the rule of thumb (charge in the cheapest 2 hours, discharge in the dearest 2) across all full zone-years 2019 to 2025; 14.4% to 24.1% in 2025.",fct_battery_arbitrage,local_year=2025;battery_duration_h=2,lp_uplift * 100,.1f,min,7
control-room/06 Findings/Q3-1 Where day-ahead arbitrage paid most in 2025.md,"- The optimal schedule earns **7.8% to 29.3%** more than the rule of thumb (charge in the cheapest 2 hours, discharge in the dearest 2) across all full zone-years 2019 to 2025; 14.4% to 24.1% in 2025.",fct_battery_arbitrage,local_year=2025;battery_duration_h=2,lp_uplift * 100,.1f,max,8
control-room/06 Findings/Q3-1 Where day-ahead arbitrage paid most in 2025.md,- The battery used about one full cycle every day in 2025 (363.5 to 365 cycles per zone).,fct_battery_arbitrage,local_year=2025;battery_duration_h=2,cycles,num1,min,2
control-room/06 Findings/Q3-1 Where day-ahead arbitrage paid most in 2025.md,- The battery used about one full cycle every day in 2025 (363.5 to 365 cycles per zone).,fct_battery_arbitrage,local_year=2025;battery_duration_h=2,cycles,num1,max,3
control-room/06 Findings/Q3-1 Where day-ahead arbitrage paid most in 2025.md,"**Benchmark (sanity check, not a match):** Gridcog reports ""~70k"" per year for a 1 MW / 2 h battery trading day-ahead only on 2024 German prices (cycles, efficiency, foresight not stated). This model gives **€66,047** for DE_LU 2024. The Enervis index (~€148,500/MW for Germany in 2025) covers intraday, FCR and aFRR at up to 1.5 cycles a day, so it is not comparable; it suggests day-ahead arbitrage is roughly half of what a German battery could earn across markets.",none,,external: Gridcog,,,1
control-room/06 Findings/Q3-1 Where day-ahead arbitrage paid most in 2025.md,"**Benchmark (sanity check, not a match):** Gridcog reports ""~70k"" per year for a 1 MW / 2 h battery trading day-ahead only on 2024 German prices (cycles, efficiency, foresight not stated). This model gives **€66,047** for DE_LU 2024. The Enervis index (~€148,500/MW for Germany in 2025) covers intraday, FCR and aFRR at up to 1.5 cycles a day, so it is not comparable; it suggests day-ahead arbitrage is roughly half of what a German battery could earn across markets.",fct_battery_arbitrage,zone=DE_LU;local_year=2024;battery_duration_h=2,revenue_eur_per_mw,num2,,5
control-room/06 Findings/Q3-1 Where day-ahead arbitrage paid most in 2025.md,"**Benchmark (sanity check, not a match):** Gridcog reports ""~70k"" per year for a 1 MW / 2 h battery trading day-ahead only on 2024 German prices (cycles, efficiency, foresight not stated). This model gives **€66,047** for DE_LU 2024. The Enervis index (~€148,500/MW for Germany in 2025) covers intraday, FCR and aFRR at up to 1.5 cycles a day, so it is not comparable; it suggests day-ahead arbitrage is roughly half of what a German battery could earn across markets.",none,,external: Enervis index,,,7
control-room/06 Findings/Q3-2 Battery revenue over time.md,"Day-ahead arbitrage value peaked in 2022 in 5 of 8 zones; in Spain, Portugal and Poland the record full year was 2025. Over the same dates (1 Jan to 2 Oct), a 2-hour battery earned more in 2026 than in 2025 in all 8 zones: +23% (NL) to +52% (FR) at native prices, and +16% to +42% when 2026 is re-solved on hourly prices.",none,,count of zones whose peak full year is 2022 (table below),,,2
control-room/06 Findings/Q3-2 Battery revenue over time.md,"Day-ahead arbitrage value peaked in 2022 in 5 of 8 zones; in Spain, Portugal and Poland the record full year was 2025. Over the same dates (1 Jan to 2 Oct), a 2-hour battery earned more in 2026 than in 2025 in all 8 zones: +23% (NL) to +52% (FR) at native prices, and +16% to +42% when 2026 is re-solved on hourly prices.",q3_hourly_resolve_ytd,,change_vs_2025_native * 100,+.0f,min,11
control-room/06 Findings/Q3-2 Battery revenue over time.md,"Day-ahead arbitrage value peaked in 2022 in 5 of 8 zones; in Spain, Portugal and Poland the record full year was 2025. Over the same dates (1 Jan to 2 Oct), a 2-hour battery earned more in 2026 than in 2025 in all 8 zones: +23% (NL) to +52% (FR) at native prices, and +16% to +42% when 2026 is re-solved on hourly prices.",q3_hourly_resolve_ytd,,change_vs_2025_native * 100,+.0f,max,12
control-room/06 Findings/Q3-2 Battery revenue over time.md,"Day-ahead arbitrage value peaked in 2022 in 5 of 8 zones; in Spain, Portugal and Poland the record full year was 2025. Over the same dates (1 Jan to 2 Oct), a 2-hour battery earned more in 2026 than in 2025 in all 8 zones: +23% (NL) to +52% (FR) at native prices, and +16% to +42% when 2026 is re-solved on hourly prices.",q3_hourly_resolve_ytd,,change_vs_2025_hourly * 100,+.0f,min,13
control-room/06 Findings/Q3-2 Battery revenue over time.md,"Day-ahead arbitrage value peaked in 2022 in 5 of 8 zones; in Spain, Portugal and Poland the record full year was 2025. Over the same dates (1 Jan to 2 Oct), a 2-hour battery earned more in 2026 than in 2025 in all 8 zones: +23% (NL) to +52% (FR) at native prices, and +16% to +42% when 2026 is re-solved on hourly prices.",q3_hourly_resolve_ytd,,change_vs_2025_hourly * 100,+.0f,max,14
control-room/06 Findings/Q3-2 Battery revenue over time.md,"| PL | (PLN) | 79,785 | 36,674 | 70,486 | 85,640 |",fct_battery_arbitrage,zone=PL;local_year=2022;battery_duration_h=2,revenue_eur_per_mw,num2,,1
control-room/06 Findings/Q3-2 Battery revenue over time.md,"| PL | (PLN) | 79,785 | 36,674 | 70,486 | 85,640 |",fct_battery_arbitrage,zone=PL;local_year=2023;battery_duration_h=2,revenue_eur_per_mw,num2,,2
control-room/06 Findings/Q3-2 Battery revenue over time.md,"| PL | (PLN) | 79,785 | 36,674 | 70,486 | 85,640 |",fct_battery_arbitrage,zone=PL;local_year=2024;battery_duration_h=2,revenue_eur_per_mw,num2,,3
control-room/06 Findings/Q3-2 Battery revenue over time.md,"| PL | (PLN) | 79,785 | 36,674 | 70,486 | 85,640 |",fct_battery_arbitrage,zone=PL;local_year=2025;battery_duration_h=2,revenue_eur_per_mw,num2,,4
control-room/06 Findings/Q3-2 Battery revenue over time.md,"| DE_LU | 16,471 | 102,138 | 55,478 | 66,047 | 76,060 |",fct_battery_arbitrage,zone=DE_LU;local_year=2019;battery_duration_h=2,revenue_eur_per_mw,num2,,1
control-room/06 Findings/Q3-2 Battery revenue over time.md,"| DE_LU | 16,471 | 102,138 | 55,478 | 66,047 | 76,060 |",fct_battery_arbitrage,zone=DE_LU;local_year=2022;battery_duration_h=2,revenue_eur_per_mw,num2,,2
control-room/06 Findings/Q3-2 Battery revenue over time.md,"| DE_LU | 16,471 | 102,138 | 55,478 | 66,047 | 76,060 |",fct_battery_arbitrage,zone=DE_LU;local_year=2023;battery_duration_h=2,revenue_eur_per_mw,num2,,3
control-room/06 Findings/Q3-2 Battery revenue over time.md,"| DE_LU | 16,471 | 102,138 | 55,478 | 66,047 | 76,060 |",fct_battery_arbitrage,zone=DE_LU;local_year=2024;battery_duration_h=2,revenue_eur_per_mw,num2,,4
control-room/06 Findings/Q3-2 Battery revenue over time.md,"| DE_LU | 16,471 | 102,138 | 55,478 | 66,047 | 76,060 |",fct_battery_arbitrage,zone=DE_LU;local_year=2025;battery_duration_h=2,revenue_eur_per_mw,num2,,5
control-room/06 Findings/Q3-2 Battery revenue over time.md,"| NL | 13,822 | 114,276 | 62,405 | 67,940 | 76,053 |",fct_battery_arbitrage,zone=NL;local_year=2019;battery_duration_h=2,revenue_eur_per_mw,num2,,1
control-room/06 Findings/Q3-2 Battery revenue over time.md,"| NL | 13,822 | 114,276 | 62,405 | 67,940 | 76,053 |",fct_battery_arbitrage,zone=NL;local_year=2022;battery_duration_h=2,revenue_eur_per_mw,num2,,2
control-room/06 Findings/Q3-2 Battery revenue over time.md,"| NL | 13,822 | 114,276 | 62,405 | 67,940 | 76,053 |",fct_battery_arbitrage,zone=NL;local_year=2023;battery_duration_h=2,revenue_eur_per_mw,num2,,3
control-room/06 Findings/Q3-2 Battery revenue over time.md,"| NL | 13,822 | 114,276 | 62,405 | 67,940 | 76,053 |",fct_battery_arbitrage,zone=NL;local_year=2024;battery_duration_h=2,revenue_eur_per_mw,num2,,4
control-room/06 Findings/Q3-2 Battery revenue over time.md,"| NL | 13,822 | 114,276 | 62,405 | 67,940 | 76,053 |",fct_battery_arbitrage,zone=NL;local_year=2025;battery_duration_h=2,revenue_eur_per_mw,num2,,5
control-room/06 Findings/Q3-2 Battery revenue over time.md,"| BE | 16,572 | 107,719 | 51,210 | 54,875 | 68,212 |",fct_battery_arbitrage,zone=BE;local_year=2019;battery_duration_h=2,revenue_eur_per_mw,num2,,1
control-room/06 Findings/Q3-2 Battery revenue over time.md,"| BE | 16,572 | 107,719 | 51,210 | 54,875 | 68,212 |",fct_battery_arbitrage,zone=BE;local_year=2022;battery_duration_h=2,revenue_eur_per_mw,num2,,2
control-room/06 Findings/Q3-2 Battery revenue over time.md,"| BE | 16,572 | 107,719 | 51,210 | 54,875 | 68,212 |",fct_battery_arbitrage,zone=BE;local_year=2023;battery_duration_h=2,revenue_eur_per_mw,num2,,3
control-room/06 Findings/Q3-2 Battery revenue over time.md,"| BE | 16,572 | 107,719 | 51,210 | 54,875 | 68,212 |",fct_battery_arbitrage,zone=BE;local_year=2024;battery_duration_h=2,revenue_eur_per_mw,num2,,4
control-room/06 Findings/Q3-2 Battery revenue over time.md,"| BE | 16,572 | 107,719 | 51,210 | 54,875 | 68,212 |",fct_battery_arbitrage,zone=BE;local_year=2025;battery_duration_h=2,revenue_eur_per_mw,num2,,5
control-room/06 Findings/Q3-2 Battery revenue over time.md,"| ES | 7,226 | 47,693 | 41,684 | 42,148 | 60,742 |",fct_battery_arbitrage,zone=ES;local_year=2019;battery_duration_h=2,revenue_eur_per_mw,num2,,1
control-room/06 Findings/Q3-2 Battery revenue over time.md,"| ES | 7,226 | 47,693 | 41,684 | 42,148 | 60,742 |",fct_battery_arbitrage,zone=ES;local_year=2022;battery_duration_h=2,revenue_eur_per_mw,num2,,2
control-room/06 Findings/Q3-2 Battery revenue over time.md,"| ES | 7,226 | 47,693 | 41,684 | 42,148 | 60,742 |",fct_battery_arbitrage,zone=ES;local_year=2023;battery_duration_h=2,revenue_eur_per_mw,num2,,3
control-room/06 Findings/Q3-2 Battery revenue over time.md,"| ES | 7,226 | 47,693 | 41,684 | 42,148 | 60,742 |",fct_battery_arbitrage,zone=ES;local_year=2024;battery_duration_h=2,revenue_eur_per_mw,num2,,4
control-room/06 Findings/Q3-2 Battery revenue over time.md,"| ES | 7,226 | 47,693 | 41,684 | 42,148 | 60,742 |",fct_battery_arbitrage,zone=ES;local_year=2025;battery_duration_h=2,revenue_eur_per_mw,num2,,5
control-room/06 Findings/Q3-2 Battery revenue over time.md,"| PT | 6,879 | 47,111 | 39,241 | 41,009 | 58,915 |",fct_battery_arbitrage,zone=PT;local_year=2019;battery_duration_h=2,revenue_eur_per_mw,num2,,1
control-room/06 Findings/Q3-2 Battery revenue over time.md,"| PT | 6,879 | 47,111 | 39,241 | 41,009 | 58,915 |",fct_battery_arbitrage,zone=PT;local_year=2022;battery_duration_h=2,revenue_eur_per_mw,num2,,2
control-room/06 Findings/Q3-2 Battery revenue over time.md,"| PT | 6,879 | 47,111 | 39,241 | 41,009 | 58,915 |",fct_battery_arbitrage,zone=PT;local_year=2023;battery_duration_h=2,revenue_eur_per_mw,num2,,3
control-room/06 Findings/Q3-2 Battery revenue over time.md,"| PT | 6,879 | 47,111 | 39,241 | 41,009 | 58,915 |",fct_battery_arbitrage,zone=PT;local_year=2024;battery_duration_h=2,revenue_eur_per_mw,num2,,4
control-room/06 Findings/Q3-2 Battery revenue over time.md,"| PT | 6,879 | 47,111 | 39,241 | 41,009 | 58,915 |",fct_battery_arbitrage,zone=PT;local_year=2025;battery_duration_h=2,revenue_eur_per_mw,num2,,5
control-room/06 Findings/Q3-2 Battery revenue over time.md,"| FR | 14,799 | 92,181 | 47,065 | 45,396 | 55,340 |",fct_battery_arbitrage,zone=FR;local_year=2019;battery_duration_h=2,revenue_eur_per_mw,num2,,1
control-room/06 Findings/Q3-2 Battery revenue over time.md,"| FR | 14,799 | 92,181 | 47,065 | 45,396 | 55,340 |",fct_battery_arbitrage,zone=FR;local_year=2022;battery_duration_h=2,revenue_eur_per_mw,num2,,2
control-room/06 Findings/Q3-2 Battery revenue over time.md,"| FR | 14,799 | 92,181 | 47,065 | 45,396 | 55,340 |",fct_battery_arbitrage,zone=FR;local_year=2023;battery_duration_h=2,revenue_eur_per_mw,num2,,3
control-room/06 Findings/Q3-2 Battery revenue over time.md,"| FR | 14,799 | 92,181 | 47,065 | 45,396 | 55,340 |",fct_battery_arbitrage,zone=FR;local_year=2024;battery_duration_h=2,revenue_eur_per_mw,num2,,4
control-room/06 Findings/Q3-2 Battery revenue over time.md,"| FR | 14,799 | 92,181 | 47,065 | 45,396 | 55,340 |",fct_battery_arbitrage,zone=FR;local_year=2025;battery_duration_h=2,revenue_eur_per_mw,num2,,5
control-room/06 Findings/Q3-2 Battery revenue over time.md,"| IT_NORD | 14,326 | 81,296 | 40,609 | 34,643 | 36,558 |",fct_battery_arbitrage,zone=IT_NORD;local_year=2019;battery_duration_h=2,revenue_eur_per_mw,num2,,1
control-room/06 Findings/Q3-2 Battery revenue over time.md,"| IT_NORD | 14,326 | 81,296 | 40,609 | 34,643 | 36,558 |",fct_battery_arbitrage,zone=IT_NORD;local_year=2022;battery_duration_h=2,revenue_eur_per_mw,num2,,2
control-room/06 Findings/Q3-2 Battery revenue over time.md,"| IT_NORD | 14,326 | 81,296 | 40,609 | 34,643 | 36,558 |",fct_battery_arbitrage,zone=IT_NORD;local_year=2023;battery_duration_h=2,revenue_eur_per_mw,num2,,3
control-room/06 Findings/Q3-2 Battery revenue over time.md,"| IT_NORD | 14,326 | 81,296 | 40,609 | 34,643 | 36,558 |",fct_battery_arbitrage,zone=IT_NORD;local_year=2024;battery_duration_h=2,revenue_eur_per_mw,num2,,4
control-room/06 Findings/Q3-2 Battery revenue over time.md,"| IT_NORD | 14,326 | 81,296 | 40,609 | 34,643 | 36,558 |",fct_battery_arbitrage,zone=IT_NORD;local_year=2025;battery_duration_h=2,revenue_eur_per_mw,num2,,5
control-room/06 Findings/Q3-2 Battery revenue over time.md,- Revenue rose 2.6× (IT_NORD) to 8.6× (PT) from 2019 to 2025.,fct_battery_arbitrage,zone=IT_NORD;local_year=2019|2025;battery_duration_h=2,revenue_eur_per_mw,.1f,ratio,1
control-room/06 Findings/Q3-2 Battery revenue over time.md,- Revenue rose 2.6× (IT_NORD) to 8.6× (PT) from 2019 to 2025.,fct_battery_arbitrage,zone=PT;local_year=2019|2025;battery_duration_h=2,revenue_eur_per_mw,.1f,ratio,2
control-room/06 Findings/Q3-2 Battery revenue over time.md,"| FR | 43,704 | 66,218 | 61,947 | +52% | +42% | 6.9% |",fct_ytd_comparison,zone=FR;local_year=2025,battery_revenue_eur_per_mw,num2,,1
control-room/06 Findings/Q3-2 Battery revenue over time.md,"| FR | 43,704 | 66,218 | 61,947 | +52% | +42% | 6.9% |",fct_ytd_comparison,zone=FR;local_year=2026,battery_revenue_eur_per_mw,num2,,2
control-room/06 Findings/Q3-2 Battery revenue over time.md,"| FR | 43,704 | 66,218 | 61,947 | +52% | +42% | 6.9% |",q3_hourly_resolve_ytd,zone=FR,ytd_2026_hourly,num2,,3
control-room/06 Findings/Q3-2 Battery revenue over time.md,"| FR | 43,704 | 66,218 | 61,947 | +52% | +42% | 6.9% |",q3_hourly_resolve_ytd,zone=FR,change_vs_2025_native * 100,.0f,,4
control-room/06 Findings/Q3-2 Battery revenue over time.md,"| FR | 43,704 | 66,218 | 61,947 | +52% | +42% | 6.9% |",q3_hourly_resolve_ytd,zone=FR,change_vs_2025_hourly * 100,.0f,,5
control-room/06 Findings/Q3-2 Battery revenue over time.md,"| FR | 43,704 | 66,218 | 61,947 | +52% | +42% | 6.9% |",q3_hourly_resolve_ytd,zone=FR,added_by_15min * 100,.1f,,6
control-room/06 Findings/Q3-2 Battery revenue over time.md,"| IT_NORD | 28,874 | 40,188 | 36,588 | +39% | +27% | 9.8% |",fct_ytd_comparison,zone=IT_NORD;local_year=2025,battery_revenue_eur_per_mw,num2,,1
control-room/06 Findings/Q3-2 Battery revenue over time.md,"| IT_NORD | 28,874 | 40,188 | 36,588 | +39% | +27% | 9.8% |",fct_ytd_comparison,zone=IT_NORD;local_year=2026,battery_revenue_eur_per_mw,num2,,2
control-room/06 Findings/Q3-2 Battery revenue over time.md,"| IT_NORD | 28,874 | 40,188 | 36,588 | +39% | +27% | 9.8% |",q3_hourly_resolve_ytd,zone=IT_NORD,ytd_2026_hourly,num2,,3
control-room/06 Findings/Q3-2 Battery revenue over time.md,"| IT_NORD | 28,874 | 40,188 | 36,588 | +39% | +27% | 9.8% |",q3_hourly_resolve_ytd,zone=IT_NORD,change_vs_2025_native * 100,.0f,,4
control-room/06 Findings/Q3-2 Battery revenue over time.md,"| IT_NORD | 28,874 | 40,188 | 36,588 | +39% | +27% | 9.8% |",q3_hourly_resolve_ytd,zone=IT_NORD,change_vs_2025_hourly * 100,.0f,,5
control-room/06 Findings/Q3-2 Battery revenue over time.md,"| IT_NORD | 28,874 | 40,188 | 36,588 | +39% | +27% | 9.8% |",q3_hourly_resolve_ytd,zone=IT_NORD,added_by_15min * 100,.1f,,6
control-room/06 Findings/Q3-2 Battery revenue over time.md,"| ES | 47,697 | 62,771 | 61,464 | +32% | +29% | 2.1% |",fct_ytd_comparison,zone=ES;local_year=2025,battery_revenue_eur_per_mw,num2,,1
control-room/06 Findings/Q3-2 Battery revenue over time.md,"| ES | 47,697 | 62,771 | 61,464 | +32% | +29% | 2.1% |",fct_ytd_comparison,zone=ES;local_year=2026,battery_revenue_eur_per_mw,num2,,2
control-room/06 Findings/Q3-2 Battery revenue over time.md,"| ES | 47,697 | 62,771 | 61,464 | +32% | +29% | 2.1% |",q3_hourly_resolve_ytd,zone=ES,ytd_2026_hourly,num2,,3
control-room/06 Findings/Q3-2 Battery revenue over time.md,"| ES | 47,697 | 62,771 | 61,464 | +32% | +29% | 2.1% |",q3_hourly_resolve_ytd,zone=ES,change_vs_2025_native * 100,.0f,,4
control-room/06 Findings/Q3-2 Battery revenue over time.md,"| ES | 47,697 | 62,771 | 61,464 | +32% | +29% | 2.1% |",q3_hourly_resolve_ytd,zone=ES,change_vs_2025_hourly * 100,.0f,,5
control-room/06 Findings/Q3-2 Battery revenue over time.md,"| ES | 47,697 | 62,771 | 61,464 | +32% | +29% | 2.1% |",q3_hourly_resolve_ytd,zone=ES,added_by_15min * 100,.1f,,6
control-room/06 Findings/Q3-2 Battery revenue over time.md,"| PT | 46,162 | 59,843 | 58,637 | +30% | +27% | 2.1% |",fct_ytd_comparison,zone=PT;local_year=2025,battery_revenue_eur_per_mw,num2,,1
control-room/06 Findings/Q3-2 Battery revenue over time.md,"| PT | 46,162 | 59,843 | 58,637 | +30% | +27% | 2.1% |",fct_ytd_comparison,zone=PT;local_year=2026,battery_revenue_eur_per_mw,num2,,2
control-room/06 Findings/Q3-2 Battery revenue over time.md,"| PT | 46,162 | 59,843 | 58,637 | +30% | +27% | 2.1% |",q3_hourly_resolve_ytd,zone=PT,ytd_2026_hourly,num2,,3
control-room/06 Findings/Q3-2 Battery revenue over time.md,"| PT | 46,162 | 59,843 | 58,637 | +30% | +27% | 2.1% |",q3_hourly_resolve_ytd,zone=PT,change_vs_2025_native * 100,.0f,,4
control-room/06 Findings/Q3-2 Battery revenue over time.md,"| PT | 46,162 | 59,843 | 58,637 | +30% | +27% | 2.1% |",q3_hourly_resolve_ytd,zone=PT,change_vs_2025_hourly * 100,.0f,,5
control-room/06 Findings/Q3-2 Battery revenue over time.md,"| PT | 46,162 | 59,843 | 58,637 | +30% | +27% | 2.1% |",q3_hourly_resolve_ytd,zone=PT,added_by_15min * 100,.1f,,6
control-room/06 Findings/Q3-2 Battery revenue over time.md,"| BE | 57,808 | 73,257 | 68,539 | +27% | +19% | 6.9% |",fct_ytd_comparison,zone=BE;local_year=2025,battery_revenue_eur_per_mw,num2,,1
control-room/06 Findings/Q3-2 Battery revenue over time.md,"| BE | 57,808 | 73,257 | 68,539 | +27% | +19% | 6.9% |",fct_ytd_comparison,zone=BE;local_year=2026,battery_revenue_eur_per_mw,num2,,2
control-room/06 Findings/Q3-2 Battery revenue over time.md,"| BE | 57,808 | 73,257 | 68,539 | +27% | +19% | 6.9% |",q3_hourly_resolve_ytd,zone=BE,ytd_2026_hourly,num2,,3
control-room/06 Findings/Q3-2 Battery revenue over time.md,"| BE | 57,808 | 73,257 | 68,539 | +27% | +19% | 6.9% |",q3_hourly_resolve_ytd,zone=BE,change_vs_2025_native * 100,.0f,,4
control-room/06 Findings/Q3-2 Battery revenue over time.md,"| BE | 57,808 | 73,257 | 68,539 | +27% | +19% | 6.9% |",q3_hourly_resolve_ytd,zone=BE,change_vs_2025_hourly * 100,.0f,,5
control-room/06 Findings/Q3-2 Battery revenue over time.md,"| BE | 57,808 | 73,257 | 68,539 | +27% | +19% | 6.9% |",q3_hourly_resolve_ytd,zone=BE,added_by_15min * 100,.1f,,6
control-room/06 Findings/Q3-2 Battery revenue over time.md,"| DE_LU | 63,263 | 78,911 | 75,007 | +25% | +19% | 5.2% |",fct_ytd_comparison,zone=DE_LU;local_year=2025,battery_revenue_eur_per_mw,num2,,1
control-room/06 Findings/Q3-2 Battery revenue over time.md,"| DE_LU | 63,263 | 78,911 | 75,007 | +25% | +19% | 5.2% |",fct_ytd_comparison,zone=DE_LU;local_year=2026,battery_revenue_eur_per_mw,num2,,2
control-room/06 Findings/Q3-2 Battery revenue over time.md,"| DE_LU | 63,263 | 78,911 | 75,007 | +25% | +19% | 5.2% |",q3_hourly_resolve_ytd,zone=DE_LU,ytd_2026_hourly,num2,,3
control-room/06 Findings/Q3-2 Battery revenue over time.md,"| DE_LU | 63,263 | 78,911 | 75,007 | +25% | +19% | 5.2% |",q3_hourly_resolve_ytd,zone=DE_LU,change_vs_2025_native * 100,.0f,,4
control-room/06 Findings/Q3-2 Battery revenue over time.md,"| DE_LU | 63,263 | 78,911 | 75,007 | +25% | +19% | 5.2% |",q3_hourly_resolve_ytd,zone=DE_LU,change_vs_2025_hourly * 100,.0f,,5
control-room/06 Findings/Q3-2 Battery revenue over time.md,"| DE_LU | 63,263 | 78,911 | 75,007 | +25% | +19% | 5.2% |",q3_hourly_resolve_ytd,zone=DE_LU,added_by_15min * 100,.1f,,6
control-room/06 Findings/Q3-2 Battery revenue over time.md,"| PL | 70,180 | 87,529 | 82,126 | +25% | +17% | 6.6% |",fct_ytd_comparison,zone=PL;local_year=2025,battery_revenue_eur_per_mw,num2,,1
control-room/06 Findings/Q3-2 Battery revenue over time.md,"| PL | 70,180 | 87,529 | 82,126 | +25% | +17% | 6.6% |",fct_ytd_comparison,zone=PL;local_year=2026,battery_revenue_eur_per_mw,num2,,2
control-room/06 Findings/Q3-2 Battery revenue over time.md,"| PL | 70,180 | 87,529 | 82,126 | +25% | +17% | 6.6% |",q3_hourly_resolve_ytd,zone=PL,ytd_2026_hourly,num2,,3
control-room/06 Findings/Q3-2 Battery revenue over time.md,"| PL | 70,180 | 87,529 | 82,126 | +25% | +17% | 6.6% |",q3_hourly_resolve_ytd,zone=PL,change_vs_2025_native * 100,.0f,,4
control-room/06 Findings/Q3-2 Battery revenue over time.md,"| PL | 70,180 | 87,529 | 82,126 | +25% | +17% | 6.6% |",q3_hourly_resolve_ytd,zone=PL,change_vs_2025_hourly * 100,.0f,,5
control-room/06 Findings/Q3-2 Battery revenue over time.md,"| PL | 70,180 | 87,529 | 82,126 | +25% | +17% | 6.6% |",q3_hourly_resolve_ytd,zone=PL,added_by_15min * 100,.1f,,6
control-room/06 Findings/Q3-2 Battery revenue over time.md,"| NL | 63,832 | 78,382 | 74,041 | +23% | +16% | 5.9% |",fct_ytd_comparison,zone=NL;local_year=2025,battery_revenue_eur_per_mw,num2,,1
control-room/06 Findings/Q3-2 Battery revenue over time.md,"| NL | 63,832 | 78,382 | 74,041 | +23% | +16% | 5.9% |",fct_ytd_comparison,zone=NL;local_year=2026,battery_revenue_eur_per_mw,num2,,2
control-room/06 Findings/Q3-2 Battery revenue over time.md,"| NL | 63,832 | 78,382 | 74,041 | +23% | +16% | 5.9% |",q3_hourly_resolve_ytd,zone=NL,ytd_2026_hourly,num2,,3
control-room/06 Findings/Q3-2 Battery revenue over time.md,"| NL | 63,832 | 78,382 | 74,041 | +23% | +16% | 5.9% |",q3_hourly_resolve_ytd,zone=NL,change_vs_2025_native * 100,.0f,,4
control-room/06 Findings/Q3-2 Battery revenue over time.md,"| NL | 63,832 | 78,382 | 74,041 | +23% | +16% | 5.9% |",q3_hourly_resolve_ytd,zone=NL,change_vs_2025_hourly * 100,.0f,,5
control-room/06 Findings/Q3-2 Battery revenue over time.md,"| NL | 63,832 | 78,382 | 74,041 | +23% | +16% | 5.9% |",q3_hourly_resolve_ytd,zone=NL,added_by_15min * 100,.1f,,6
control-room/06 Findings/Q3-2 Battery revenue over time.md,"- 15-minute prices add 2.1% (PT) to 9.8% (IT_NORD) to 2026 revenue. Even without them, 2026 is ahead of the same window of 2025 in every zone, so the gain is mostly wider daily spreads, not the finer resolution.",q3_hourly_resolve_ytd,,added_by_15min * 100,.1f,min,2
control-room/06 Findings/Q3-2 Battery revenue over time.md,"- 15-minute prices add 2.1% (PT) to 9.8% (IT_NORD) to 2026 revenue. Even without them, 2026 is ahead of the same window of 2025 in every zone, so the gain is mostly wider daily spreads, not the finer resolution.",q3_hourly_resolve_ytd,,added_by_15min * 100,.1f,max,3
control-room/06 Findings/Q3-2 Battery revenue over time.md,"- The 2025 window includes 1 and 2 Oct 2025, the first two days of 15-min prices; the rest of it is hourly.",none,,date,,,2
control-room/06 Findings/Q3-3 Battery revenue vs negative hours.md,"Across 55 full zone-years (2019 to 2025), revenue of a 2-hour battery correlates with negative hours (hourly mean below 0) at r = 0.40, and at **r = 0.76 without 2022**. These are not 55 independent observations, and both series trend upward over the same years (caveats). But being *paid to charge* is a small part of the money: at most 11.2% of a year's revenue (DE_LU 2020), 0 to 6.9% in 2025.",q3_negative_hours_correlation,scope=all,n,.0f,,1
control-room/06 Findings/Q3-3 Battery revenue vs negative hours.md,"Across 55 full zone-years (2019 to 2025), revenue of a 2-hour battery correlates with negative hours (hourly mean below 0) at r = 0.40, and at **r = 0.76 without 2022**. These are not 55 independent observations, and both series trend upward over the same years (caveats). But being *paid to charge* is a small part of the money: at most 11.2% of a year's revenue (DE_LU 2020), 0 to 6.9% in 2025.",q3_negative_hours_correlation,scope=all,r,.2f,,6
control-room/06 Findings/Q3-3 Battery revenue vs negative hours.md,"Across 55 full zone-years (2019 to 2025), revenue of a 2-hour battery correlates with negative hours (hourly mean below 0) at r = 0.40, and at **r = 0.76 without 2022**. These are not 55 independent observations, and both series trend upward over the same years (caveats). But being *paid to charge* is a small part of the money: at most 11.2% of a year's revenue (DE_LU 2020), 0 to 6.9% in 2025.",q3_negative_hours_correlation,scope=without_2022,r,.2f,,7
control-room/06 Findings/Q3-3 Battery revenue vs negative hours.md,"Across 55 full zone-years (2019 to 2025), revenue of a 2-hour battery correlates with negative hours (hourly mean below 0) at r = 0.40, and at **r = 0.76 without 2022**. These are not 55 independent observations, and both series trend upward over the same years (caveats). But being *paid to charge* is a small part of the money: at most 11.2% of a year's revenue (DE_LU 2020), 0 to 6.9% in 2025.",q3_negative_hours_correlation,scope=all,n,.0f,,9
control-room/06 Findings/Q3-3 Battery revenue vs negative hours.md,"Across 55 full zone-years (2019 to 2025), revenue of a 2-hour battery correlates with negative hours (hourly mean below 0) at r = 0.40, and at **r = 0.76 without 2022**. These are not 55 independent observations, and both series trend upward over the same years (caveats). But being *paid to charge* is a small part of the money: at most 11.2% of a year's revenue (DE_LU 2020), 0 to 6.9% in 2025.",fct_battery_arbitrage,zone=DE_LU;local_year=2020;battery_duration_h=2,negative_revenue_share * 100,.1f,,10
control-room/06 Findings/Q3-3 Battery revenue vs negative hours.md,"Across 55 full zone-years (2019 to 2025), revenue of a 2-hour battery correlates with negative hours (hourly mean below 0) at r = 0.40, and at **r = 0.76 without 2022**. These are not 55 independent observations, and both series trend upward over the same years (caveats). But being *paid to charge* is a small part of the money: at most 11.2% of a year's revenue (DE_LU 2020), 0 to 6.9% in 2025.",none,,threshold,,,5
control-room/06 Findings/Q3-3 Battery revenue vs negative hours.md,"Across 55 full zone-years (2019 to 2025), revenue of a 2-hour battery correlates with negative hours (hourly mean below 0) at r = 0.40, and at **r = 0.76 without 2022**. These are not 55 independent observations, and both series trend upward over the same years (caveats). But being *paid to charge* is a small part of the money: at most 11.2% of a year's revenue (DE_LU 2020), 0 to 6.9% in 2025.",fct_battery_arbitrage,local_year=2025;battery_duration_h=2,negative_revenue_share * 100,.1f,max,13
control-room/06 Findings/Q3-3 Battery revenue vs negative hours.md,Correlation within each year (8 zones; 7 in 2019): 2019 0.56 · 2020 0.78 · 2021 0.89 · 2022 0.77 · 2023 0.95 · 2024 0.63 · 2025 0.58.,q3_negative_hours_correlation,scope=2019,n,.0f,,2
control-room/06 Findings/Q3-3 Battery revenue vs negative hours.md,Correlation within each year (8 zones; 7 in 2019): 2019 0.56 · 2020 0.78 · 2021 0.89 · 2022 0.77 · 2023 0.95 · 2024 0.63 · 2025 0.58.,q3_negative_hours_correlation,scope=2019,r,.2f,,5
control-room/06 Findings/Q3-3 Battery revenue vs negative hours.md,Correlation within each year (8 zones; 7 in 2019): 2019 0.56 · 2020 0.78 · 2021 0.89 · 2022 0.77 · 2023 0.95 · 2024 0.63 · 2025 0.58.,q3_negative_hours_correlation,scope=2020,r,.2f,,7
control-room/06 Findings/Q3-3 Battery revenue vs negative hours.md,Correlation within each year (8 zones; 7 in 2019): 2019 0.56 · 2020 0.78 · 2021 0.89 · 2022 0.77 · 2023 0.95 · 2024 0.63 · 2025 0.58.,q3_negative_hours_correlation,scope=2021,r,.2f,,9
control-room/06 Findings/Q3-3 Battery revenue vs negative hours.md,Correlation within each year (8 zones; 7 in 2019): 2019 0.56 · 2020 0.78 · 2021 0.89 · 2022 0.77 · 2023 0.95 · 2024 0.63 · 2025 0.58.,q3_negative_hours_correlation,scope=2022,r,.2f,,11
control-room/06 Findings/Q3-3 Battery revenue vs negative hours.md,Correlation within each year (8 zones; 7 in 2019): 2019 0.56 · 2020 0.78 · 2021 0.89 · 2022 0.77 · 2023 0.95 · 2024 0.63 · 2025 0.58.,q3_negative_hours_correlation,scope=2023,r,.2f,,13
control-room/06 Findings/Q3-3 Battery revenue vs negative hours.md,Correlation within each year (8 zones; 7 in 2019): 2019 0.56 · 2020 0.78 · 2021 0.89 · 2022 0.77 · 2023 0.95 · 2024 0.63 · 2025 0.58.,q3_negative_hours_correlation,scope=2024,r,.2f,,15
control-room/06 Findings/Q3-3 Battery revenue vs negative hours.md,Correlation within each year (8 zones; 7 in 2019): 2019 0.56 · 2020 0.78 · 2021 0.89 · 2022 0.77 · 2023 0.95 · 2024 0.63 · 2025 0.58.,q3_negative_hours_correlation,scope=2025,r,.2f,,17
control-room/06 Findings/Q3-3 Battery revenue vs negative hours.md,"Share of revenue from charging at negative prices (2 h, 2025): BE 6.9% · NL 5.7% · DE_LU 5.0% · FR 3.8% · PL 3.6% · ES 0.7% · PT 0.2% · IT_NORD 0% (by market rule: no negative prices allowed, see Q1-3).",fct_battery_arbitrage,zone=BE;local_year=2025;battery_duration_h=2,negative_revenue_share * 100,.1f,,3
control-room/06 Findings/Q3-3 Battery revenue vs negative hours.md,"Share of revenue from charging at negative prices (2 h, 2025): BE 6.9% · NL 5.7% · DE_LU 5.0% · FR 3.8% · PL 3.6% · ES 0.7% · PT 0.2% · IT_NORD 0% (by market rule: no negative prices allowed, see Q1-3).",fct_battery_arbitrage,zone=NL;local_year=2025;battery_duration_h=2,negative_revenue_share * 100,.1f,,4
control-room/06 Findings/Q3-3 Battery revenue vs negative hours.md,"Share of revenue from charging at negative prices (2 h, 2025): BE 6.9% · NL 5.7% · DE_LU 5.0% · FR 3.8% · PL 3.6% · ES 0.7% · PT 0.2% · IT_NORD 0% (by market rule: no negative prices allowed, see Q1-3).",fct_battery_arbitrage,zone=DE_LU;local_year=2025;battery_duration_h=1,negative_revenue_share * 100,.1f,,5
control-room/06 Findings/Q3-3 Battery revenue vs negative hours.md,"Share of revenue from charging at negative prices (2 h, 2025): BE 6.9% · NL 5.7% · DE_LU 5.0% · FR 3.8% · PL 3.6% · ES 0.7% · PT 0.2% · IT_NORD 0% (by market rule: no negative prices allowed, see Q1-3).",fct_battery_arbitrage,zone=FR;local_year=2025;battery_duration_h=2,negative_revenue_share * 100,.1f,,6
control-room/06 Findings/Q3-3 Battery revenue vs negative hours.md,"Share of revenue from charging at negative prices (2 h, 2025): BE 6.9% · NL 5.7% · DE_LU 5.0% · FR 3.8% · PL 3.6% · ES 0.7% · PT 0.2% · IT_NORD 0% (by market rule: no negative prices allowed, see Q1-3).",fct_battery_arbitrage,zone=PL;local_year=2025;battery_duration_h=2,negative_revenue_share * 100,.1f,,7
control-room/06 Findings/Q3-3 Battery revenue vs negative hours.md,"Share of revenue from charging at negative prices (2 h, 2025): BE 6.9% · NL 5.7% · DE_LU 5.0% · FR 3.8% · PL 3.6% · ES 0.7% · PT 0.2% · IT_NORD 0% (by market rule: no negative prices allowed, see Q1-3).",fct_battery_arbitrage,zone=ES;local_year=2025;battery_duration_h=1,negative_revenue_share * 100,.1f,,8
control-room/06 Findings/Q3-3 Battery revenue vs negative hours.md,"Share of revenue from charging at negative prices (2 h, 2025): BE 6.9% · NL 5.7% · DE_LU 5.0% · FR 3.8% · PL 3.6% · ES 0.7% · PT 0.2% · IT_NORD 0% (by market rule: no negative prices allowed, see Q1-3).",fct_battery_arbitrage,zone=BE;local_year=2025;battery_duration_h=1,lp_uplift,num1,,9
control-room/06 Findings/Q3-3 Battery revenue vs negative hours.md,"Share of revenue from charging at negative prices (2 h, 2025): BE 6.9% · NL 5.7% · DE_LU 5.0% · FR 3.8% · PL 3.6% · ES 0.7% · PT 0.2% · IT_NORD 0% (by market rule: no negative prices allowed, see Q1-3).",fct_battery_arbitrage,zone=IT_NORD;local_year=2025;battery_duration_h=2,negative_revenue_share * 100,.0f,,10
control-room/06 Findings/Q3-3 Battery revenue vs negative hours.md,"- 2022: few negative hours (0 to 112) but the highest revenue in 5 zones (NL €114,276).",fct_negative_hours,local_year=2022,negative_hours,num0,min,2
control-room/06 Findings/Q3-3 Battery revenue vs negative hours.md,"- 2022: few negative hours (0 to 112) but the highest revenue in 5 zones (NL €114,276).",fct_negative_hours,local_year=2022,negative_hours,num0,max,3
control-room/06 Findings/Q3-3 Battery revenue vs negative hours.md,"- 2022: few negative hours (0 to 112) but the highest revenue in 5 zones (NL €114,276).",none,,count of zones whose record is 2022 (Q3-2),,,4
control-room/06 Findings/Q3-3 Battery revenue vs negative hours.md,"- 2022: few negative hours (0 to 112) but the highest revenue in 5 zones (NL €114,276).",fct_battery_arbitrage,zone=NL;local_year=2022;battery_duration_h=2,revenue_eur_per_mw,num2,,5
control-room/06 Findings/Q3-3 Battery revenue vs negative hours.md,- Spain 2025 bought 180.9 MWh per MW at negative prices but earned only 0.7% of its revenue that way: Spanish negative prices are shallow (Q1-2).,fct_battery_arbitrage,zone=ES;local_year=2025;battery_duration_h=2,charged_negative_mwh,num1,,2
control-room/06 Findings/Q3-3 Battery revenue vs negative hours.md,- Spain 2025 bought 180.9 MWh per MW at negative prices but earned only 0.7% of its revenue that way: Spanish negative prices are shallow (Q1-2).,fct_battery_arbitrage,zone=ES;local_year=2025;battery_duration_h=1,negative_revenue_share * 100,.1f,,3
control-room/06 Findings/Q3-3 Battery revenue vs negative hours.md,"- **Association only.** Both negative hours and revenue grew over 2023 to 2025, so part of the correlation is a shared time trend; it does not show that negative hours cause revenue. Within-year correlations rest on 7 to 8 points each.",none,,points per year,,,3
control-room/06 Findings/Q3-3 Battery revenue vs negative hours.md,"- **Association only.** Both negative hours and revenue grew over 2023 to 2025, so part of the correlation is a shared time trend; it does not show that negative hours cause revenue. Within-year correlations rest on 7 to 8 points each.",none,,points per year,,,4
control-room/06 Findings/Q3-3 Battery revenue vs negative hours.md,"- **Zone-years are not independent.** Coupled zones share most of their prices, so their points move together: in 2025 Germany-Luxembourg and the Netherlands had 576 and 584 negative hours and €76,060 and €76,053 of revenue per MW, almost the same point twice. The effective number of observations is well below 55.",fct_negative_hours,zone=DE_LU;local_year=2025,negative_hours,num2,,2
control-room/06 Findings/Q3-3 Battery revenue vs negative hours.md,"- **Zone-years are not independent.** Coupled zones share most of their prices, so their points move together: in 2025 Germany-Luxembourg and the Netherlands had 576 and 584 negative hours and €76,060 and €76,053 of revenue per MW, almost the same point twice. The effective number of observations is well below 55.",fct_negative_hours,zone=NL;local_year=2025,negative_hours,num2,,3
control-room/06 Findings/Q3-3 Battery revenue vs negative hours.md,"- **Zone-years are not independent.** Coupled zones share most of their prices, so their points move together: in 2025 Germany-Luxembourg and the Netherlands had 576 and 584 negative hours and €76,060 and €76,053 of revenue per MW, almost the same point twice. The effective number of observations is well below 55.",fct_battery_arbitrage,zone=DE_LU;local_year=2025;battery_duration_h=2,revenue_eur_per_mw,num2,,4
control-room/06 Findings/Q3-3 Battery revenue vs negative hours.md,"- **Zone-years are not independent.** Coupled zones share most of their prices, so their points move together: in 2025 Germany-Luxembourg and the Netherlands had 576 and 584 negative hours and €76,060 and €76,053 of revenue per MW, almost the same point twice. The effective number of observations is well below 55.",fct_battery_arbitrage,zone=NL;local_year=2025;battery_duration_h=2,revenue_eur_per_mw,num2,,5
control-room/06 Findings/Q3-3 Battery revenue vs negative hours.md,"- **Zone-years are not independent.** Coupled zones share most of their prices, so their points move together: in 2025 Germany-Luxembourg and the Netherlands had 576 and 584 negative hours and €76,060 and €76,053 of revenue per MW, almost the same point twice. The effective number of observations is well below 55.",none,,count of observations,,,6
control-room/06 Findings/Q3-4 Revenue by battery duration.md,# Each extra hour of storage earns less: 4 hours earned only 64% to 76% more than 2 hours in 2025,q3_duration_gain_2025,,gain_4h_vs_2h * 100,.0f,min,2
control-room/06 Findings/Q3-4 Revenue by battery duration.md,# Each extra hour of storage earns less: 4 hours earned only 64% to 76% more than 2 hours in 2025,q3_duration_gain_2025,,gain_4h_vs_2h * 100,.0f,max,3
control-room/06 Findings/Q3-4 Revenue by battery duration.md,"In 2025, going from a 1-hour to a 2-hour battery raised day-ahead revenue per MW by 79% to 89%; doubling again to 4 hours raised it by only **64% to 76%**.",q3_duration_gain_2025,,gain_2h_vs_1h * 100,.0f,min,4
control-room/06 Findings/Q3-4 Revenue by battery duration.md,"In 2025, going from a 1-hour to a 2-hour battery raised day-ahead revenue per MW by 79% to 89%; doubling again to 4 hours raised it by only **64% to 76%**.",q3_duration_gain_2025,,gain_2h_vs_1h * 100,.0f,max,5
control-room/06 Findings/Q3-4 Revenue by battery duration.md,"In 2025, going from a 1-hour to a 2-hour battery raised day-ahead revenue per MW by 79% to 89%; doubling again to 4 hours raised it by only **64% to 76%**.",q3_duration_gain_2025,,gain_4h_vs_2h * 100,.0f,min,7
control-room/06 Findings/Q3-4 Revenue by battery duration.md,"In 2025, going from a 1-hour to a 2-hour battery raised day-ahead revenue per MW by 79% to 89%; doubling again to 4 hours raised it by only **64% to 76%**.",q3_duration_gain_2025,,gain_4h_vs_2h * 100,.0f,max,8
control-room/06 Findings/Q3-4 Revenue by battery duration.md,"| PL | 47,846 | 85,640 | 140,336 | +79% | +64% |",fct_battery_arbitrage,zone=PL;local_year=2025;battery_duration_h=1,revenue_eur_per_mw,",.0f",,1
control-room/06 Findings/Q3-4 Revenue by battery duration.md,"| PL | 47,846 | 85,640 | 140,336 | +79% | +64% |",fct_battery_arbitrage,zone=PL;local_year=2025;battery_duration_h=2,revenue_eur_per_mw,",.0f",,2
control-room/06 Findings/Q3-4 Revenue by battery duration.md,"| PL | 47,846 | 85,640 | 140,336 | +79% | +64% |",fct_battery_arbitrage,zone=PL;local_year=2025;battery_duration_h=4,revenue_eur_per_mw,",.0f",,3
control-room/06 Findings/Q3-4 Revenue by battery duration.md,"| PL | 47,846 | 85,640 | 140,336 | +79% | +64% |",fct_battery_arbitrage,zone=PL;local_year=2025;battery_duration_h=1|2,revenue_eur_per_mw,+.0f,pct_change,4
control-room/06 Findings/Q3-4 Revenue by battery duration.md,"| PL | 47,846 | 85,640 | 140,336 | +79% | +64% |",fct_battery_arbitrage,zone=PL;local_year=2025;battery_duration_h=2|4,revenue_eur_per_mw,+.0f,pct_change,5
control-room/06 Findings/Q3-4 Revenue by battery duration.md,"| NL | 41,029 | 76,053 | 129,008 | +85% | +70% |",fct_battery_arbitrage,zone=NL;local_year=2025;battery_duration_h=1,revenue_eur_per_mw,",.0f",,1
control-room/06 Findings/Q3-4 Revenue by battery duration.md,"| NL | 41,029 | 76,053 | 129,008 | +85% | +70% |",fct_battery_arbitrage,zone=NL;local_year=2025;battery_duration_h=2,revenue_eur_per_mw,",.0f",,2
control-room/06 Findings/Q3-4 Revenue by battery duration.md,"| NL | 41,029 | 76,053 | 129,008 | +85% | +70% |",fct_battery_arbitrage,zone=NL;local_year=2025;battery_duration_h=4,revenue_eur_per_mw,",.0f",,3
control-room/06 Findings/Q3-4 Revenue by battery duration.md,"| NL | 41,029 | 76,053 | 129,008 | +85% | +70% |",fct_battery_arbitrage,zone=NL;local_year=2025;battery_duration_h=1|2,revenue_eur_per_mw,+.0f,pct_change,4
control-room/06 Findings/Q3-4 Revenue by battery duration.md,"| NL | 41,029 | 76,053 | 129,008 | +85% | +70% |",fct_battery_arbitrage,zone=NL;local_year=2025;battery_duration_h=2|4,revenue_eur_per_mw,+.0f,pct_change,5
control-room/06 Findings/Q3-4 Revenue by battery duration.md,"| DE_LU | 41,076 | 76,060 | 128,963 | +85% | +70% |",fct_battery_arbitrage,zone=DE_LU;local_year=2025;battery_duration_h=1,revenue_eur_per_mw,",.0f",,1
control-room/06 Findings/Q3-4 Revenue by battery duration.md,"| DE_LU | 41,076 | 76,060 | 128,963 | +85% | +70% |",fct_battery_arbitrage,zone=DE_LU;local_year=2025;battery_duration_h=2,revenue_eur_per_mw,",.0f",,2
control-room/06 Findings/Q3-4 Revenue by battery duration.md,"| DE_LU | 41,076 | 76,060 | 128,963 | +85% | +70% |",fct_battery_arbitrage,zone=DE_LU;local_year=2025;battery_duration_h=4,revenue_eur_per_mw,",.0f",,3
control-room/06 Findings/Q3-4 Revenue by battery duration.md,"| DE_LU | 41,076 | 76,060 | 128,963 | +85% | +70% |",fct_battery_arbitrage,zone=DE_LU;local_year=2025;battery_duration_h=1|2,revenue_eur_per_mw,+.0f,pct_change,4
control-room/06 Findings/Q3-4 Revenue by battery duration.md,"| DE_LU | 41,076 | 76,060 | 128,963 | +85% | +70% |",fct_battery_arbitrage,zone=DE_LU;local_year=2025;battery_duration_h=2|4,revenue_eur_per_mw,+.0f,pct_change,5
control-room/06 Findings/Q3-4 Revenue by battery duration.md,"| BE | 36,621 | 68,212 | 116,667 | +86% | +71% |",fct_battery_arbitrage,zone=BE;local_year=2025;battery_duration_h=1,revenue_eur_per_mw,",.0f",,1
control-room/06 Findings/Q3-4 Revenue by battery duration.md,"| BE | 36,621 | 68,212 | 116,667 | +86% | +71% |",fct_battery_arbitrage,zone=BE;local_year=2025;battery_duration_h=2,revenue_eur_per_mw,",.0f",,2
control-room/06 Findings/Q3-4 Revenue by battery duration.md,"| BE | 36,621 | 68,212 | 116,667 | +86% | +71% |",fct_battery_arbitrage,zone=BE;local_year=2025;battery_duration_h=4,revenue_eur_per_mw,",.0f",,3
control-room/06 Findings/Q3-4 Revenue by battery duration.md,"| BE | 36,621 | 68,212 | 116,667 | +86% | +71% |",fct_battery_arbitrage,zone=BE;local_year=2025;battery_duration_h=1|2,revenue_eur_per_mw,+.0f,pct_change,4
control-room/06 Findings/Q3-4 Revenue by battery duration.md,"| BE | 36,621 | 68,212 | 116,667 | +86% | +71% |",fct_battery_arbitrage,zone=BE;local_year=2025;battery_duration_h=2|4,revenue_eur_per_mw,+.0f,pct_change,5
control-room/06 Findings/Q3-4 Revenue by battery duration.md,"| ES | 32,213 | 60,742 | 106,585 | +89% | +75% |",fct_battery_arbitrage,zone=ES;local_year=2025;battery_duration_h=1,revenue_eur_per_mw,",.0f",,1
control-room/06 Findings/Q3-4 Revenue by battery duration.md,"| ES | 32,213 | 60,742 | 106,585 | +89% | +75% |",fct_battery_arbitrage,zone=ES;local_year=2025;battery_duration_h=2,revenue_eur_per_mw,",.0f",,2
control-room/06 Findings/Q3-4 Revenue by battery duration.md,"| ES | 32,213 | 60,742 | 106,585 | +89% | +75% |",fct_battery_arbitrage,zone=ES;local_year=2025;battery_duration_h=4,revenue_eur_per_mw,",.0f",,3
control-room/06 Findings/Q3-4 Revenue by battery duration.md,"| ES | 32,213 | 60,742 | 106,585 | +89% | +75% |",fct_battery_arbitrage,zone=ES;local_year=2025;battery_duration_h=1|2,revenue_eur_per_mw,+.0f,pct_change,4
control-room/06 Findings/Q3-4 Revenue by battery duration.md,"| ES | 32,213 | 60,742 | 106,585 | +89% | +75% |",fct_battery_arbitrage,zone=ES;local_year=2025;battery_duration_h=2|4,revenue_eur_per_mw,+.0f,pct_change,5
control-room/06 Findings/Q3-4 Revenue by battery duration.md,"| PT | 31,258 | 58,915 | 103,689 | +88% | +76% |",fct_battery_arbitrage,zone=PT;local_year=2025;battery_duration_h=1,revenue_eur_per_mw,",.0f",,1
control-room/06 Findings/Q3-4 Revenue by battery duration.md,"| PT | 31,258 | 58,915 | 103,689 | +88% | +76% |",fct_battery_arbitrage,zone=PT;local_year=2025;battery_duration_h=2,revenue_eur_per_mw,",.0f",,2
control-room/06 Findings/Q3-4 Revenue by battery duration.md,"| PT | 31,258 | 58,915 | 103,689 | +88% | +76% |",fct_battery_arbitrage,zone=PT;local_year=2025;battery_duration_h=4,revenue_eur_per_mw,",.0f",,3
control-room/06 Findings/Q3-4 Revenue by battery duration.md,"| PT | 31,258 | 58,915 | 103,689 | +88% | +76% |",fct_battery_arbitrage,zone=PT;local_year=2025;battery_duration_h=1|2,revenue_eur_per_mw,+.0f,pct_change,4
control-room/06 Findings/Q3-4 Revenue by battery duration.md,"| PT | 31,258 | 58,915 | 103,689 | +88% | +76% |",fct_battery_arbitrage,zone=PT;local_year=2025;battery_duration_h=2|4,revenue_eur_per_mw,+.0f,pct_change,5
control-room/06 Findings/Q3-4 Revenue by battery duration.md,"| FR | 29,783 | 55,340 | 95,364 | +86% | +72% |",fct_battery_arbitrage,zone=FR;local_year=2025;battery_duration_h=1,revenue_eur_per_mw,",.0f",,1
control-room/06 Findings/Q3-4 Revenue by battery duration.md,"| FR | 29,783 | 55,340 | 95,364 | +86% | +72% |",fct_battery_arbitrage,zone=FR;local_year=2025;battery_duration_h=2,revenue_eur_per_mw,",.0f",,2
control-room/06 Findings/Q3-4 Revenue by battery duration.md,"| FR | 29,783 | 55,340 | 95,364 | +86% | +72% |",fct_battery_arbitrage,zone=FR;local_year=2025;battery_duration_h=4,revenue_eur_per_mw,",.0f",,3
control-room/06 Findings/Q3-4 Revenue by battery duration.md,"| FR | 29,783 | 55,340 | 95,364 | +86% | +72% |",fct_battery_arbitrage,zone=FR;local_year=2025;battery_duration_h=1|2,revenue_eur_per_mw,+.0f,pct_change,4
control-room/06 Findings/Q3-4 Revenue by battery duration.md,"| FR | 29,783 | 55,340 | 95,364 | +86% | +72% |",fct_battery_arbitrage,zone=FR;local_year=2025;battery_duration_h=2|4,revenue_eur_per_mw,+.0f,pct_change,5
control-room/06 Findings/Q3-4 Revenue by battery duration.md,"| IT_NORD | 19,836 | 36,558 | 61,780 | +84% | +69% |",fct_battery_arbitrage,zone=IT_NORD;local_year=2025;battery_duration_h=1,revenue_eur_per_mw,",.0f",,1
control-room/06 Findings/Q3-4 Revenue by battery duration.md,"| IT_NORD | 19,836 | 36,558 | 61,780 | +84% | +69% |",fct_battery_arbitrage,zone=IT_NORD;local_year=2025;battery_duration_h=2,revenue_eur_per_mw,",.0f",,2
control-room/06 Findings/Q3-4 Revenue by battery duration.md,"| IT_NORD | 19,836 | 36,558 | 61,780 | +84% | +69% |",fct_battery_arbitrage,zone=IT_NORD;local_year=2025;battery_duration_h=4,revenue_eur_per_mw,",.0f",,3
control-room/06 Findings/Q3-4 Revenue by battery duration.md,"| IT_NORD | 19,836 | 36,558 | 61,780 | +84% | +69% |",fct_battery_arbitrage,zone=IT_NORD;local_year=2025;battery_duration_h=1|2,revenue_eur_per_mw,+.0f,pct_change,4
control-room/06 Findings/Q3-4 Revenue by battery duration.md,"| IT_NORD | 19,836 | 36,558 | 61,780 | +84% | +69% |",fct_battery_arbitrage,zone=IT_NORD;local_year=2025;battery_duration_h=2|4,revenue_eur_per_mw,+.0f,pct_change,5
control-room/06 Findings/Q3-4 Revenue by battery duration.md,"Per MWh of storage, a 4-hour battery earned €15,445 (IT_NORD) to €35,084 (PL) per MWh in 2025, against €19,836 to €47,846 for a 1-hour battery.",fct_battery_arbitrage,zone=IT_NORD;local_year=2025;battery_duration_h=4,revenue_eur_per_mw / 4,",.0f",,2
control-room/06 Findings/Q3-4 Revenue by battery duration.md,"Per MWh of storage, a 4-hour battery earned €15,445 (IT_NORD) to €35,084 (PL) per MWh in 2025, against €19,836 to €47,846 for a 1-hour battery.",fct_battery_arbitrage,zone=PL;local_year=2025;battery_duration_h=4,revenue_eur_per_mw / 4,",.0f",,3
control-room/06 Findings/Q3-4 Revenue by battery duration.md,"Per MWh of storage, a 4-hour battery earned €15,445 (IT_NORD) to €35,084 (PL) per MWh in 2025, against €19,836 to €47,846 for a 1-hour battery.",fct_battery_arbitrage,zone=IT_NORD;local_year=2025;battery_duration_h=1,revenue_eur_per_mw,num2,,5
control-room/06 Findings/Q3-4 Revenue by battery duration.md,"Per MWh of storage, a 4-hour battery earned €15,445 (IT_NORD) to €35,084 (PL) per MWh in 2025, against €19,836 to €47,846 for a 1-hour battery.",fct_battery_arbitrage,zone=PL;local_year=2025;battery_duration_h=1,revenue_eur_per_mw,num2,,6
control-room/06 Findings/Q3-4 Revenue by battery duration.md,"Same LP, power fixed at 1 MW, storage 1, 2 or 4 MWh (`battery_duration_h`), at most 1 cycle a day ([[04 Decisions/ADR-007 Battery Arbitrage Model|ADR-007]]). Notebook chart 4.",none,,battery sizes,,,1
control-room/06 Findings/Q3-4 Revenue by battery duration.md,"Same LP, power fixed at 1 MW, storage 1, 2 or 4 MWh (`battery_duration_h`), at most 1 cycle a day ([[04 Decisions/ADR-007 Battery Arbitrage Model|ADR-007]]). Notebook chart 4.",none,,battery sizes,,,3
control-room/06 Findings/Q3-4 Revenue by battery duration.md,"- Iberia's gain from 4 hours is the largest (+75 to 76%), consistent with a long, flat midday trough; not tested further.",q3_duration_gain_2025,zone=ES,gain_4h_vs_2h * 100,+.0f,,2
control-room/06 Findings/Q3-4 Revenue by battery duration.md,"- Iberia's gain from 4 hours is the largest (+75 to 76%), consistent with a long, flat midday trough; not tested further.",q3_duration_gain_2025,zone=PT,gain_4h_vs_2h * 100,.0f,,3
control-room/06 Findings/Q4-1 Cheapest hour moved to midday.md,| DE_LU | 03:00 | 27.73 | 13:00 | 45.99 |,q4_cheapest_hour,zone=DE_LU,mean_price_early,num2,,3
control-room/06 Findings/Q4-1 Cheapest hour moved to midday.md,| DE_LU | 03:00 | 27.73 | 13:00 | 45.99 |,q4_cheapest_hour,zone=DE_LU,mean_price_2025,num2,,6
control-room/06 Findings/Q4-1 Cheapest hour moved to midday.md,| NL | 04:00 | 32.01 | 13:00 | 42.41 |,q4_cheapest_hour,zone=NL,mean_price_early,num2,,3
control-room/06 Findings/Q4-1 Cheapest hour moved to midday.md,| NL | 04:00 | 32.01 | 13:00 | 42.41 |,q4_cheapest_hour,zone=NL,mean_price_2025,num2,,6
control-room/06 Findings/Q4-1 Cheapest hour moved to midday.md,| BE | 04:00 | 28.10 | 13:00 | 41.21 |,q4_cheapest_hour,zone=BE,mean_price_early,",.2f",,3
control-room/06 Findings/Q4-1 Cheapest hour moved to midday.md,| BE | 04:00 | 28.10 | 13:00 | 41.21 |,q4_cheapest_hour,zone=BE,mean_price_2025,num2,,6
control-room/06 Findings/Q4-1 Cheapest hour moved to midday.md,| FR | 04:00 | 27.25 | 14:00 | 31.46 |,q4_cheapest_hour,zone=FR,mean_price_early,num2,,3
control-room/06 Findings/Q4-1 Cheapest hour moved to midday.md,| FR | 04:00 | 27.25 | 14:00 | 31.46 |,q4_cheapest_hour,zone=FR,mean_price_2025,num2,,6
control-room/06 Findings/Q4-1 Cheapest hour moved to midday.md,| ES | 04:00 | 40.50 | 14:00 | 27.34 |,q4_cheapest_hour,zone=ES,mean_price_early,",.2f",,3
control-room/06 Findings/Q4-1 Cheapest hour moved to midday.md,| ES | 04:00 | 40.50 | 14:00 | 27.34 |,q4_cheapest_hour,zone=ES,mean_price_2025,num2,,6
control-room/06 Findings/Q4-1 Cheapest hour moved to midday.md,| PT | 03:00 | 40.82 | 13:00 | 29.73 |,q4_cheapest_hour,zone=PT,mean_price_early,num2,,3
control-room/06 Findings/Q4-1 Cheapest hour moved to midday.md,| PT | 03:00 | 40.82 | 13:00 | 29.73 |,q4_cheapest_hour,zone=PT,mean_price_2025,num2,,6
control-room/06 Findings/Q4-1 Cheapest hour moved to midday.md,| PL* | 03:00 | 37.40 | 12:00 | 62.39 |,q4_cheapest_hour,zone=PL,mean_price_early,",.2f",,3
control-room/06 Findings/Q4-1 Cheapest hour moved to midday.md,| PL* | 03:00 | 37.40 | 12:00 | 62.39 |,q4_cheapest_hour,zone=PL,mean_price_2025,num2,,6
control-room/06 Findings/Q4-1 Cheapest hour moved to midday.md,| IT_NORD | 04:00 | 40.04 | 13:00 | 91.37 |,q4_cheapest_hour,zone=IT_NORD,mean_price_early,num2,,3
control-room/06 Findings/Q4-1 Cheapest hour moved to midday.md,| IT_NORD | 04:00 | 40.04 | 13:00 | 91.37 |,q4_cheapest_hour,zone=IT_NORD,mean_price_2025,num2,,6
control-room/06 Findings/Q4-1 Cheapest hour moved to midday.md,"- 44 hour × month cells averaged at or below 0 in 2025, all in hours starting between 10:00 and 17:00 in April to June, in DE_LU, NL, BE, FR and ES.",q4_cells_at_or_below_zero_2025,,1,.0f,sum,1
control-room/06 Findings/Q4-1 Cheapest hour moved to midday.md,"`fct_hourly_profile` (duration-weighted mean per local hour, seasons combined with `covered_hours` as weights); the monthly heatmap is computed in the notebook from `int_prices_local`. [[04 Decisions/ADR-008 EV Charging Strategies|ADR-008]]. Notebook `analysis/q4_ev_charging.ipynb`, charts 1 and 2.",none,,chart numbers,,,4
control-room/06 Findings/Q4-1 Cheapest hour moved to midday.md,"`fct_hourly_profile` (duration-weighted mean per local hour, seasons combined with `covered_hours` as weights); the monthly heatmap is computed in the notebook from `int_prices_local`. [[04 Decisions/ADR-008 EV Charging Strategies|ADR-008]]. Notebook `analysis/q4_ev_charging.ipynb`, charts 1 and 2.",none,,chart numbers,,,5
control-room/06 Findings/Q4-2 Smart charging savings.md,"# Smart charging cut an EV's wholesale charging cost by 67% to 74% in 2025, except in North Italy (39%)",fct_ev_charging,local_year=2025;season=year;zone=BE|DE_LU|ES|FR|NL|PL|PT,smart_savings_share * 100,.0f,min,1
control-room/06 Findings/Q4-2 Smart charging savings.md,"# Smart charging cut an EV's wholesale charging cost by 67% to 74% in 2025, except in North Italy (39%)",fct_ev_charging,local_year=2025;season=year;zone=BE|DE_LU|ES|FR|NL|PL|PT,smart_savings_share * 100,.0f,max,2
control-room/06 Findings/Q4-2 Smart charging savings.md,"# Smart charging cut an EV's wholesale charging cost by 67% to 74% in 2025, except in North Italy (39%)",fct_ev_charging,local_year=2025;season=year;zone=IT_NORD,smart_savings_share * 100,.0f,,4
control-room/06 Findings/Q4-2 Smart charging savings.md,"For an EV charging 10 kWh a day at 7 kW, choosing the cheapest block of each day instead of plugging in at 18:00 saved **€182 to €368 per year** of wholesale cost in 2025 (67% to 74%), and €198 (39%) in North Italy.",fct_ev_charging,local_year=2025;season=year;zone=BE|DE_LU|ES|FR|NL|PL|PT,smart_savings_eur_per_year,.0f,min,5
control-room/06 Findings/Q4-2 Smart charging savings.md,"For an EV charging 10 kWh a day at 7 kW, choosing the cheapest block of each day instead of plugging in at 18:00 saved **€182 to €368 per year** of wholesale cost in 2025 (67% to 74%), and €198 (39%) in North Italy.",fct_ev_charging,local_year=2025;season=year;zone=BE|DE_LU|ES|FR|NL|PL|PT,smart_savings_eur_per_year,.0f,max,6
control-room/06 Findings/Q4-2 Smart charging savings.md,"For an EV charging 10 kWh a day at 7 kW, choosing the cheapest block of each day instead of plugging in at 18:00 saved **€182 to €368 per year** of wholesale cost in 2025 (67% to 74%), and €198 (39%) in North Italy.",fct_ev_charging,local_year=2025;season=year;zone=BE|DE_LU|ES|FR|NL|PL|PT,smart_savings_share * 100,.0f,min,8
control-room/06 Findings/Q4-2 Smart charging savings.md,"For an EV charging 10 kWh a day at 7 kW, choosing the cheapest block of each day instead of plugging in at 18:00 saved **€182 to €368 per year** of wholesale cost in 2025 (67% to 74%), and €198 (39%) in North Italy.",fct_ev_charging,local_year=2025;season=year;zone=BE|DE_LU|ES|FR|NL|PL|PT,smart_savings_share * 100,.0f,max,9
control-room/06 Findings/Q4-2 Smart charging savings.md,"For an EV charging 10 kWh a day at 7 kW, choosing the cheapest block of each day instead of plugging in at 18:00 saved **€182 to €368 per year** of wholesale cost in 2025 (67% to 74%), and €198 (39%) in North Italy.",fct_ev_charging,zone=IT_NORD;local_year=2025;season=year,smart_savings_eur_per_year,num0,,10
control-room/06 Findings/Q4-2 Smart charging savings.md,"For an EV charging 10 kWh a day at 7 kW, choosing the cheapest block of each day instead of plugging in at 18:00 saved **€182 to €368 per year** of wholesale cost in 2025 (67% to 74%), and €198 (39%) in North Italy.",fct_ev_charging,local_year=2025;season=year;zone=IT_NORD,smart_savings_share * 100,.0f,,11
control-room/06 Findings/Q4-2 Smart charging savings.md,| PL | 547.33 | 325.64 | 179.46 | 367.87 | 67.2% | 149.95 / 49.17 |,fct_ev_charging,zone=PL;local_year=2025;season=year,immediate_eur_per_year,num2,,1
control-room/06 Findings/Q4-2 Smart charging savings.md,| PL | 547.33 | 325.64 | 179.46 | 367.87 | 67.2% | 149.95 / 49.17 |,fct_ev_charging,zone=PL;local_year=2025;season=year,overnight_eur_per_year,num2,,2
control-room/06 Findings/Q4-2 Smart charging savings.md,| PL | 547.33 | 325.64 | 179.46 | 367.87 | 67.2% | 149.95 / 49.17 |,fct_ev_charging,zone=PL;local_year=2025;season=year,smart_eur_per_year,num2,,3
control-room/06 Findings/Q4-2 Smart charging savings.md,| PL | 547.33 | 325.64 | 179.46 | 367.87 | 67.2% | 149.95 / 49.17 |,fct_ev_charging,zone=PL;local_year=2025;season=year,smart_savings_eur_per_year,num2,,4
control-room/06 Findings/Q4-2 Smart charging savings.md,| PL | 547.33 | 325.64 | 179.46 | 367.87 | 67.2% | 149.95 / 49.17 |,fct_ev_charging,zone=PL;local_year=2025;season=year,smart_savings_share * 100,.1f,,5
control-room/06 Findings/Q4-2 Smart charging savings.md,| PL | 547.33 | 325.64 | 179.46 | 367.87 | 67.2% | 149.95 / 49.17 |,fct_ev_charging,zone=PL;local_year=2025;season=year,immediate_price_eur_mwh,num2,,6
control-room/06 Findings/Q4-2 Smart charging savings.md,| PL | 547.33 | 325.64 | 179.46 | 367.87 | 67.2% | 149.95 / 49.17 |,fct_ev_charging,zone=PL;local_year=2025;season=year,smart_price_eur_mwh,num2,,7
control-room/06 Findings/Q4-2 Smart charging savings.md,| DE_LU | 469.11 | 284.66 | 131.13 | 337.97 | 72.0% | 128.52 / 35.93 |,fct_ev_charging,zone=DE_LU;local_year=2025;season=year,immediate_eur_per_year,num2,,1
control-room/06 Findings/Q4-2 Smart charging savings.md,| DE_LU | 469.11 | 284.66 | 131.13 | 337.97 | 72.0% | 128.52 / 35.93 |,fct_ev_charging,zone=DE_LU;local_year=2025;season=year,overnight_eur_per_year,num2,,2
control-room/06 Findings/Q4-2 Smart charging savings.md,| DE_LU | 469.11 | 284.66 | 131.13 | 337.97 | 72.0% | 128.52 / 35.93 |,fct_ev_charging,zone=DE_LU;local_year=2025;season=year,smart_eur_per_year,num2,,3
control-room/06 Findings/Q4-2 Smart charging savings.md,| DE_LU | 469.11 | 284.66 | 131.13 | 337.97 | 72.0% | 128.52 / 35.93 |,fct_ev_charging,zone=DE_LU;local_year=2025;season=year,smart_savings_eur_per_year,num2,,4
control-room/06 Findings/Q4-2 Smart charging savings.md,| DE_LU | 469.11 | 284.66 | 131.13 | 337.97 | 72.0% | 128.52 / 35.93 |,fct_ev_charging,zone=DE_LU;local_year=2025;season=year,smart_savings_share * 100,.1f,,5
control-room/06 Findings/Q4-2 Smart charging savings.md,| DE_LU | 469.11 | 284.66 | 131.13 | 337.97 | 72.0% | 128.52 / 35.93 |,fct_ev_charging,zone=DE_LU;local_year=2025;season=year,immediate_price_eur_mwh,num2,,6
control-room/06 Findings/Q4-2 Smart charging savings.md,| DE_LU | 469.11 | 284.66 | 131.13 | 337.97 | 72.0% | 128.52 / 35.93 |,fct_ev_charging,zone=DE_LU;local_year=2025;season=year,smart_price_eur_mwh,num2,,7
control-room/06 Findings/Q4-2 Smart charging savings.md,| NL | 451.09 | 275.53 | 118.45 | 332.64 | 73.7% | 123.59 / 32.45 |,fct_ev_charging,zone=NL;local_year=2025;season=year,immediate_eur_per_year,num2,,1
control-room/06 Findings/Q4-2 Smart charging savings.md,| NL | 451.09 | 275.53 | 118.45 | 332.64 | 73.7% | 123.59 / 32.45 |,fct_ev_charging,zone=NL;local_year=2025;season=year,overnight_eur_per_year,num2,,2
control-room/06 Findings/Q4-2 Smart charging savings.md,| NL | 451.09 | 275.53 | 118.45 | 332.64 | 73.7% | 123.59 / 32.45 |,fct_ev_charging,zone=NL;local_year=2025;season=year,smart_eur_per_year,num2,,3
control-room/06 Findings/Q4-2 Smart charging savings.md,| NL | 451.09 | 275.53 | 118.45 | 332.64 | 73.7% | 123.59 / 32.45 |,fct_ev_charging,zone=NL;local_year=2025;season=year,smart_savings_eur_per_year,num2,,4
control-room/06 Findings/Q4-2 Smart charging savings.md,| NL | 451.09 | 275.53 | 118.45 | 332.64 | 73.7% | 123.59 / 32.45 |,fct_ev_charging,zone=NL;local_year=2025;season=year,smart_savings_share * 100,.1f,,5
control-room/06 Findings/Q4-2 Smart charging savings.md,| NL | 451.09 | 275.53 | 118.45 | 332.64 | 73.7% | 123.59 / 32.45 |,fct_ev_charging,zone=NL;local_year=2025;season=year,immediate_price_eur_mwh,num2,,6
control-room/06 Findings/Q4-2 Smart charging savings.md,| NL | 451.09 | 275.53 | 118.45 | 332.64 | 73.7% | 123.59 / 32.45 |,fct_ev_charging,zone=NL;local_year=2025;season=year,smart_price_eur_mwh,num2,,7
control-room/06 Findings/Q4-2 Smart charging savings.md,| BE | 415.83 | 261.35 | 115.97 | 299.86 | 72.1% | 113.93 / 31.77 |,fct_ev_charging,zone=BE;local_year=2025;season=year,immediate_eur_per_year,num2,,1
control-room/06 Findings/Q4-2 Smart charging savings.md,| BE | 415.83 | 261.35 | 115.97 | 299.86 | 72.1% | 113.93 / 31.77 |,fct_ev_charging,zone=BE;local_year=2025;season=year,overnight_eur_per_year,num2,,2
control-room/06 Findings/Q4-2 Smart charging savings.md,| BE | 415.83 | 261.35 | 115.97 | 299.86 | 72.1% | 113.93 / 31.77 |,fct_ev_charging,zone=BE;local_year=2025;season=year,smart_eur_per_year,num2,,3
control-room/06 Findings/Q4-2 Smart charging savings.md,| BE | 415.83 | 261.35 | 115.97 | 299.86 | 72.1% | 113.93 / 31.77 |,fct_ev_charging,zone=BE;local_year=2025;season=year,smart_savings_eur_per_year,num2,,4
control-room/06 Findings/Q4-2 Smart charging savings.md,| BE | 415.83 | 261.35 | 115.97 | 299.86 | 72.1% | 113.93 / 31.77 |,fct_ev_charging,zone=BE;local_year=2025;season=year,smart_savings_share * 100,.1f,,5
control-room/06 Findings/Q4-2 Smart charging savings.md,| BE | 415.83 | 261.35 | 115.97 | 299.86 | 72.1% | 113.93 / 31.77 |,fct_ev_charging,zone=BE;local_year=2025;season=year,immediate_price_eur_mwh,num2,,6
control-room/06 Findings/Q4-2 Smart charging savings.md,| BE | 415.83 | 261.35 | 115.97 | 299.86 | 72.1% | 113.93 / 31.77 |,fct_ev_charging,zone=BE;local_year=2025;season=year,smart_price_eur_mwh,num2,,7
control-room/06 Findings/Q4-2 Smart charging savings.md,| PT | 347.49 | 230.24 | 95.76 | 251.73 | 72.4% | 95.20 / 26.24 |,fct_ev_charging,zone=PT;local_year=2025;season=year,immediate_eur_per_year,num2,,1
control-room/06 Findings/Q4-2 Smart charging savings.md,| PT | 347.49 | 230.24 | 95.76 | 251.73 | 72.4% | 95.20 / 26.24 |,fct_ev_charging,zone=PT;local_year=2025;season=year,overnight_eur_per_year,num2,,2
control-room/06 Findings/Q4-2 Smart charging savings.md,| PT | 347.49 | 230.24 | 95.76 | 251.73 | 72.4% | 95.20 / 26.24 |,fct_ev_charging,zone=PT;local_year=2025;season=year,smart_eur_per_year,num2,,3
control-room/06 Findings/Q4-2 Smart charging savings.md,| PT | 347.49 | 230.24 | 95.76 | 251.73 | 72.4% | 95.20 / 26.24 |,fct_ev_charging,zone=PT;local_year=2025;season=year,smart_savings_eur_per_year,num2,,4
control-room/06 Findings/Q4-2 Smart charging savings.md,| PT | 347.49 | 230.24 | 95.76 | 251.73 | 72.4% | 95.20 / 26.24 |,fct_ev_charging,zone=PT;local_year=2025;season=year,smart_savings_share * 100,.1f,,5
control-room/06 Findings/Q4-2 Smart charging savings.md,| PT | 347.49 | 230.24 | 95.76 | 251.73 | 72.4% | 95.20 / 26.24 |,fct_ev_charging,zone=PT;local_year=2025;season=year,immediate_price_eur_mwh,",.2f",,6
control-room/06 Findings/Q4-2 Smart charging savings.md,| PT | 347.49 | 230.24 | 95.76 | 251.73 | 72.4% | 95.20 / 26.24 |,fct_ev_charging,zone=PT;local_year=2025;season=year,smart_price_eur_mwh,num2,,7
control-room/06 Findings/Q4-2 Smart charging savings.md,| FR | 307.38 | 163.19 | 87.03 | 220.35 | 71.7% | 84.21 / 23.84 |,fct_ev_charging,zone=FR;local_year=2025;season=year,immediate_eur_per_year,num2,,1
control-room/06 Findings/Q4-2 Smart charging savings.md,| FR | 307.38 | 163.19 | 87.03 | 220.35 | 71.7% | 84.21 / 23.84 |,fct_ev_charging,zone=FR;local_year=2025;season=year,overnight_eur_per_year,num2,,2
control-room/06 Findings/Q4-2 Smart charging savings.md,| FR | 307.38 | 163.19 | 87.03 | 220.35 | 71.7% | 84.21 / 23.84 |,fct_ev_charging,zone=FR;local_year=2025;season=year,smart_eur_per_year,num2,,3
control-room/06 Findings/Q4-2 Smart charging savings.md,| FR | 307.38 | 163.19 | 87.03 | 220.35 | 71.7% | 84.21 / 23.84 |,fct_ev_charging,zone=FR;local_year=2025;season=year,smart_savings_eur_per_year,num2,,4
control-room/06 Findings/Q4-2 Smart charging savings.md,| FR | 307.38 | 163.19 | 87.03 | 220.35 | 71.7% | 84.21 / 23.84 |,fct_ev_charging,zone=FR;local_year=2025;season=year,smart_savings_share * 100,.1f,,5
control-room/06 Findings/Q4-2 Smart charging savings.md,| FR | 307.38 | 163.19 | 87.03 | 220.35 | 71.7% | 84.21 / 23.84 |,fct_ev_charging,zone=FR;local_year=2025;season=year,immediate_price_eur_mwh,num2,,6
control-room/06 Findings/Q4-2 Smart charging savings.md,| FR | 307.38 | 163.19 | 87.03 | 220.35 | 71.7% | 84.21 / 23.84 |,fct_ev_charging,zone=FR;local_year=2025;season=year,smart_price_eur_mwh,num2,,7
control-room/06 Findings/Q4-2 Smart charging savings.md,| IT_NORD | 507.04 | 373.80 | 308.83 | 198.21 | 39.1% | 138.92 / 84.61 |,fct_ev_charging,zone=IT_NORD;local_year=2025;season=year,immediate_eur_per_year,num2,,1
control-room/06 Findings/Q4-2 Smart charging savings.md,| IT_NORD | 507.04 | 373.80 | 308.83 | 198.21 | 39.1% | 138.92 / 84.61 |,fct_ev_charging,zone=IT_NORD;local_year=2025;season=year,overnight_eur_per_year,",.2f",,2
control-room/06 Findings/Q4-2 Smart charging savings.md,| IT_NORD | 507.04 | 373.80 | 308.83 | 198.21 | 39.1% | 138.92 / 84.61 |,fct_ev_charging,zone=IT_NORD;local_year=2025;season=year,smart_eur_per_year,num2,,3
control-room/06 Findings/Q4-2 Smart charging savings.md,| IT_NORD | 507.04 | 373.80 | 308.83 | 198.21 | 39.1% | 138.92 / 84.61 |,fct_ev_charging,zone=IT_NORD;local_year=2025;season=year,smart_savings_eur_per_year,num2,,4
control-room/06 Findings/Q4-2 Smart charging savings.md,| IT_NORD | 507.04 | 373.80 | 308.83 | 198.21 | 39.1% | 138.92 / 84.61 |,fct_ev_charging,zone=IT_NORD;local_year=2025;season=year,smart_savings_share * 100,.1f,,5
control-room/06 Findings/Q4-2 Smart charging savings.md,| IT_NORD | 507.04 | 373.80 | 308.83 | 198.21 | 39.1% | 138.92 / 84.61 |,fct_ev_charging,zone=IT_NORD;local_year=2025;season=year,immediate_price_eur_mwh,num2,,6
control-room/06 Findings/Q4-2 Smart charging savings.md,| IT_NORD | 507.04 | 373.80 | 308.83 | 198.21 | 39.1% | 138.92 / 84.61 |,fct_ev_charging,zone=IT_NORD;local_year=2025;season=year,smart_price_eur_mwh,num2,,7
control-room/06 Findings/Q4-2 Smart charging savings.md,| ES | 271.11 | 229.64 | 89.00 | 182.11 | 67.2% | 74.28 / 24.38 |,fct_ev_charging,zone=ES;local_year=2025;season=year,immediate_eur_per_year,num2,,1
control-room/06 Findings/Q4-2 Smart charging savings.md,| ES | 271.11 | 229.64 | 89.00 | 182.11 | 67.2% | 74.28 / 24.38 |,fct_ev_charging,zone=ES;local_year=2025;season=year,overnight_eur_per_year,num2,,2
control-room/06 Findings/Q4-2 Smart charging savings.md,| ES | 271.11 | 229.64 | 89.00 | 182.11 | 67.2% | 74.28 / 24.38 |,fct_ev_charging,zone=ES;local_year=2025;season=year,smart_eur_per_year,",.2f",,3
control-room/06 Findings/Q4-2 Smart charging savings.md,| ES | 271.11 | 229.64 | 89.00 | 182.11 | 67.2% | 74.28 / 24.38 |,fct_ev_charging,zone=ES;local_year=2025;season=year,smart_savings_eur_per_year,num2,,4
control-room/06 Findings/Q4-2 Smart charging savings.md,| ES | 271.11 | 229.64 | 89.00 | 182.11 | 67.2% | 74.28 / 24.38 |,fct_ev_charging,zone=ES;local_year=2025;season=summer,smart_savings_share * 100,.1f,,5
control-room/06 Findings/Q4-2 Smart charging savings.md,| ES | 271.11 | 229.64 | 89.00 | 182.11 | 67.2% | 74.28 / 24.38 |,fct_ev_charging,zone=ES;local_year=2025;season=year,immediate_price_eur_mwh,num2,,6
control-room/06 Findings/Q4-2 Smart charging savings.md,| ES | 271.11 | 229.64 | 89.00 | 182.11 | 67.2% | 74.28 / 24.38 |,fct_ev_charging,zone=ES;local_year=2025;season=year,smart_price_eur_mwh,num2,,7
control-room/06 Findings/Q4-2 Smart charging savings.md,"- In spring 2025, smart charging in **Belgium and the Netherlands was paid on balance**: average price paid −0.29 and −0.22 €/MWh (savings share just over 100%).",fct_ev_charging,zone=BE;local_year=2025;season=spring,smart_price_eur_mwh,num2,,2
control-room/06 Findings/Q4-2 Smart charging savings.md,"- In spring 2025, smart charging in **Belgium and the Netherlands was paid on balance**: average price paid −0.29 and −0.22 €/MWh (savings share just over 100%).",fct_ev_charging,zone=NL;local_year=2025;season=spring,smart_price_eur_mwh,num2,,3
control-room/06 Findings/Q4-2 Smart charging savings.md,"- In spring 2025, smart charging in **Belgium and the Netherlands was paid on balance**: average price paid −0.29 and −0.22 €/MWh (savings share just over 100%).",fct_ev_charging,zone=BE;local_year=2025;season=spring,smart_savings_share * 100,.0f,,4
control-room/06 Findings/Q4-2 Smart charging savings.md,- In full years the smart saving share grew from 22% to 49% in 2019 to 67% to 74% in 2025 (outside IT_NORD). Over the same dates (1 Jan to 2 Oct; snapshot `analysis/outputs/snapshots/2026-10-02/`) it was 67% to 80% in 2025 and 74% to 83% in 2026 (outside IT_NORD).,fct_ev_charging,zone=BE|DE_LU|ES|FR|IT_NORD|NL|PL|PT;local_year=2019;season=year,smart_savings_share * 100,.0f,min,1
control-room/06 Findings/Q4-2 Smart charging savings.md,- In full years the smart saving share grew from 22% to 49% in 2019 to 67% to 74% in 2025 (outside IT_NORD). Over the same dates (1 Jan to 2 Oct; snapshot `analysis/outputs/snapshots/2026-10-02/`) it was 67% to 80% in 2025 and 74% to 83% in 2026 (outside IT_NORD).,fct_ev_charging,zone=BE|DE_LU|ES|FR|IT_NORD|NL|PL|PT;local_year=2019;season=year,smart_savings_share * 100,.0f,max,2
control-room/06 Findings/Q4-2 Smart charging savings.md,- In full years the smart saving share grew from 22% to 49% in 2019 to 67% to 74% in 2025 (outside IT_NORD). Over the same dates (1 Jan to 2 Oct; snapshot `analysis/outputs/snapshots/2026-10-02/`) it was 67% to 80% in 2025 and 74% to 83% in 2026 (outside IT_NORD).,fct_ev_charging,zone=BE|DE_LU|ES|FR|NL|PL|PT;local_year=2025;season=year,smart_savings_share * 100,.0f,min,4
control-room/06 Findings/Q4-2 Smart charging savings.md,- In full years the smart saving share grew from 22% to 49% in 2019 to 67% to 74% in 2025 (outside IT_NORD). Over the same dates (1 Jan to 2 Oct; snapshot `analysis/outputs/snapshots/2026-10-02/`) it was 67% to 80% in 2025 and 74% to 83% in 2026 (outside IT_NORD).,fct_ev_charging,zone=BE|DE_LU|ES|FR|NL|PL|PT;local_year=2025;season=year,smart_savings_share * 100,.0f,max,5
control-room/06 Findings/Q4-2 Smart charging savings.md,- In full years the smart saving share grew from 22% to 49% in 2019 to 67% to 74% in 2025 (outside IT_NORD). Over the same dates (1 Jan to 2 Oct; snapshot `analysis/outputs/snapshots/2026-10-02/`) it was 67% to 80% in 2025 and 74% to 83% in 2026 (outside IT_NORD).,fct_ev_charging,zone=BE|DE_LU|ES|FR|NL|PL|PT;local_year=2025;season=year,smart_savings_share * 100,.0f,min,12
control-room/06 Findings/Q4-2 Smart charging savings.md,- In full years the smart saving share grew from 22% to 49% in 2019 to 67% to 74% in 2025 (outside IT_NORD). Over the same dates (1 Jan to 2 Oct; snapshot `analysis/outputs/snapshots/2026-10-02/`) it was 67% to 80% in 2025 and 74% to 83% in 2026 (outside IT_NORD).,fct_ytd_comparison,zone=BE|DE_LU|ES|FR|NL|PL|PT;local_year=2025,ev_smart_saving_share * 100,.0f,max,13
control-room/06 Findings/Q4-2 Smart charging savings.md,- In full years the smart saving share grew from 22% to 49% in 2019 to 67% to 74% in 2025 (outside IT_NORD). Over the same dates (1 Jan to 2 Oct; snapshot `analysis/outputs/snapshots/2026-10-02/`) it was 67% to 80% in 2025 and 74% to 83% in 2026 (outside IT_NORD).,fct_ev_charging,zone=BE|DE_LU|ES|FR|NL|PL|PT;local_year=2025;season=year,smart_savings_share * 100,.0f,max,15
control-room/06 Findings/Q4-2 Smart charging savings.md,- In full years the smart saving share grew from 22% to 49% in 2019 to 67% to 74% in 2025 (outside IT_NORD). Over the same dates (1 Jan to 2 Oct; snapshot `analysis/outputs/snapshots/2026-10-02/`) it was 67% to 80% in 2025 and 74% to 83% in 2026 (outside IT_NORD).,fct_ytd_comparison,zone=BE|DE_LU|ES|FR|NL|PL|PT;local_year=2026,ev_smart_saving_share * 100,.0f,max,16
control-room/06 Findings/Q4-2 Smart charging savings.md,"`fct_ev_charging`, season `year`: one continuous 1 h 26 min block per day at native price resolution; € per year = average daily cost × 365 ([[04 Decisions/ADR-008 EV Charging Strategies|ADR-008]]). Hand-checked on DE_LU 15 Jun 2024. Notebook chart 3.",none,,method constant (10 kWh at 7 kW),,,2
control-room/06 Findings/Q4-2 Smart charging savings.md,"`fct_ev_charging`, season `year`: one continuous 1 h 26 min block per day at native price resolution; € per year = average daily cost × 365 ([[04 Decisions/ADR-008 EV Charging Strategies|ADR-008]]). Hand-checked on DE_LU 15 Jun 2024. Notebook chart 3.",none,,method constant,,,3
control-room/06 Findings/Q4-3 Overnight charging is losing its edge.md,"In 2019, charging overnight (22:00 to 07:00) got **88% to 100%** of the saving that smart charging got (e.g. DE_LU 42.9% vs 49.0% of the 18:00 cost). In 2025 it got only **23% to 67%** of it (DE_LU 39.3% vs 72.0%). In Spain, from 1 Jan to 2 Oct 2026, overnight charging cost **34.9% more** than plugging in at 18:00; over the same dates of 2025 it was still 4.1% cheaper.",fct_ev_charging,zone=BE|DE_LU|ES|FR|IT_NORD|NL|PT;local_year=2019;season=year,overnight_savings_share / smart_savings_share * 100,.0f,min,6
control-room/06 Findings/Q4-3 Overnight charging is losing its edge.md,"In 2019, charging overnight (22:00 to 07:00) got **88% to 100%** of the saving that smart charging got (e.g. DE_LU 42.9% vs 49.0% of the 18:00 cost). In 2025 it got only **23% to 67%** of it (DE_LU 39.3% vs 72.0%). In Spain, from 1 Jan to 2 Oct 2026, overnight charging cost **34.9% more** than plugging in at 18:00; over the same dates of 2025 it was still 4.1% cheaper.",fct_ev_charging,zone=PL;local_year=2020;season=year,overnight_savings_share / smart_savings_share * 100,.0f,,7
control-room/06 Findings/Q4-3 Overnight charging is losing its edge.md,"In 2019, charging overnight (22:00 to 07:00) got **88% to 100%** of the saving that smart charging got (e.g. DE_LU 42.9% vs 49.0% of the 18:00 cost). In 2025 it got only **23% to 67%** of it (DE_LU 39.3% vs 72.0%). In Spain, from 1 Jan to 2 Oct 2026, overnight charging cost **34.9% more** than plugging in at 18:00; over the same dates of 2025 it was still 4.1% cheaper.",fct_ev_charging,zone=DE_LU;local_year=2019;season=year,overnight_savings_share * 100,.1f,,8
control-room/06 Findings/Q4-3 Overnight charging is losing its edge.md,"In 2019, charging overnight (22:00 to 07:00) got **88% to 100%** of the saving that smart charging got (e.g. DE_LU 42.9% vs 49.0% of the 18:00 cost). In 2025 it got only **23% to 67%** of it (DE_LU 39.3% vs 72.0%). In Spain, from 1 Jan to 2 Oct 2026, overnight charging cost **34.9% more** than plugging in at 18:00; over the same dates of 2025 it was still 4.1% cheaper.",fct_ev_charging,zone=DE_LU;local_year=2019;season=year,smart_savings_share * 100,.1f,,9
control-room/06 Findings/Q4-3 Overnight charging is losing its edge.md,"In 2019, charging overnight (22:00 to 07:00) got **88% to 100%** of the saving that smart charging got (e.g. DE_LU 42.9% vs 49.0% of the 18:00 cost). In 2025 it got only **23% to 67%** of it (DE_LU 39.3% vs 72.0%). In Spain, from 1 Jan to 2 Oct 2026, overnight charging cost **34.9% more** than plugging in at 18:00; over the same dates of 2025 it was still 4.1% cheaper.",fct_ev_charging,zone=BE|DE_LU|ES|FR|IT_NORD|NL|PL|PT;local_year=2025;season=year,overnight_savings_share / smart_savings_share * 100,.0f,min,13
control-room/06 Findings/Q4-3 Overnight charging is losing its edge.md,"In 2019, charging overnight (22:00 to 07:00) got **88% to 100%** of the saving that smart charging got (e.g. DE_LU 42.9% vs 49.0% of the 18:00 cost). In 2025 it got only **23% to 67%** of it (DE_LU 39.3% vs 72.0%). In Spain, from 1 Jan to 2 Oct 2026, overnight charging cost **34.9% more** than plugging in at 18:00; over the same dates of 2025 it was still 4.1% cheaper.",fct_ev_charging,zone=BE|DE_LU|ES|FR|IT_NORD|NL|PL|PT;local_year=2025;season=year,overnight_savings_share / smart_savings_share * 100,.0f,max,14
control-room/06 Findings/Q4-3 Overnight charging is losing its edge.md,"In 2019, charging overnight (22:00 to 07:00) got **88% to 100%** of the saving that smart charging got (e.g. DE_LU 42.9% vs 49.0% of the 18:00 cost). In 2025 it got only **23% to 67%** of it (DE_LU 39.3% vs 72.0%). In Spain, from 1 Jan to 2 Oct 2026, overnight charging cost **34.9% more** than plugging in at 18:00; over the same dates of 2025 it was still 4.1% cheaper.",fct_ev_charging,zone=DE_LU;local_year=2025;season=year,overnight_savings_share * 100,.1f,,15
control-room/06 Findings/Q4-3 Overnight charging is losing its edge.md,"In 2019, charging overnight (22:00 to 07:00) got **88% to 100%** of the saving that smart charging got (e.g. DE_LU 42.9% vs 49.0% of the 18:00 cost). In 2025 it got only **23% to 67%** of it (DE_LU 39.3% vs 72.0%). In Spain, from 1 Jan to 2 Oct 2026, overnight charging cost **34.9% more** than plugging in at 18:00; over the same dates of 2025 it was still 4.1% cheaper.",fct_ev_charging,zone=DE_LU;local_year=2025;season=year,smart_savings_share * 100,.1f,,16
control-room/06 Findings/Q4-3 Overnight charging is losing its edge.md,"In 2019, charging overnight (22:00 to 07:00) got **88% to 100%** of the saving that smart charging got (e.g. DE_LU 42.9% vs 49.0% of the 18:00 cost). In 2025 it got only **23% to 67%** of it (DE_LU 39.3% vs 72.0%). In Spain, from 1 Jan to 2 Oct 2026, overnight charging cost **34.9% more** than plugging in at 18:00; over the same dates of 2025 it was still 4.1% cheaper.",fct_ev_charging,zone=DE_LU;local_year=2025;season=spring,overnight_savings_share * 100,.1f,,20
control-room/06 Findings/Q4-3 Overnight charging is losing its edge.md,"In 2019, charging overnight (22:00 to 07:00) got **88% to 100%** of the saving that smart charging got (e.g. DE_LU 42.9% vs 49.0% of the 18:00 cost). In 2025 it got only **23% to 67%** of it (DE_LU 39.3% vs 72.0%). In Spain, from 1 Jan to 2 Oct 2026, overnight charging cost **34.9% more** than plugging in at 18:00; over the same dates of 2025 it was still 4.1% cheaper.",fct_ytd_comparison,zone=ES;local_year=2025,ev_overnight_saving_share * 100,.1f,,24
control-room/06 Findings/Q4-3 Overnight charging is losing its edge.md,| BE | 44.3% | 47.1% | 37.1% | 72.1% |,fct_ev_charging,zone=BE;local_year=2019;season=year,overnight_savings_share * 100,.1f,,1
control-room/06 Findings/Q4-3 Overnight charging is losing its edge.md,| BE | 44.3% | 47.1% | 37.1% | 72.1% |,fct_ev_charging,zone=BE;local_year=2019;season=year,smart_savings_share * 100,.1f,,2
control-room/06 Findings/Q4-3 Overnight charging is losing its edge.md,| BE | 44.3% | 47.1% | 37.1% | 72.1% |,fct_ev_charging,zone=BE;local_year=2025;season=year,overnight_savings_share * 100,.1f,,3
control-room/06 Findings/Q4-3 Overnight charging is losing its edge.md,| BE | 44.3% | 47.1% | 37.1% | 72.1% |,fct_ev_charging,zone=BE;local_year=2025;season=year,smart_savings_share * 100,.1f,,4
control-room/06 Findings/Q4-3 Overnight charging is losing its edge.md,| DE_LU | 42.9% | 49.0% | 39.3% | 72.0% |,fct_ev_charging,zone=DE_LU;local_year=2019;season=year,overnight_savings_share * 100,.1f,,1
control-room/06 Findings/Q4-3 Overnight charging is losing its edge.md,| DE_LU | 42.9% | 49.0% | 39.3% | 72.0% |,fct_ev_charging,zone=DE_LU;local_year=2019;season=year,smart_savings_share * 100,.1f,,2
control-room/06 Findings/Q4-3 Overnight charging is losing its edge.md,| DE_LU | 42.9% | 49.0% | 39.3% | 72.0% |,fct_ev_charging,zone=DE_LU;local_year=2025;season=year,overnight_savings_share * 100,.1f,,3
control-room/06 Findings/Q4-3 Overnight charging is losing its edge.md,| DE_LU | 42.9% | 49.0% | 39.3% | 72.0% |,fct_ev_charging,zone=DE_LU;local_year=2025;season=year,smart_savings_share * 100,.1f,,4
control-room/06 Findings/Q4-3 Overnight charging is losing its edge.md,| ES | 19.8% | 22.1% | 15.3% | 67.2% |,fct_ev_charging,zone=ES;local_year=2019;season=year,overnight_savings_share * 100,.1f,,1
control-room/06 Findings/Q4-3 Overnight charging is losing its edge.md,| ES | 19.8% | 22.1% | 15.3% | 67.2% |,fct_ev_charging,zone=ES;local_year=2019;season=year,smart_savings_share * 100,.1f,,2
control-room/06 Findings/Q4-3 Overnight charging is losing its edge.md,| ES | 19.8% | 22.1% | 15.3% | 67.2% |,fct_ev_charging,zone=ES;local_year=2025;season=year,overnight_savings_share * 100,.1f,,3
control-room/06 Findings/Q4-3 Overnight charging is losing its edge.md,| ES | 19.8% | 22.1% | 15.3% | 67.2% |,fct_ev_charging,zone=ES;local_year=2025;season=summer,smart_savings_share * 100,.1f,,4
control-room/06 Findings/Q4-3 Overnight charging is losing its edge.md,| FR | 43.2% | 45.3% | 46.9% | 71.7% |,fct_ev_charging,zone=FR;local_year=2019;season=year,overnight_savings_share * 100,.1f,,1
control-room/06 Findings/Q4-3 Overnight charging is losing its edge.md,| FR | 43.2% | 45.3% | 46.9% | 71.7% |,fct_ev_charging,zone=FR;local_year=2019;season=year,smart_savings_share * 100,.1f,,2
control-room/06 Findings/Q4-3 Overnight charging is losing its edge.md,| FR | 43.2% | 45.3% | 46.9% | 71.7% |,fct_ev_charging,zone=FR;local_year=2025;season=year,overnight_savings_share * 100,.1f,,3
control-room/06 Findings/Q4-3 Overnight charging is losing its edge.md,| FR | 43.2% | 45.3% | 46.9% | 71.7% |,fct_ev_charging,zone=FR;local_year=2025;season=year,smart_savings_share * 100,.1f,,4
control-room/06 Findings/Q4-3 Overnight charging is losing its edge.md,| IT_NORD | 34.8% | 36.6% | 26.3% | 39.1% |,fct_ev_charging,zone=IT_NORD;local_year=2019;season=year,overnight_savings_share * 100,.1f,,1
control-room/06 Findings/Q4-3 Overnight charging is losing its edge.md,| IT_NORD | 34.8% | 36.6% | 26.3% | 39.1% |,fct_ev_charging,zone=IT_NORD;local_year=2019;season=year,smart_savings_share * 100,.1f,,2
control-room/06 Findings/Q4-3 Overnight charging is losing its edge.md,| IT_NORD | 34.8% | 36.6% | 26.3% | 39.1% |,fct_ev_charging,zone=IT_NORD;local_year=2025;season=year,overnight_savings_share * 100,.1f,,3
control-room/06 Findings/Q4-3 Overnight charging is losing its edge.md,| IT_NORD | 34.8% | 36.6% | 26.3% | 39.1% |,fct_ev_charging,zone=IT_NORD;local_year=2025;season=year,smart_savings_share * 100,.1f,,4
control-room/06 Findings/Q4-3 Overnight charging is losing its edge.md,| NL | 36.8% | 38.4% | 38.9% | 73.7% |,fct_ev_charging,zone=NL;local_year=2019;season=year,overnight_savings_share * 100,.1f,,1
control-room/06 Findings/Q4-3 Overnight charging is losing its edge.md,| NL | 36.8% | 38.4% | 38.9% | 73.7% |,fct_ev_charging,zone=NL;local_year=2019;season=year,smart_savings_share * 100,.1f,,2
control-room/06 Findings/Q4-3 Overnight charging is losing its edge.md,| NL | 36.8% | 38.4% | 38.9% | 73.7% |,fct_ev_charging,zone=NL;local_year=2025;season=year,overnight_savings_share * 100,.1f,,3
control-room/06 Findings/Q4-3 Overnight charging is losing its edge.md,| NL | 36.8% | 38.4% | 38.9% | 73.7% |,fct_ev_charging,zone=NL;local_year=2025;season=year,smart_savings_share * 100,.1f,,4
control-room/06 Findings/Q4-3 Overnight charging is losing its edge.md,| PL* | 29.6% | 29.6% | 40.5% | 67.2% |,fct_ev_charging,zone=PL;local_year=2020;season=year,overnight_savings_share * 100,.1f,,1
control-room/06 Findings/Q4-3 Overnight charging is losing its edge.md,| PL* | 29.6% | 29.6% | 40.5% | 67.2% |,fct_ev_charging,zone=PL;local_year=2020;season=year,overnight_savings_share * 100,.1f,,2
control-room/06 Findings/Q4-3 Overnight charging is losing its edge.md,| PL* | 29.6% | 29.6% | 40.5% | 67.2% |,fct_ev_charging,zone=PL;local_year=2025;season=year,overnight_savings_share * 100,.1f,,3
control-room/06 Findings/Q4-3 Overnight charging is losing its edge.md,| PL* | 29.6% | 29.6% | 40.5% | 67.2% |,fct_ev_charging,zone=PL;local_year=2025;season=year,smart_savings_share * 100,.1f,,4
control-room/06 Findings/Q4-3 Overnight charging is losing its edge.md,| PT | 22.3% | 24.0% | 33.7% | 72.4% |,fct_ev_charging,zone=PT;local_year=2019;season=year,overnight_savings_share * 100,.1f,,1
control-room/06 Findings/Q4-3 Overnight charging is losing its edge.md,| PT | 22.3% | 24.0% | 33.7% | 72.4% |,fct_ev_charging,zone=PT;local_year=2019;season=year,smart_savings_share * 100,.1f,,2
control-room/06 Findings/Q4-3 Overnight charging is losing its edge.md,| PT | 22.3% | 24.0% | 33.7% | 72.4% |,fct_ev_charging,zone=PT;local_year=2025;season=year,overnight_savings_share * 100,.1f,,3
control-room/06 Findings/Q4-3 Overnight charging is losing its edge.md,| PT | 22.3% | 24.0% | 33.7% | 72.4% |,fct_ev_charging,zone=PT;local_year=2025;season=year,smart_savings_share * 100,.1f,,4
control-room/06 Findings/Q4-3 Overnight charging is losing its edge.md,| BE | 33.3% | 78.7% | 26.9% | 74.5% |,fct_ytd_comparison,zone=BE;local_year=2025,ev_overnight_saving_share * 100,.1f,,1
control-room/06 Findings/Q4-3 Overnight charging is losing its edge.md,| BE | 33.3% | 78.7% | 26.9% | 74.5% |,fct_ytd_comparison,zone=BE;local_year=2025,ev_smart_saving_share * 100,.1f,,2
control-room/06 Findings/Q4-3 Overnight charging is losing its edge.md,| BE | 33.3% | 78.7% | 26.9% | 74.5% |,fct_ytd_comparison,zone=BE;local_year=2026,ev_overnight_saving_share * 100,.1f,,3
control-room/06 Findings/Q4-3 Overnight charging is losing its edge.md,| BE | 33.3% | 78.7% | 26.9% | 74.5% |,fct_ytd_comparison,zone=BE;local_year=2026,ev_smart_saving_share * 100,.1f,,4
control-room/06 Findings/Q4-3 Overnight charging is losing its edge.md,| DE_LU | 35.8% | 78.2% | 27.0% | 79.0% |,fct_ytd_comparison,zone=DE_LU;local_year=2025,ev_overnight_saving_share * 100,.1f,,1
control-room/06 Findings/Q4-3 Overnight charging is losing its edge.md,| DE_LU | 35.8% | 78.2% | 27.0% | 79.0% |,fct_ytd_comparison,zone=DE_LU;local_year=2025,ev_smart_saving_share * 100,.1f,,2
control-room/06 Findings/Q4-3 Overnight charging is losing its edge.md,| DE_LU | 35.8% | 78.2% | 27.0% | 79.0% |,fct_ytd_comparison,zone=DE_LU;local_year=2026,ev_overnight_saving_share * 100,.1f,,3
control-room/06 Findings/Q4-3 Overnight charging is losing its edge.md,| DE_LU | 35.8% | 78.2% | 27.0% | 79.0% |,fct_ytd_comparison,zone=DE_LU;local_year=2026,ev_smart_saving_share * 100,.1f,,4
control-room/06 Findings/Q4-3 Overnight charging is losing its edge.md,| ES | 4.1% | 67.1% | −34.9% | 77.5% |,fct_ytd_comparison,zone=ES;local_year=2025,ev_overnight_saving_share * 100,.1f,,1
control-room/06 Findings/Q4-3 Overnight charging is losing its edge.md,| ES | 4.1% | 67.1% | −34.9% | 77.5% |,fct_ytd_comparison,zone=ES;local_year=2025,ev_smart_saving_share * 100,.1f,,2
control-room/06 Findings/Q4-3 Overnight charging is losing its edge.md,| ES | 4.1% | 67.1% | −34.9% | 77.5% |,fct_ytd_comparison,zone=ES;local_year=2026,ev_overnight_saving_share * 100,.1f,,3
control-room/06 Findings/Q4-3 Overnight charging is losing its edge.md,| ES | 4.1% | 67.1% | −34.9% | 77.5% |,fct_ytd_comparison,zone=ES;local_year=2026,ev_smart_saving_share * 100,.1f,,4
control-room/06 Findings/Q4-3 Overnight charging is losing its edge.md,| FR | 42.0% | 73.6% | 29.8% | 82.6% |,fct_ytd_comparison,zone=FR;local_year=2025,ev_overnight_saving_share * 100,.1f,,1
control-room/06 Findings/Q4-3 Overnight charging is losing its edge.md,| FR | 42.0% | 73.6% | 29.8% | 82.6% |,fct_ytd_comparison,zone=FR;local_year=2025,ev_smart_saving_share * 100,.1f,,2
control-room/06 Findings/Q4-3 Overnight charging is losing its edge.md,| FR | 42.0% | 73.6% | 29.8% | 82.6% |,fct_ytd_comparison,zone=FR;local_year=2026,ev_overnight_saving_share * 100,.1f,,3
control-room/06 Findings/Q4-3 Overnight charging is losing its edge.md,| FR | 42.0% | 73.6% | 29.8% | 82.6% |,fct_ytd_comparison,zone=FR;local_year=2026,ev_smart_saving_share * 100,.1f,,4
control-room/06 Findings/Q4-3 Overnight charging is losing its edge.md,| IT_NORD | 24.9% | 40.5% | 21.2% | 42.0% |,fct_ytd_comparison,zone=IT_NORD;local_year=2025,ev_overnight_saving_share * 100,.1f,,1
control-room/06 Findings/Q4-3 Overnight charging is losing its edge.md,| IT_NORD | 24.9% | 40.5% | 21.2% | 42.0% |,fct_ytd_comparison,zone=IT_NORD;local_year=2025,ev_smart_saving_share * 100,.1f,,2
control-room/06 Findings/Q4-3 Overnight charging is losing its edge.md,| IT_NORD | 24.9% | 40.5% | 21.2% | 42.0% |,fct_ytd_comparison,zone=IT_NORD;local_year=2026,ev_overnight_saving_share * 100,.1f,,3
control-room/06 Findings/Q4-3 Overnight charging is losing its edge.md,| IT_NORD | 24.9% | 40.5% | 21.2% | 42.0% |,fct_ytd_comparison,zone=IT_NORD;local_year=2026,ev_smart_saving_share * 100,.1f,,4
control-room/06 Findings/Q4-3 Overnight charging is losing its edge.md,| NL | 34.9% | 80.3% | 26.3% | 77.9% |,fct_ytd_comparison,zone=NL;local_year=2025,ev_overnight_saving_share * 100,.1f,,1
control-room/06 Findings/Q4-3 Overnight charging is losing its edge.md,| NL | 34.9% | 80.3% | 26.3% | 77.9% |,fct_ytd_comparison,zone=NL;local_year=2025,ev_smart_saving_share * 100,.1f,,2
control-room/06 Findings/Q4-3 Overnight charging is losing its edge.md,| NL | 34.9% | 80.3% | 26.3% | 77.9% |,fct_ytd_comparison,zone=NL;local_year=2026,ev_overnight_saving_share * 100,.1f,,3
control-room/06 Findings/Q4-3 Overnight charging is losing its edge.md,| NL | 34.9% | 80.3% | 26.3% | 77.9% |,fct_ytd_comparison,zone=NL;local_year=2026,ev_smart_saving_share * 100,.1f,,4
control-room/06 Findings/Q4-3 Overnight charging is losing its edge.md,| PL | 39.3% | 73.3% | 33.9% | 77.2% |,fct_ytd_comparison,zone=PL;local_year=2025,ev_overnight_saving_share * 100,.1f,,1
control-room/06 Findings/Q4-3 Overnight charging is losing its edge.md,| PL | 39.3% | 73.3% | 33.9% | 77.2% |,fct_ytd_comparison,zone=PL;local_year=2025,ev_smart_saving_share * 100,.1f,,2
control-room/06 Findings/Q4-3 Overnight charging is losing its edge.md,| PL | 39.3% | 73.3% | 33.9% | 77.2% |,fct_ytd_comparison,zone=PL;local_year=2026,ev_overnight_saving_share * 100,.1f,,3
control-room/06 Findings/Q4-3 Overnight charging is losing its edge.md,| PL | 39.3% | 73.3% | 33.9% | 77.2% |,fct_ytd_comparison,zone=PL;local_year=2026,ev_smart_saving_share * 100,.1f,,4
control-room/06 Findings/Q4-3 Overnight charging is losing its edge.md,| PT | 29.0% | 73.5% | 10.3% | 83.3% |,fct_ytd_comparison,zone=PT;local_year=2025,ev_overnight_saving_share * 100,.1f,,1
control-room/06 Findings/Q4-3 Overnight charging is losing its edge.md,| PT | 29.0% | 73.5% | 10.3% | 83.3% |,fct_ytd_comparison,zone=PT;local_year=2025,ev_smart_saving_share * 100,.1f,,2
control-room/06 Findings/Q4-3 Overnight charging is losing its edge.md,| PT | 29.0% | 73.5% | 10.3% | 83.3% |,fct_ytd_comparison,zone=PT;local_year=2026,ev_overnight_saving_share * 100,.1f,,3
control-room/06 Findings/Q4-3 Overnight charging is losing its edge.md,| PT | 29.0% | 73.5% | 10.3% | 83.3% |,fct_ytd_comparison,zone=PT;local_year=2026,ev_smart_saving_share * 100,.1f,,4
control-room/06 Findings/Q4-3 Overnight charging is losing its edge.md,"- Spain, summer 2025: overnight cost 52.8% more than 18:00 (Portugal 2.7% more). In Iberia the 18:00 block still catches the end of the solar trough in summer, while nights are priced higher.",fct_ev_charging,zone=ES;local_year=2025;season=summer,-overnight_savings_share * 100,.1f,,2
control-room/06 Findings/Q4-3 Overnight charging is losing its edge.md,"- Spain, summer 2025: overnight cost 52.8% more than 18:00 (Portugal 2.7% more). In Iberia the 18:00 block still catches the end of the solar trough in summer, while nights are priced higher.",fct_ev_charging,zone=PT;local_year=2025;season=summer,-overnight_savings_share * 100,.1f,,5
control-room/06 Findings/Q4-3 Overnight charging is losing its edge.md,"- 2026 is only compared with the same window of 2025 (275 days each). Both windows hold most of the spring and summer, when nights compare worst, so they are not comparable with full years.",fct_ytd_comparison,zone=ES;local_year=2026,ev_days,.0f,,3
